ref_date,geo,fuel_type,vehicle_type,number_of_vehicles,year,month
2017-01-01,CAN,All fuel types,"Total, vehicle type",425043,2017,1
2017-01-01,CAN,All fuel types,Passenger cars,130741,2017,1
2017-01-01,CAN,All fuel types,Pickup trucks,89797,2017,1
2017-01-01,CAN,All fuel types,Multi-purpose vehicles,176937,2017,1
2017-01-01,CAN,All fuel types,Vans,27568,2017,1
2017-01-01,CAN,Gas,"Total, vehicle type",403087,2017,1
2017-01-01,CAN,Gas,Passenger cars,125547,2017,1
2017-01-01,CAN,Gas,Pickup trucks,78414,2017,1
2017-01-01,CAN,Gas,Multi-purpose vehicles,173243,2017,1
2017-01-01,CAN,Gas,Vans,25883,2017,1
2017-01-01,CAN,Diesel,"Total, vehicle type",14283,2017,1
2017-01-01,CAN,Diesel,Passenger cars,264,2017,1
2017-01-01,CAN,Diesel,Pickup trucks,11383,2017,1
2017-01-01,CAN,Diesel,Multi-purpose vehicles,973,2017,1
2017-01-01,CAN,Diesel,Vans,1663,2017,1
2017-01-01,CAN,All zero-emission vehicles,"Total, vehicle type",3488,2017,1
2017-01-01,CAN,All zero-emission vehicles,Passenger cars,2689,2017,1
2017-01-01,CAN,All zero-emission vehicles,Pickup trucks,0,2017,1
2017-01-01,CAN,All zero-emission vehicles,Multi-purpose vehicles,777,2017,1
2017-01-01,CAN,All zero-emission vehicles,Vans,22,2017,1
2017-01-01,CAN,Electric,"Total, vehicle type",1664,2017,1
2017-01-01,CAN,Electric,Passenger cars,1133,2017,1
2017-01-01,CAN,Electric,Pickup trucks,0,2017,1
2017-01-01,CAN,Electric,Multi-purpose vehicles,531,2017,1
2017-01-01,CAN,Electric,Vans,0,2017,1
2017-01-01,CAN,Hybrid Electric,"Total, vehicle type",1824,2017,1
2017-01-01,CAN,Hybrid Electric,Passenger cars,1556,2017,1
2017-01-01,CAN,Hybrid Electric,Pickup trucks,0,2017,1
2017-01-01,CAN,Hybrid Electric,Multi-purpose vehicles,246,2017,1
2017-01-01,CAN,Hybrid Electric,Vans,22,2017,1
2017-01-01,CAN,Hybrid Electric,"Total, vehicle type",4185,2017,1
2017-01-01,CAN,Hybrid Electric,Passenger cars,2241,2017,1
2017-01-01,CAN,Hybrid Electric,Pickup trucks,0,2017,1
2017-01-01,CAN,Hybrid Electric,Multi-purpose vehicles,1944,2017,1
2017-01-01,CAN,Hybrid Electric,Vans,0,2017,1
2017-01-01,CAN,Other,"Total, vehicle type",0,2017,1
2017-01-01,CAN,Other,Passenger cars,0,2017,1
2017-01-01,CAN,Other,Pickup trucks,0,2017,1
2017-01-01,CAN,Other,Multi-purpose vehicles,0,2017,1
2017-01-01,CAN,Other,Vans,0,2017,1
2017-01-01,PEI,All fuel types,"Total, vehicle type",1533,2017,1
2017-01-01,PEI,All fuel types,Passenger cars,428,2017,1
2017-01-01,PEI,All fuel types,Pickup trucks,371,2017,1
2017-01-01,PEI,All fuel types,Multi-purpose vehicles,672,2017,1
2017-01-01,PEI,All fuel types,Vans,62,2017,1
2017-01-01,PEI,Gas,"Total, vehicle type",1495,2017,1
2017-01-01,PEI,Gas,Passenger cars,422,2017,1
2017-01-01,PEI,Gas,Pickup trucks,346,2017,1
2017-01-01,PEI,Gas,Multi-purpose vehicles,666,2017,1
2017-01-01,PEI,Gas,Vans,61,2017,1
2017-01-01,PEI,Diesel,"Total, vehicle type",27,2017,1
2017-01-01,PEI,Diesel,Passenger cars,0,2017,1
2017-01-01,PEI,Diesel,Pickup trucks,25,2017,1
2017-01-01,PEI,Diesel,Multi-purpose vehicles,1,2017,1
2017-01-01,PEI,Diesel,Vans,1,2017,1
2017-01-01,PEI,All zero-emission vehicles,"Total, vehicle type",0,2017,1
2017-01-01,PEI,All zero-emission vehicles,Passenger cars,0,2017,1
2017-01-01,PEI,All zero-emission vehicles,Pickup trucks,0,2017,1
2017-01-01,PEI,All zero-emission vehicles,Multi-purpose vehicles,0,2017,1
2017-01-01,PEI,All zero-emission vehicles,Vans,0,2017,1
2017-01-01,PEI,Electric,"Total, vehicle type",0,2017,1
2017-01-01,PEI,Electric,Passenger cars,0,2017,1
2017-01-01,PEI,Electric,Pickup trucks,0,2017,1
2017-01-01,PEI,Electric,Multi-purpose vehicles,0,2017,1
2017-01-01,PEI,Electric,Vans,0,2017,1
2017-01-01,PEI,Hybrid Electric,"Total, vehicle type",0,2017,1
2017-01-01,PEI,Hybrid Electric,Passenger cars,0,2017,1
2017-01-01,PEI,Hybrid Electric,Pickup trucks,0,2017,1
2017-01-01,PEI,Hybrid Electric,Multi-purpose vehicles,0,2017,1
2017-01-01,PEI,Hybrid Electric,Vans,0,2017,1
2017-01-01,PEI,Hybrid Electric,"Total, vehicle type",11,2017,1
2017-01-01,PEI,Hybrid Electric,Passenger cars,6,2017,1
2017-01-01,PEI,Hybrid Electric,Pickup trucks,0,2017,1
2017-01-01,PEI,Hybrid Electric,Multi-purpose vehicles,5,2017,1
2017-01-01,PEI,Hybrid Electric,Vans,0,2017,1
2017-01-01,PEI,Other,"Total, vehicle type",0,2017,1
2017-01-01,PEI,Other,Passenger cars,0,2017,1
2017-01-01,PEI,Other,Pickup trucks,0,2017,1
2017-01-01,PEI,Other,Multi-purpose vehicles,0,2017,1
2017-01-01,PEI,Other,Vans,0,2017,1
2017-01-01,NB,All fuel types,"Total, vehicle type",8439,2017,1
2017-01-01,NB,All fuel types,Passenger cars,2393,2017,1
2017-01-01,NB,All fuel types,Pickup trucks,2253,2017,1
2017-01-01,NB,All fuel types,Multi-purpose vehicles,3419,2017,1
2017-01-01,NB,All fuel types,Vans,374,2017,1
2017-01-01,NB,Gas,"Total, vehicle type",8206,2017,1
2017-01-01,NB,Gas,Passenger cars,2368,2017,1
2017-01-01,NB,Gas,Pickup trucks,2082,2017,1
2017-01-01,NB,Gas,Multi-purpose vehicles,3389,2017,1
2017-01-01,NB,Gas,Vans,367,2017,1
2017-01-01,NB,Diesel,"Total, vehicle type",182,2017,1
2017-01-01,NB,Diesel,Passenger cars,3,2017,1
2017-01-01,NB,Diesel,Pickup trucks,171,2017,1
2017-01-01,NB,Diesel,Multi-purpose vehicles,3,2017,1
2017-01-01,NB,Diesel,Vans,5,2017,1
2017-01-01,NB,All zero-emission vehicles,"Total, vehicle type",5,2017,1
2017-01-01,NB,All zero-emission vehicles,Passenger cars,1,2017,1
2017-01-01,NB,All zero-emission vehicles,Pickup trucks,0,2017,1
2017-01-01,NB,All zero-emission vehicles,Multi-purpose vehicles,2,2017,1
2017-01-01,NB,All zero-emission vehicles,Vans,2,2017,1
2017-01-01,NB,Electric,"Total, vehicle type",1,2017,1
2017-01-01,NB,Electric,Passenger cars,0,2017,1
2017-01-01,NB,Electric,Pickup trucks,0,2017,1
2017-01-01,NB,Electric,Multi-purpose vehicles,1,2017,1
2017-01-01,NB,Electric,Vans,0,2017,1
2017-01-01,NB,Hybrid Electric,"Total, vehicle type",4,2017,1
2017-01-01,NB,Hybrid Electric,Passenger cars,1,2017,1
2017-01-01,NB,Hybrid Electric,Pickup trucks,0,2017,1
2017-01-01,NB,Hybrid Electric,Multi-purpose vehicles,1,2017,1
2017-01-01,NB,Hybrid Electric,Vans,2,2017,1
2017-01-01,NB,Hybrid Electric,"Total, vehicle type",46,2017,1
2017-01-01,NB,Hybrid Electric,Passenger cars,21,2017,1
2017-01-01,NB,Hybrid Electric,Pickup trucks,0,2017,1
2017-01-01,NB,Hybrid Electric,Multi-purpose vehicles,25,2017,1
2017-01-01,NB,Hybrid Electric,Vans,0,2017,1
2017-01-01,NB,Other,"Total, vehicle type",0,2017,1
2017-01-01,NB,Other,Passenger cars,0,2017,1
2017-01-01,NB,Other,Pickup trucks,0,2017,1
2017-01-01,NB,Other,Multi-purpose vehicles,0,2017,1
2017-01-01,NB,Other,Vans,0,2017,1
2017-01-01,QUE,All fuel types,"Total, vehicle type",90897,2017,1
2017-01-01,QUE,All fuel types,Passenger cars,35319,2017,1
2017-01-01,QUE,All fuel types,Pickup trucks,13900,2017,1
2017-01-01,QUE,All fuel types,Multi-purpose vehicles,36622,2017,1
2017-01-01,QUE,All fuel types,Vans,5056,2017,1
2017-01-01,QUE,Gas,"Total, vehicle type",86725,2017,1
2017-01-01,QUE,Gas,Passenger cars,33703,2017,1
2017-01-01,QUE,Gas,Pickup trucks,12488,2017,1
2017-01-01,QUE,Gas,Multi-purpose vehicles,35871,2017,1
2017-01-01,QUE,Gas,Vans,4663,2017,1
2017-01-01,QUE,Diesel,"Total, vehicle type",1972,2017,1
2017-01-01,QUE,Diesel,Passenger cars,43,2017,1
2017-01-01,QUE,Diesel,Pickup trucks,1412,2017,1
2017-01-01,QUE,Diesel,Multi-purpose vehicles,128,2017,1
2017-01-01,QUE,Diesel,Vans,389,2017,1
2017-01-01,QUE,All zero-emission vehicles,"Total, vehicle type",1247,2017,1
2017-01-01,QUE,All zero-emission vehicles,Passenger cars,1029,2017,1
2017-01-01,QUE,All zero-emission vehicles,Pickup trucks,0,2017,1
2017-01-01,QUE,All zero-emission vehicles,Multi-purpose vehicles,214,2017,1
2017-01-01,QUE,All zero-emission vehicles,Vans,4,2017,1
2017-01-01,QUE,Electric,"Total, vehicle type",602,2017,1
2017-01-01,QUE,Electric,Passenger cars,443,2017,1
2017-01-01,QUE,Electric,Pickup trucks,0,2017,1
2017-01-01,QUE,Electric,Multi-purpose vehicles,159,2017,1
2017-01-01,QUE,Electric,Vans,0,2017,1
2017-01-01,QUE,Hybrid Electric,"Total, vehicle type",645,2017,1
2017-01-01,QUE,Hybrid Electric,Passenger cars,586,2017,1
2017-01-01,QUE,Hybrid Electric,Pickup trucks,0,2017,1
2017-01-01,QUE,Hybrid Electric,Multi-purpose vehicles,55,2017,1
2017-01-01,QUE,Hybrid Electric,Vans,4,2017,1
2017-01-01,QUE,Hybrid Electric,"Total, vehicle type",953,2017,1
2017-01-01,QUE,Hybrid Electric,Passenger cars,544,2017,1
2017-01-01,QUE,Hybrid Electric,Pickup trucks,0,2017,1
2017-01-01,QUE,Hybrid Electric,Multi-purpose vehicles,409,2017,1
2017-01-01,QUE,Hybrid Electric,Vans,0,2017,1
2017-01-01,QUE,Other,"Total, vehicle type",0,2017,1
2017-01-01,QUE,Other,Passenger cars,0,2017,1
2017-01-01,QUE,Other,Pickup trucks,0,2017,1
2017-01-01,QUE,Other,Multi-purpose vehicles,0,2017,1
2017-01-01,QUE,Other,Vans,0,2017,1
2017-01-01,ON,All fuel types,"Total, vehicle type",168231,2017,1
2017-01-01,ON,All fuel types,Passenger cars,53466,2017,1
2017-01-01,ON,All fuel types,Pickup trucks,31137,2017,1
2017-01-01,ON,All fuel types,Multi-purpose vehicles,70807,2017,1
2017-01-01,ON,All fuel types,Vans,12821,2017,1
2017-01-01,ON,Gas,"Total, vehicle type",161414,2017,1
2017-01-01,ON,Gas,Passenger cars,51383,2017,1
2017-01-01,ON,Gas,Pickup trucks,28548,2017,1
2017-01-01,ON,Gas,Multi-purpose vehicles,69369,2017,1
2017-01-01,ON,Gas,Vans,12114,2017,1
2017-01-01,ON,Diesel,"Total, vehicle type",3865,2017,1
2017-01-01,ON,Diesel,Passenger cars,124,2017,1
2017-01-01,ON,Diesel,Pickup trucks,2589,2017,1
2017-01-01,ON,Diesel,Multi-purpose vehicles,454,2017,1
2017-01-01,ON,Diesel,Vans,698,2017,1
2017-01-01,ON,All zero-emission vehicles,"Total, vehicle type",1319,2017,1
2017-01-01,ON,All zero-emission vehicles,Passenger cars,1041,2017,1
2017-01-01,ON,All zero-emission vehicles,Pickup trucks,0,2017,1
2017-01-01,ON,All zero-emission vehicles,Multi-purpose vehicles,269,2017,1
2017-01-01,ON,All zero-emission vehicles,Vans,9,2017,1
2017-01-01,ON,Electric,"Total, vehicle type",595,2017,1
2017-01-01,ON,Electric,Passenger cars,414,2017,1
2017-01-01,ON,Electric,Pickup trucks,0,2017,1
2017-01-01,ON,Electric,Multi-purpose vehicles,181,2017,1
2017-01-01,ON,Electric,Vans,0,2017,1
2017-01-01,ON,Hybrid Electric,"Total, vehicle type",724,2017,1
2017-01-01,ON,Hybrid Electric,Passenger cars,627,2017,1
2017-01-01,ON,Hybrid Electric,Pickup trucks,0,2017,1
2017-01-01,ON,Hybrid Electric,Multi-purpose vehicles,88,2017,1
2017-01-01,ON,Hybrid Electric,Vans,9,2017,1
2017-01-01,ON,Hybrid Electric,"Total, vehicle type",1633,2017,1
2017-01-01,ON,Hybrid Electric,Passenger cars,918,2017,1
2017-01-01,ON,Hybrid Electric,Pickup trucks,0,2017,1
2017-01-01,ON,Hybrid Electric,Multi-purpose vehicles,715,2017,1
2017-01-01,ON,Hybrid Electric,Vans,0,2017,1
2017-01-01,ON,Other,"Total, vehicle type",0,2017,1
2017-01-01,ON,Other,Passenger cars,0,2017,1
2017-01-01,ON,Other,Pickup trucks,0,2017,1
2017-01-01,ON,Other,Multi-purpose vehicles,0,2017,1
2017-01-01,ON,Other,Vans,0,2017,1
2017-01-01,MB,All fuel types,"Total, vehicle type",12642,2017,1
2017-01-01,MB,All fuel types,Passenger cars,2934,2017,1
2017-01-01,MB,All fuel types,Pickup trucks,3426,2017,1
2017-01-01,MB,All fuel types,Multi-purpose vehicles,5493,2017,1
2017-01-01,MB,All fuel types,Vans,789,2017,1
2017-01-01,MB,Gas,"Total, vehicle type",12251,2017,1
2017-01-01,MB,Gas,Passenger cars,2888,2017,1
2017-01-01,MB,Gas,Pickup trucks,3160,2017,1
2017-01-01,MB,Gas,Multi-purpose vehicles,5452,2017,1
2017-01-01,MB,Gas,Vans,751,2017,1
2017-01-01,MB,Diesel,"Total, vehicle type",314,2017,1
2017-01-01,MB,Diesel,Passenger cars,6,2017,1
2017-01-01,MB,Diesel,Pickup trucks,266,2017,1
2017-01-01,MB,Diesel,Multi-purpose vehicles,5,2017,1
2017-01-01,MB,Diesel,Vans,37,2017,1
2017-01-01,MB,All zero-emission vehicles,"Total, vehicle type",10,2017,1
2017-01-01,MB,All zero-emission vehicles,Passenger cars,9,2017,1
2017-01-01,MB,All zero-emission vehicles,Pickup trucks,0,2017,1
2017-01-01,MB,All zero-emission vehicles,Multi-purpose vehicles,0,2017,1
2017-01-01,MB,All zero-emission vehicles,Vans,1,2017,1
2017-01-01,MB,Electric,"Total, vehicle type",5,2017,1
2017-01-01,MB,Electric,Passenger cars,5,2017,1
2017-01-01,MB,Electric,Pickup trucks,0,2017,1
2017-01-01,MB,Electric,Multi-purpose vehicles,0,2017,1
2017-01-01,MB,Electric,Vans,0,2017,1
2017-01-01,MB,Hybrid Electric,"Total, vehicle type",5,2017,1
2017-01-01,MB,Hybrid Electric,Passenger cars,4,2017,1
2017-01-01,MB,Hybrid Electric,Pickup trucks,0,2017,1
2017-01-01,MB,Hybrid Electric,Multi-purpose vehicles,0,2017,1
2017-01-01,MB,Hybrid Electric,Vans,1,2017,1
2017-01-01,MB,Hybrid Electric,"Total, vehicle type",67,2017,1
2017-01-01,MB,Hybrid Electric,Passenger cars,31,2017,1
2017-01-01,MB,Hybrid Electric,Pickup trucks,0,2017,1
2017-01-01,MB,Hybrid Electric,Multi-purpose vehicles,36,2017,1
2017-01-01,MB,Hybrid Electric,Vans,0,2017,1
2017-01-01,MB,Other,"Total, vehicle type",0,2017,1
2017-01-01,MB,Other,Passenger cars,0,2017,1
2017-01-01,MB,Other,Pickup trucks,0,2017,1
2017-01-01,MB,Other,Multi-purpose vehicles,0,2017,1
2017-01-01,MB,Other,Vans,0,2017,1
2017-01-01,SAS,All fuel types,"Total, vehicle type",12939,2017,1
2017-01-01,SAS,All fuel types,Passenger cars,1942,2017,1
2017-01-01,SAS,All fuel types,Pickup trucks,5018,2017,1
2017-01-01,SAS,All fuel types,Multi-purpose vehicles,5288,2017,1
2017-01-01,SAS,All fuel types,Vans,691,2017,1
2017-01-01,SAS,Gas,"Total, vehicle type",11984,2017,1
2017-01-01,SAS,Gas,Passenger cars,1880,2017,1
2017-01-01,SAS,Gas,Pickup trucks,4179,2017,1
2017-01-01,SAS,Gas,Multi-purpose vehicles,5250,2017,1
2017-01-01,SAS,Gas,Vans,675,2017,1
2017-01-01,SAS,Diesel,"Total, vehicle type",876,2017,1
2017-01-01,SAS,Diesel,Passenger cars,5,2017,1
2017-01-01,SAS,Diesel,Pickup trucks,839,2017,1
2017-01-01,SAS,Diesel,Multi-purpose vehicles,17,2017,1
2017-01-01,SAS,Diesel,Vans,15,2017,1
2017-01-01,SAS,All zero-emission vehicles,"Total, vehicle type",8,2017,1
2017-01-01,SAS,All zero-emission vehicles,Passenger cars,4,2017,1
2017-01-01,SAS,All zero-emission vehicles,Pickup trucks,0,2017,1
2017-01-01,SAS,All zero-emission vehicles,Multi-purpose vehicles,3,2017,1
2017-01-01,SAS,All zero-emission vehicles,Vans,1,2017,1
2017-01-01,SAS,Electric,"Total, vehicle type",2,2017,1
2017-01-01,SAS,Electric,Passenger cars,2,2017,1
2017-01-01,SAS,Electric,Pickup trucks,0,2017,1
2017-01-01,SAS,Electric,Multi-purpose vehicles,0,2017,1
2017-01-01,SAS,Electric,Vans,0,2017,1
2017-01-01,SAS,Hybrid Electric,"Total, vehicle type",6,2017,1
2017-01-01,SAS,Hybrid Electric,Passenger cars,2,2017,1
2017-01-01,SAS,Hybrid Electric,Pickup trucks,0,2017,1
2017-01-01,SAS,Hybrid Electric,Multi-purpose vehicles,3,2017,1
2017-01-01,SAS,Hybrid Electric,Vans,1,2017,1
2017-01-01,SAS,Hybrid Electric,"Total, vehicle type",71,2017,1
2017-01-01,SAS,Hybrid Electric,Passenger cars,53,2017,1
2017-01-01,SAS,Hybrid Electric,Pickup trucks,0,2017,1
2017-01-01,SAS,Hybrid Electric,Multi-purpose vehicles,18,2017,1
2017-01-01,SAS,Hybrid Electric,Vans,0,2017,1
2017-01-01,SAS,Other,"Total, vehicle type",0,2017,1
2017-01-01,SAS,Other,Passenger cars,0,2017,1
2017-01-01,SAS,Other,Pickup trucks,0,2017,1
2017-01-01,SAS,Other,Multi-purpose vehicles,0,2017,1
2017-01-01,SAS,Other,Vans,0,2017,1
2017-01-01,BC,All fuel types,"Total, vehicle type",58219,2017,1
2017-01-01,BC,All fuel types,Passenger cars,18120,2017,1
2017-01-01,BC,All fuel types,Pickup trucks,11217,2017,1
2017-01-01,BC,All fuel types,Multi-purpose vehicles,25361,2017,1
2017-01-01,BC,All fuel types,Vans,3521,2017,1
2017-01-01,BC,Gas,"Total, vehicle type",53536,2017,1
2017-01-01,BC,Gas,Passenger cars,17038,2017,1
2017-01-01,BC,Gas,Pickup trucks,8992,2017,1
2017-01-01,BC,Gas,Multi-purpose vehicles,24358,2017,1
2017-01-01,BC,Gas,Vans,3148,2017,1
2017-01-01,BC,Diesel,"Total, vehicle type",2924,2017,1
2017-01-01,BC,Diesel,Passenger cars,56,2017,1
2017-01-01,BC,Diesel,Pickup trucks,2225,2017,1
2017-01-01,BC,Diesel,Multi-purpose vehicles,274,2017,1
2017-01-01,BC,Diesel,Vans,369,2017,1
2017-01-01,BC,All zero-emission vehicles,"Total, vehicle type",788,2017,1
2017-01-01,BC,All zero-emission vehicles,Passenger cars,555,2017,1
2017-01-01,BC,All zero-emission vehicles,Pickup trucks,0,2017,1
2017-01-01,BC,All zero-emission vehicles,Multi-purpose vehicles,229,2017,1
2017-01-01,BC,All zero-emission vehicles,Vans,4,2017,1
2017-01-01,BC,Electric,"Total, vehicle type",413,2017,1
2017-01-01,BC,Electric,Passenger cars,251,2017,1
2017-01-01,BC,Electric,Pickup trucks,0,2017,1
2017-01-01,BC,Electric,Multi-purpose vehicles,162,2017,1
2017-01-01,BC,Electric,Vans,0,2017,1
2017-01-01,BC,Hybrid Electric,"Total, vehicle type",375,2017,1
2017-01-01,BC,Hybrid Electric,Passenger cars,304,2017,1
2017-01-01,BC,Hybrid Electric,Pickup trucks,0,2017,1
2017-01-01,BC,Hybrid Electric,Multi-purpose vehicles,67,2017,1
2017-01-01,BC,Hybrid Electric,Vans,4,2017,1
2017-01-01,BC,Hybrid Electric,"Total, vehicle type",971,2017,1
2017-01-01,BC,Hybrid Electric,Passenger cars,471,2017,1
2017-01-01,BC,Hybrid Electric,Pickup trucks,0,2017,1
2017-01-01,BC,Hybrid Electric,Multi-purpose vehicles,500,2017,1
2017-01-01,BC,Hybrid Electric,Vans,0,2017,1
2017-01-01,BC,Other,"Total, vehicle type",0,2017,1
2017-01-01,BC,Other,Passenger cars,0,2017,1
2017-01-01,BC,Other,Pickup trucks,0,2017,1
2017-01-01,BC,Other,Multi-purpose vehicles,0,2017,1
2017-01-01,BC,Other,Vans,0,2017,1
2017-04-01,CAN,All fuel types,"Total, vehicle type",611018,2017,4
2017-04-01,CAN,All fuel types,Passenger cars,201261,2017,4
2017-04-01,CAN,All fuel types,Pickup trucks,126442,2017,4
2017-04-01,CAN,All fuel types,Multi-purpose vehicles,242000,2017,4
2017-04-01,CAN,All fuel types,Vans,41315,2017,4
2017-04-01,CAN,Gas,"Total, vehicle type",581151,2017,4
2017-04-01,CAN,Gas,Passenger cars,192729,2017,4
2017-04-01,CAN,Gas,Pickup trucks,111945,2017,4
2017-04-01,CAN,Gas,Multi-purpose vehicles,237095,2017,4
2017-04-01,CAN,Gas,Vans,39382,2017,4
2017-04-01,CAN,Diesel,"Total, vehicle type",17643,2017,4
2017-04-01,CAN,Diesel,Passenger cars,425,2017,4
2017-04-01,CAN,Diesel,Pickup trucks,14497,2017,4
2017-04-01,CAN,Diesel,Multi-purpose vehicles,1022,2017,4
2017-04-01,CAN,Diesel,Vans,1699,2017,4
2017-04-01,CAN,All zero-emission vehicles,"Total, vehicle type",5025,2017,4
2017-04-01,CAN,All zero-emission vehicles,Passenger cars,3918,2017,4
2017-04-01,CAN,All zero-emission vehicles,Pickup trucks,0,2017,4
2017-04-01,CAN,All zero-emission vehicles,Multi-purpose vehicles,873,2017,4
2017-04-01,CAN,All zero-emission vehicles,Vans,234,2017,4
2017-04-01,CAN,Electric,"Total, vehicle type",2195,2017,4
2017-04-01,CAN,Electric,Passenger cars,1651,2017,4
2017-04-01,CAN,Electric,Pickup trucks,0,2017,4
2017-04-01,CAN,Electric,Multi-purpose vehicles,544,2017,4
2017-04-01,CAN,Electric,Vans,0,2017,4
2017-04-01,CAN,Hybrid Electric,"Total, vehicle type",2830,2017,4
2017-04-01,CAN,Hybrid Electric,Passenger cars,2267,2017,4
2017-04-01,CAN,Hybrid Electric,Pickup trucks,0,2017,4
2017-04-01,CAN,Hybrid Electric,Multi-purpose vehicles,329,2017,4
2017-04-01,CAN,Hybrid Electric,Vans,234,2017,4
2017-04-01,CAN,Hybrid Electric,"Total, vehicle type",7199,2017,4
2017-04-01,CAN,Hybrid Electric,Passenger cars,4189,2017,4
2017-04-01,CAN,Hybrid Electric,Pickup trucks,0,2017,4
2017-04-01,CAN,Hybrid Electric,Multi-purpose vehicles,3010,2017,4
2017-04-01,CAN,Hybrid Electric,Vans,0,2017,4
2017-04-01,CAN,Other,"Total, vehicle type",0,2017,4
2017-04-01,CAN,Other,Passenger cars,0,2017,4
2017-04-01,CAN,Other,Pickup trucks,0,2017,4
2017-04-01,CAN,Other,Multi-purpose vehicles,0,2017,4
2017-04-01,CAN,Other,Vans,0,2017,4
2017-04-01,PEI,All fuel types,"Total, vehicle type",2816,2017,4
2017-04-01,PEI,All fuel types,Passenger cars,1092,2017,4
2017-04-01,PEI,All fuel types,Pickup trucks,551,2017,4
2017-04-01,PEI,All fuel types,Multi-purpose vehicles,1029,2017,4
2017-04-01,PEI,All fuel types,Vans,144,2017,4
2017-04-01,PEI,Gas,"Total, vehicle type",2753,2017,4
2017-04-01,PEI,Gas,Passenger cars,1077,2017,4
2017-04-01,PEI,Gas,Pickup trucks,520,2017,4
2017-04-01,PEI,Gas,Multi-purpose vehicles,1015,2017,4
2017-04-01,PEI,Gas,Vans,141,2017,4
2017-04-01,PEI,Diesel,"Total, vehicle type",35,2017,4
2017-04-01,PEI,Diesel,Passenger cars,0,2017,4
2017-04-01,PEI,Diesel,Pickup trucks,31,2017,4
2017-04-01,PEI,Diesel,Multi-purpose vehicles,1,2017,4
2017-04-01,PEI,Diesel,Vans,3,2017,4
2017-04-01,PEI,All zero-emission vehicles,"Total, vehicle type",1,2017,4
2017-04-01,PEI,All zero-emission vehicles,Passenger cars,1,2017,4
2017-04-01,PEI,All zero-emission vehicles,Pickup trucks,0,2017,4
2017-04-01,PEI,All zero-emission vehicles,Multi-purpose vehicles,0,2017,4
2017-04-01,PEI,All zero-emission vehicles,Vans,0,2017,4
2017-04-01,PEI,Electric,"Total, vehicle type",0,2017,4
2017-04-01,PEI,Electric,Passenger cars,0,2017,4
2017-04-01,PEI,Electric,Pickup trucks,0,2017,4
2017-04-01,PEI,Electric,Multi-purpose vehicles,0,2017,4
2017-04-01,PEI,Electric,Vans,0,2017,4
2017-04-01,PEI,Hybrid Electric,"Total, vehicle type",1,2017,4
2017-04-01,PEI,Hybrid Electric,Passenger cars,1,2017,4
2017-04-01,PEI,Hybrid Electric,Pickup trucks,0,2017,4
2017-04-01,PEI,Hybrid Electric,Multi-purpose vehicles,0,2017,4
2017-04-01,PEI,Hybrid Electric,Vans,0,2017,4
2017-04-01,PEI,Hybrid Electric,"Total, vehicle type",27,2017,4
2017-04-01,PEI,Hybrid Electric,Passenger cars,14,2017,4
2017-04-01,PEI,Hybrid Electric,Pickup trucks,0,2017,4
2017-04-01,PEI,Hybrid Electric,Multi-purpose vehicles,13,2017,4
2017-04-01,PEI,Hybrid Electric,Vans,0,2017,4
2017-04-01,PEI,Other,"Total, vehicle type",0,2017,4
2017-04-01,PEI,Other,Passenger cars,0,2017,4
2017-04-01,PEI,Other,Pickup trucks,0,2017,4
2017-04-01,PEI,Other,Multi-purpose vehicles,0,2017,4
2017-04-01,PEI,Other,Vans,0,2017,4
2017-04-01,NB,All fuel types,"Total, vehicle type",14077,2017,4
2017-04-01,NB,All fuel types,Passenger cars,4661,2017,4
2017-04-01,NB,All fuel types,Pickup trucks,3560,2017,4
2017-04-01,NB,All fuel types,Multi-purpose vehicles,5256,2017,4
2017-04-01,NB,All fuel types,Vans,600,2017,4
2017-04-01,NB,Gas,"Total, vehicle type",13721,2017,4
2017-04-01,NB,Gas,Passenger cars,4602,2017,4
2017-04-01,NB,Gas,Pickup trucks,3336,2017,4
2017-04-01,NB,Gas,Multi-purpose vehicles,5200,2017,4
2017-04-01,NB,Gas,Vans,583,2017,4
2017-04-01,NB,Diesel,"Total, vehicle type",250,2017,4
2017-04-01,NB,Diesel,Passenger cars,4,2017,4
2017-04-01,NB,Diesel,Pickup trucks,224,2017,4
2017-04-01,NB,Diesel,Multi-purpose vehicles,5,2017,4
2017-04-01,NB,Diesel,Vans,17,2017,4
2017-04-01,NB,All zero-emission vehicles,"Total, vehicle type",7,2017,4
2017-04-01,NB,All zero-emission vehicles,Passenger cars,3,2017,4
2017-04-01,NB,All zero-emission vehicles,Pickup trucks,0,2017,4
2017-04-01,NB,All zero-emission vehicles,Multi-purpose vehicles,4,2017,4
2017-04-01,NB,All zero-emission vehicles,Vans,0,2017,4
2017-04-01,NB,Electric,"Total, vehicle type",1,2017,4
2017-04-01,NB,Electric,Passenger cars,0,2017,4
2017-04-01,NB,Electric,Pickup trucks,0,2017,4
2017-04-01,NB,Electric,Multi-purpose vehicles,1,2017,4
2017-04-01,NB,Electric,Vans,0,2017,4
2017-04-01,NB,Hybrid Electric,"Total, vehicle type",6,2017,4
2017-04-01,NB,Hybrid Electric,Passenger cars,3,2017,4
2017-04-01,NB,Hybrid Electric,Pickup trucks,0,2017,4
2017-04-01,NB,Hybrid Electric,Multi-purpose vehicles,3,2017,4
2017-04-01,NB,Hybrid Electric,Vans,0,2017,4
2017-04-01,NB,Hybrid Electric,"Total, vehicle type",99,2017,4
2017-04-01,NB,Hybrid Electric,Passenger cars,52,2017,4
2017-04-01,NB,Hybrid Electric,Pickup trucks,0,2017,4
2017-04-01,NB,Hybrid Electric,Multi-purpose vehicles,47,2017,4
2017-04-01,NB,Hybrid Electric,Vans,0,2017,4
2017-04-01,NB,Other,"Total, vehicle type",0,2017,4
2017-04-01,NB,Other,Passenger cars,0,2017,4
2017-04-01,NB,Other,Pickup trucks,0,2017,4
2017-04-01,NB,Other,Multi-purpose vehicles,0,2017,4
2017-04-01,NB,Other,Vans,0,2017,4
2017-04-01,QUE,All fuel types,"Total, vehicle type",148085,2017,4
2017-04-01,QUE,All fuel types,Passenger cars,61204,2017,4
2017-04-01,QUE,All fuel types,Pickup trucks,22170,2017,4
2017-04-01,QUE,All fuel types,Multi-purpose vehicles,55555,2017,4
2017-04-01,QUE,All fuel types,Vans,9156,2017,4
2017-04-01,QUE,Gas,"Total, vehicle type",140831,2017,4
2017-04-01,QUE,Gas,Passenger cars,57921,2017,4
2017-04-01,QUE,Gas,Pickup trucks,19924,2017,4
2017-04-01,QUE,Gas,Multi-purpose vehicles,54364,2017,4
2017-04-01,QUE,Gas,Vans,8622,2017,4
2017-04-01,QUE,Diesel,"Total, vehicle type",2974,2017,4
2017-04-01,QUE,Diesel,Passenger cars,82,2017,4
2017-04-01,QUE,Diesel,Pickup trucks,2246,2017,4
2017-04-01,QUE,Diesel,Multi-purpose vehicles,158,2017,4
2017-04-01,QUE,Diesel,Vans,488,2017,4
2017-04-01,QUE,All zero-emission vehicles,"Total, vehicle type",2029,2017,4
2017-04-01,QUE,All zero-emission vehicles,Passenger cars,1790,2017,4
2017-04-01,QUE,All zero-emission vehicles,Pickup trucks,0,2017,4
2017-04-01,QUE,All zero-emission vehicles,Multi-purpose vehicles,193,2017,4
2017-04-01,QUE,All zero-emission vehicles,Vans,46,2017,4
2017-04-01,QUE,Electric,"Total, vehicle type",831,2017,4
2017-04-01,QUE,Electric,Passenger cars,714,2017,4
2017-04-01,QUE,Electric,Pickup trucks,0,2017,4
2017-04-01,QUE,Electric,Multi-purpose vehicles,117,2017,4
2017-04-01,QUE,Electric,Vans,0,2017,4
2017-04-01,QUE,Hybrid Electric,"Total, vehicle type",1198,2017,4
2017-04-01,QUE,Hybrid Electric,Passenger cars,1076,2017,4
2017-04-01,QUE,Hybrid Electric,Pickup trucks,0,2017,4
2017-04-01,QUE,Hybrid Electric,Multi-purpose vehicles,76,2017,4
2017-04-01,QUE,Hybrid Electric,Vans,46,2017,4
2017-04-01,QUE,Hybrid Electric,"Total, vehicle type",2251,2017,4
2017-04-01,QUE,Hybrid Electric,Passenger cars,1411,2017,4
2017-04-01,QUE,Hybrid Electric,Pickup trucks,0,2017,4
2017-04-01,QUE,Hybrid Electric,Multi-purpose vehicles,840,2017,4
2017-04-01,QUE,Hybrid Electric,Vans,0,2017,4
2017-04-01,QUE,Other,"Total, vehicle type",0,2017,4
2017-04-01,QUE,Other,Passenger cars,0,2017,4
2017-04-01,QUE,Other,Pickup trucks,0,2017,4
2017-04-01,QUE,Other,Multi-purpose vehicles,0,2017,4
2017-04-01,QUE,Other,Vans,0,2017,4
2017-04-01,ON,All fuel types,"Total, vehicle type",234023,2017,4
2017-04-01,ON,All fuel types,Passenger cars,78186,2017,4
2017-04-01,ON,All fuel types,Pickup trucks,43864,2017,4
2017-04-01,ON,All fuel types,Multi-purpose vehicles,94987,2017,4
2017-04-01,ON,All fuel types,Vans,16986,2017,4
2017-04-01,ON,Gas,"Total, vehicle type",225154,2017,4
2017-04-01,ON,Gas,Passenger cars,75040,2017,4
2017-04-01,ON,Gas,Pickup trucks,40736,2017,4
2017-04-01,ON,Gas,Multi-purpose vehicles,93102,2017,4
2017-04-01,ON,Gas,Vans,16276,2017,4
2017-04-01,ON,Diesel,"Total, vehicle type",4368,2017,4
2017-04-01,ON,Diesel,Passenger cars,219,2017,4
2017-04-01,ON,Diesel,Pickup trucks,3128,2017,4
2017-04-01,ON,Diesel,Multi-purpose vehicles,478,2017,4
2017-04-01,ON,Diesel,Vans,543,2017,4
2017-04-01,ON,All zero-emission vehicles,"Total, vehicle type",2089,2017,4
2017-04-01,ON,All zero-emission vehicles,Passenger cars,1542,2017,4
2017-04-01,ON,All zero-emission vehicles,Pickup trucks,0,2017,4
2017-04-01,ON,All zero-emission vehicles,Multi-purpose vehicles,380,2017,4
2017-04-01,ON,All zero-emission vehicles,Vans,167,2017,4
2017-04-01,ON,Electric,"Total, vehicle type",831,2017,4
2017-04-01,ON,Electric,Passenger cars,604,2017,4
2017-04-01,ON,Electric,Pickup trucks,0,2017,4
2017-04-01,ON,Electric,Multi-purpose vehicles,227,2017,4
2017-04-01,ON,Electric,Vans,0,2017,4
2017-04-01,ON,Hybrid Electric,"Total, vehicle type",1258,2017,4
2017-04-01,ON,Hybrid Electric,Passenger cars,938,2017,4
2017-04-01,ON,Hybrid Electric,Pickup trucks,0,2017,4
2017-04-01,ON,Hybrid Electric,Multi-purpose vehicles,153,2017,4
2017-04-01,ON,Hybrid Electric,Vans,167,2017,4
2017-04-01,ON,Hybrid Electric,"Total, vehicle type",2412,2017,4
2017-04-01,ON,Hybrid Electric,Passenger cars,1385,2017,4
2017-04-01,ON,Hybrid Electric,Pickup trucks,0,2017,4
2017-04-01,ON,Hybrid Electric,Multi-purpose vehicles,1027,2017,4
2017-04-01,ON,Hybrid Electric,Vans,0,2017,4
2017-04-01,ON,Other,"Total, vehicle type",0,2017,4
2017-04-01,ON,Other,Passenger cars,0,2017,4
2017-04-01,ON,Other,Pickup trucks,0,2017,4
2017-04-01,ON,Other,Multi-purpose vehicles,0,2017,4
2017-04-01,ON,Other,Vans,0,2017,4
2017-04-01,MB,All fuel types,"Total, vehicle type",16825,2017,4
2017-04-01,MB,All fuel types,Passenger cars,4068,2017,4
2017-04-01,MB,All fuel types,Pickup trucks,4630,2017,4
2017-04-01,MB,All fuel types,Multi-purpose vehicles,6978,2017,4
2017-04-01,MB,All fuel types,Vans,1149,2017,4
2017-04-01,MB,Gas,"Total, vehicle type",16300,2017,4
2017-04-01,MB,Gas,Passenger cars,3997,2017,4
2017-04-01,MB,Gas,Pickup trucks,4283,2017,4
2017-04-01,MB,Gas,Multi-purpose vehicles,6907,2017,4
2017-04-01,MB,Gas,Vans,1113,2017,4
2017-04-01,MB,Diesel,"Total, vehicle type",410,2017,4
2017-04-01,MB,Diesel,Passenger cars,10,2017,4
2017-04-01,MB,Diesel,Pickup trucks,347,2017,4
2017-04-01,MB,Diesel,Multi-purpose vehicles,17,2017,4
2017-04-01,MB,Diesel,Vans,36,2017,4
2017-04-01,MB,All zero-emission vehicles,"Total, vehicle type",16,2017,4
2017-04-01,MB,All zero-emission vehicles,Passenger cars,10,2017,4
2017-04-01,MB,All zero-emission vehicles,Pickup trucks,0,2017,4
2017-04-01,MB,All zero-emission vehicles,Multi-purpose vehicles,6,2017,4
2017-04-01,MB,All zero-emission vehicles,Vans,0,2017,4
2017-04-01,MB,Electric,"Total, vehicle type",5,2017,4
2017-04-01,MB,Electric,Passenger cars,3,2017,4
2017-04-01,MB,Electric,Pickup trucks,0,2017,4
2017-04-01,MB,Electric,Multi-purpose vehicles,2,2017,4
2017-04-01,MB,Electric,Vans,0,2017,4
2017-04-01,MB,Hybrid Electric,"Total, vehicle type",11,2017,4
2017-04-01,MB,Hybrid Electric,Passenger cars,7,2017,4
2017-04-01,MB,Hybrid Electric,Pickup trucks,0,2017,4
2017-04-01,MB,Hybrid Electric,Multi-purpose vehicles,4,2017,4
2017-04-01,MB,Hybrid Electric,Vans,0,2017,4
2017-04-01,MB,Hybrid Electric,"Total, vehicle type",99,2017,4
2017-04-01,MB,Hybrid Electric,Passenger cars,51,2017,4
2017-04-01,MB,Hybrid Electric,Pickup trucks,0,2017,4
2017-04-01,MB,Hybrid Electric,Multi-purpose vehicles,48,2017,4
2017-04-01,MB,Hybrid Electric,Vans,0,2017,4
2017-04-01,MB,Other,"Total, vehicle type",0,2017,4
2017-04-01,MB,Other,Passenger cars,0,2017,4
2017-04-01,MB,Other,Pickup trucks,0,2017,4
2017-04-01,MB,Other,Multi-purpose vehicles,0,2017,4
2017-04-01,MB,Other,Vans,0,2017,4
2017-04-01,SAS,All fuel types,"Total, vehicle type",15715,2017,4
2017-04-01,SAS,All fuel types,Passenger cars,2649,2017,4
2017-04-01,SAS,All fuel types,Pickup trucks,6219,2017,4
2017-04-01,SAS,All fuel types,Multi-purpose vehicles,5967,2017,4
2017-04-01,SAS,All fuel types,Vans,880,2017,4
2017-04-01,SAS,Gas,"Total, vehicle type",14689,2017,4
2017-04-01,SAS,Gas,Passenger cars,2608,2017,4
2017-04-01,SAS,Gas,Pickup trucks,5313,2017,4
2017-04-01,SAS,Gas,Multi-purpose vehicles,5909,2017,4
2017-04-01,SAS,Gas,Vans,859,2017,4
2017-04-01,SAS,Diesel,"Total, vehicle type",954,2017,4
2017-04-01,SAS,Diesel,Passenger cars,8,2017,4
2017-04-01,SAS,Diesel,Pickup trucks,906,2017,4
2017-04-01,SAS,Diesel,Multi-purpose vehicles,19,2017,4
2017-04-01,SAS,Diesel,Vans,21,2017,4
2017-04-01,SAS,All zero-emission vehicles,"Total, vehicle type",7,2017,4
2017-04-01,SAS,All zero-emission vehicles,Passenger cars,5,2017,4
2017-04-01,SAS,All zero-emission vehicles,Pickup trucks,0,2017,4
2017-04-01,SAS,All zero-emission vehicles,Multi-purpose vehicles,2,2017,4
2017-04-01,SAS,All zero-emission vehicles,Vans,0,2017,4
2017-04-01,SAS,Electric,"Total, vehicle type",1,2017,4
2017-04-01,SAS,Electric,Passenger cars,1,2017,4
2017-04-01,SAS,Electric,Pickup trucks,0,2017,4
2017-04-01,SAS,Electric,Multi-purpose vehicles,0,2017,4
2017-04-01,SAS,Electric,Vans,0,2017,4
2017-04-01,SAS,Hybrid Electric,"Total, vehicle type",6,2017,4
2017-04-01,SAS,Hybrid Electric,Passenger cars,4,2017,4
2017-04-01,SAS,Hybrid Electric,Pickup trucks,0,2017,4
2017-04-01,SAS,Hybrid Electric,Multi-purpose vehicles,2,2017,4
2017-04-01,SAS,Hybrid Electric,Vans,0,2017,4
2017-04-01,SAS,Hybrid Electric,"Total, vehicle type",65,2017,4
2017-04-01,SAS,Hybrid Electric,Passenger cars,28,2017,4
2017-04-01,SAS,Hybrid Electric,Pickup trucks,0,2017,4
2017-04-01,SAS,Hybrid Electric,Multi-purpose vehicles,37,2017,4
2017-04-01,SAS,Hybrid Electric,Vans,0,2017,4
2017-04-01,SAS,Other,"Total, vehicle type",0,2017,4
2017-04-01,SAS,Other,Passenger cars,0,2017,4
2017-04-01,SAS,Other,Pickup trucks,0,2017,4
2017-04-01,SAS,Other,Multi-purpose vehicles,0,2017,4
2017-04-01,SAS,Other,Vans,0,2017,4
2017-04-01,BC,All fuel types,"Total, vehicle type",72384,2017,4
2017-04-01,BC,All fuel types,Passenger cars,22714,2017,4
2017-04-01,BC,All fuel types,Pickup trucks,14630,2017,4
2017-04-01,BC,All fuel types,Multi-purpose vehicles,29891,2017,4
2017-04-01,BC,All fuel types,Vans,5149,2017,4
2017-04-01,BC,Gas,"Total, vehicle type",66648,2017,4
2017-04-01,BC,Gas,Passenger cars,21302,2017,4
2017-04-01,BC,Gas,Pickup trucks,11872,2017,4
2017-04-01,BC,Gas,Multi-purpose vehicles,28744,2017,4
2017-04-01,BC,Gas,Vans,4730,2017,4
2017-04-01,BC,Diesel,"Total, vehicle type",3490,2017,4
2017-04-01,BC,Diesel,Passenger cars,67,2017,4
2017-04-01,BC,Diesel,Pickup trucks,2758,2017,4
2017-04-01,BC,Diesel,Multi-purpose vehicles,261,2017,4
2017-04-01,BC,Diesel,Vans,404,2017,4
2017-04-01,BC,All zero-emission vehicles,"Total, vehicle type",760,2017,4
2017-04-01,BC,All zero-emission vehicles,Passenger cars,510,2017,4
2017-04-01,BC,All zero-emission vehicles,Pickup trucks,0,2017,4
2017-04-01,BC,All zero-emission vehicles,Multi-purpose vehicles,235,2017,4
2017-04-01,BC,All zero-emission vehicles,Vans,15,2017,4
2017-04-01,BC,Electric,"Total, vehicle type",480,2017,4
2017-04-01,BC,Electric,Passenger cars,307,2017,4
2017-04-01,BC,Electric,Pickup trucks,0,2017,4
2017-04-01,BC,Electric,Multi-purpose vehicles,173,2017,4
2017-04-01,BC,Electric,Vans,0,2017,4
2017-04-01,BC,Hybrid Electric,"Total, vehicle type",280,2017,4
2017-04-01,BC,Hybrid Electric,Passenger cars,203,2017,4
2017-04-01,BC,Hybrid Electric,Pickup trucks,0,2017,4
2017-04-01,BC,Hybrid Electric,Multi-purpose vehicles,62,2017,4
2017-04-01,BC,Hybrid Electric,Vans,15,2017,4
2017-04-01,BC,Hybrid Electric,"Total, vehicle type",1486,2017,4
2017-04-01,BC,Hybrid Electric,Passenger cars,835,2017,4
2017-04-01,BC,Hybrid Electric,Pickup trucks,0,2017,4
2017-04-01,BC,Hybrid Electric,Multi-purpose vehicles,651,2017,4
2017-04-01,BC,Hybrid Electric,Vans,0,2017,4
2017-04-01,BC,Other,"Total, vehicle type",0,2017,4
2017-04-01,BC,Other,Passenger cars,0,2017,4
2017-04-01,BC,Other,Pickup trucks,0,2017,4
2017-04-01,BC,Other,Multi-purpose vehicles,0,2017,4
2017-04-01,BC,Other,Vans,0,2017,4
2017-07-01,CAN,All fuel types,"Total, vehicle type",552329,2017,7
2017-07-01,CAN,All fuel types,Passenger cars,173752,2017,7
2017-07-01,CAN,All fuel types,Pickup trucks,114152,2017,7
2017-07-01,CAN,All fuel types,Multi-purpose vehicles,231167,2017,7
2017-07-01,CAN,All fuel types,Vans,33258,2017,7
2017-07-01,CAN,Gas,"Total, vehicle type",521730,2017,7
2017-07-01,CAN,Gas,Passenger cars,164930,2017,7
2017-07-01,CAN,Gas,Pickup trucks,99149,2017,7
2017-07-01,CAN,Gas,Multi-purpose vehicles,226066,2017,7
2017-07-01,CAN,Gas,Vans,31585,2017,7
2017-07-01,CAN,Diesel,"Total, vehicle type",18150,2017,7
2017-07-01,CAN,Diesel,Passenger cars,548,2017,7
2017-07-01,CAN,Diesel,Pickup trucks,15002,2017,7
2017-07-01,CAN,Diesel,Multi-purpose vehicles,1119,2017,7
2017-07-01,CAN,Diesel,Vans,1481,2017,7
2017-07-01,CAN,All zero-emission vehicles,"Total, vehicle type",5184,2017,7
2017-07-01,CAN,All zero-emission vehicles,Passenger cars,4107,2017,7
2017-07-01,CAN,All zero-emission vehicles,Pickup trucks,0,2017,7
2017-07-01,CAN,All zero-emission vehicles,Multi-purpose vehicles,885,2017,7
2017-07-01,CAN,All zero-emission vehicles,Vans,192,2017,7
2017-07-01,CAN,Electric,"Total, vehicle type",2400,2017,7
2017-07-01,CAN,Electric,Passenger cars,1755,2017,7
2017-07-01,CAN,Electric,Pickup trucks,0,2017,7
2017-07-01,CAN,Electric,Multi-purpose vehicles,645,2017,7
2017-07-01,CAN,Electric,Vans,0,2017,7
2017-07-01,CAN,Hybrid Electric,"Total, vehicle type",2784,2017,7
2017-07-01,CAN,Hybrid Electric,Passenger cars,2352,2017,7
2017-07-01,CAN,Hybrid Electric,Pickup trucks,0,2017,7
2017-07-01,CAN,Hybrid Electric,Multi-purpose vehicles,240,2017,7
2017-07-01,CAN,Hybrid Electric,Vans,192,2017,7
2017-07-01,CAN,Hybrid Electric,"Total, vehicle type",7264,2017,7
2017-07-01,CAN,Hybrid Electric,Passenger cars,4167,2017,7
2017-07-01,CAN,Hybrid Electric,Pickup trucks,0,2017,7
2017-07-01,CAN,Hybrid Electric,Multi-purpose vehicles,3097,2017,7
2017-07-01,CAN,Hybrid Electric,Vans,0,2017,7
2017-07-01,CAN,Other,"Total, vehicle type",1,2017,7
2017-07-01,CAN,Other,Passenger cars,0,2017,7
2017-07-01,CAN,Other,Pickup trucks,1,2017,7
2017-07-01,CAN,Other,Multi-purpose vehicles,0,2017,7
2017-07-01,CAN,Other,Vans,0,2017,7
2017-07-01,PEI,All fuel types,"Total, vehicle type",2479,2017,7
2017-07-01,PEI,All fuel types,Passenger cars,791,2017,7
2017-07-01,PEI,All fuel types,Pickup trucks,573,2017,7
2017-07-01,PEI,All fuel types,Multi-purpose vehicles,975,2017,7
2017-07-01,PEI,All fuel types,Vans,140,2017,7
2017-07-01,PEI,Gas,"Total, vehicle type",2410,2017,7
2017-07-01,PEI,Gas,Passenger cars,776,2017,7
2017-07-01,PEI,Gas,Pickup trucks,530,2017,7
2017-07-01,PEI,Gas,Multi-purpose vehicles,964,2017,7
2017-07-01,PEI,Gas,Vans,140,2017,7
2017-07-01,PEI,Diesel,"Total, vehicle type",44,2017,7
2017-07-01,PEI,Diesel,Passenger cars,1,2017,7
2017-07-01,PEI,Diesel,Pickup trucks,43,2017,7
2017-07-01,PEI,Diesel,Multi-purpose vehicles,0,2017,7
2017-07-01,PEI,Diesel,Vans,0,2017,7
2017-07-01,PEI,All zero-emission vehicles,"Total, vehicle type",0,2017,7
2017-07-01,PEI,All zero-emission vehicles,Passenger cars,0,2017,7
2017-07-01,PEI,All zero-emission vehicles,Pickup trucks,0,2017,7
2017-07-01,PEI,All zero-emission vehicles,Multi-purpose vehicles,0,2017,7
2017-07-01,PEI,All zero-emission vehicles,Vans,0,2017,7
2017-07-01,PEI,Electric,"Total, vehicle type",0,2017,7
2017-07-01,PEI,Electric,Passenger cars,0,2017,7
2017-07-01,PEI,Electric,Pickup trucks,0,2017,7
2017-07-01,PEI,Electric,Multi-purpose vehicles,0,2017,7
2017-07-01,PEI,Electric,Vans,0,2017,7
2017-07-01,PEI,Hybrid Electric,"Total, vehicle type",0,2017,7
2017-07-01,PEI,Hybrid Electric,Passenger cars,0,2017,7
2017-07-01,PEI,Hybrid Electric,Pickup trucks,0,2017,7
2017-07-01,PEI,Hybrid Electric,Multi-purpose vehicles,0,2017,7
2017-07-01,PEI,Hybrid Electric,Vans,0,2017,7
2017-07-01,PEI,Hybrid Electric,"Total, vehicle type",25,2017,7
2017-07-01,PEI,Hybrid Electric,Passenger cars,14,2017,7
2017-07-01,PEI,Hybrid Electric,Pickup trucks,0,2017,7
2017-07-01,PEI,Hybrid Electric,Multi-purpose vehicles,11,2017,7
2017-07-01,PEI,Hybrid Electric,Vans,0,2017,7
2017-07-01,PEI,Other,"Total, vehicle type",0,2017,7
2017-07-01,PEI,Other,Passenger cars,0,2017,7
2017-07-01,PEI,Other,Pickup trucks,0,2017,7
2017-07-01,PEI,Other,Multi-purpose vehicles,0,2017,7
2017-07-01,PEI,Other,Vans,0,2017,7
2017-07-01,NB,All fuel types,"Total, vehicle type",12016,2017,7
2017-07-01,NB,All fuel types,Passenger cars,3643,2017,7
2017-07-01,NB,All fuel types,Pickup trucks,3211,2017,7
2017-07-01,NB,All fuel types,Multi-purpose vehicles,4705,2017,7
2017-07-01,NB,All fuel types,Vans,457,2017,7
2017-07-01,NB,Gas,"Total, vehicle type",11649,2017,7
2017-07-01,NB,Gas,Passenger cars,3583,2017,7
2017-07-01,NB,Gas,Pickup trucks,2970,2017,7
2017-07-01,NB,Gas,Multi-purpose vehicles,4651,2017,7
2017-07-01,NB,Gas,Vans,445,2017,7
2017-07-01,NB,Diesel,"Total, vehicle type",256,2017,7
2017-07-01,NB,Diesel,Passenger cars,2,2017,7
2017-07-01,NB,Diesel,Pickup trucks,241,2017,7
2017-07-01,NB,Diesel,Multi-purpose vehicles,3,2017,7
2017-07-01,NB,Diesel,Vans,10,2017,7
2017-07-01,NB,All zero-emission vehicles,"Total, vehicle type",6,2017,7
2017-07-01,NB,All zero-emission vehicles,Passenger cars,3,2017,7
2017-07-01,NB,All zero-emission vehicles,Pickup trucks,0,2017,7
2017-07-01,NB,All zero-emission vehicles,Multi-purpose vehicles,1,2017,7
2017-07-01,NB,All zero-emission vehicles,Vans,2,2017,7
2017-07-01,NB,Electric,"Total, vehicle type",1,2017,7
2017-07-01,NB,Electric,Passenger cars,1,2017,7
2017-07-01,NB,Electric,Pickup trucks,0,2017,7
2017-07-01,NB,Electric,Multi-purpose vehicles,0,2017,7
2017-07-01,NB,Electric,Vans,0,2017,7
2017-07-01,NB,Hybrid Electric,"Total, vehicle type",5,2017,7
2017-07-01,NB,Hybrid Electric,Passenger cars,2,2017,7
2017-07-01,NB,Hybrid Electric,Pickup trucks,0,2017,7
2017-07-01,NB,Hybrid Electric,Multi-purpose vehicles,1,2017,7
2017-07-01,NB,Hybrid Electric,Vans,2,2017,7
2017-07-01,NB,Hybrid Electric,"Total, vehicle type",105,2017,7
2017-07-01,NB,Hybrid Electric,Passenger cars,55,2017,7
2017-07-01,NB,Hybrid Electric,Pickup trucks,0,2017,7
2017-07-01,NB,Hybrid Electric,Multi-purpose vehicles,50,2017,7
2017-07-01,NB,Hybrid Electric,Vans,0,2017,7
2017-07-01,NB,Other,"Total, vehicle type",0,2017,7
2017-07-01,NB,Other,Passenger cars,0,2017,7
2017-07-01,NB,Other,Pickup trucks,0,2017,7
2017-07-01,NB,Other,Multi-purpose vehicles,0,2017,7
2017-07-01,NB,Other,Vans,0,2017,7
2017-07-01,QUE,All fuel types,"Total, vehicle type",129616,2017,7
2017-07-01,QUE,All fuel types,Passenger cars,52918,2017,7
2017-07-01,QUE,All fuel types,Pickup trucks,19161,2017,7
2017-07-01,QUE,All fuel types,Multi-purpose vehicles,50954,2017,7
2017-07-01,QUE,All fuel types,Vans,6583,2017,7
2017-07-01,QUE,Gas,"Total, vehicle type",122544,2017,7
2017-07-01,QUE,Gas,Passenger cars,49845,2017,7
2017-07-01,QUE,Gas,Pickup trucks,16839,2017,7
2017-07-01,QUE,Gas,Multi-purpose vehicles,49731,2017,7
2017-07-01,QUE,Gas,Vans,6129,2017,7
2017-07-01,QUE,Diesel,"Total, vehicle type",2958,2017,7
2017-07-01,QUE,Diesel,Passenger cars,116,2017,7
2017-07-01,QUE,Diesel,Pickup trucks,2322,2017,7
2017-07-01,QUE,Diesel,Multi-purpose vehicles,148,2017,7
2017-07-01,QUE,Diesel,Vans,372,2017,7
2017-07-01,QUE,All zero-emission vehicles,"Total, vehicle type",2110,2017,7
2017-07-01,QUE,All zero-emission vehicles,Passenger cars,1810,2017,7
2017-07-01,QUE,All zero-emission vehicles,Pickup trucks,0,2017,7
2017-07-01,QUE,All zero-emission vehicles,Multi-purpose vehicles,218,2017,7
2017-07-01,QUE,All zero-emission vehicles,Vans,82,2017,7
2017-07-01,QUE,Electric,"Total, vehicle type",872,2017,7
2017-07-01,QUE,Electric,Passenger cars,717,2017,7
2017-07-01,QUE,Electric,Pickup trucks,0,2017,7
2017-07-01,QUE,Electric,Multi-purpose vehicles,155,2017,7
2017-07-01,QUE,Electric,Vans,0,2017,7
2017-07-01,QUE,Hybrid Electric,"Total, vehicle type",1238,2017,7
2017-07-01,QUE,Hybrid Electric,Passenger cars,1093,2017,7
2017-07-01,QUE,Hybrid Electric,Pickup trucks,0,2017,7
2017-07-01,QUE,Hybrid Electric,Multi-purpose vehicles,63,2017,7
2017-07-01,QUE,Hybrid Electric,Vans,82,2017,7
2017-07-01,QUE,Hybrid Electric,"Total, vehicle type",2004,2017,7
2017-07-01,QUE,Hybrid Electric,Passenger cars,1147,2017,7
2017-07-01,QUE,Hybrid Electric,Pickup trucks,0,2017,7
2017-07-01,QUE,Hybrid Electric,Multi-purpose vehicles,857,2017,7
2017-07-01,QUE,Hybrid Electric,Vans,0,2017,7
2017-07-01,QUE,Other,"Total, vehicle type",0,2017,7
2017-07-01,QUE,Other,Passenger cars,0,2017,7
2017-07-01,QUE,Other,Pickup trucks,0,2017,7
2017-07-01,QUE,Other,Multi-purpose vehicles,0,2017,7
2017-07-01,QUE,Other,Vans,0,2017,7
2017-07-01,ON,All fuel types,"Total, vehicle type",219646,2017,7
2017-07-01,ON,All fuel types,Passenger cars,70145,2017,7
2017-07-01,ON,All fuel types,Pickup trucks,38983,2017,7
2017-07-01,ON,All fuel types,Multi-purpose vehicles,94541,2017,7
2017-07-01,ON,All fuel types,Vans,15977,2017,7
2017-07-01,ON,Gas,"Total, vehicle type",209907,2017,7
2017-07-01,ON,Gas,Passenger cars,66716,2017,7
2017-07-01,ON,Gas,Pickup trucks,35273,2017,7
2017-07-01,ON,Gas,Multi-purpose vehicles,92611,2017,7
2017-07-01,ON,Gas,Vans,15307,2017,7
2017-07-01,ON,Diesel,"Total, vehicle type",5068,2017,7
2017-07-01,ON,Diesel,Passenger cars,255,2017,7
2017-07-01,ON,Diesel,Pickup trucks,3709,2017,7
2017-07-01,ON,Diesel,Multi-purpose vehicles,531,2017,7
2017-07-01,ON,Diesel,Vans,573,2017,7
2017-07-01,ON,All zero-emission vehicles,"Total, vehicle type",2130,2017,7
2017-07-01,ON,All zero-emission vehicles,Passenger cars,1670,2017,7
2017-07-01,ON,All zero-emission vehicles,Pickup trucks,0,2017,7
2017-07-01,ON,All zero-emission vehicles,Multi-purpose vehicles,363,2017,7
2017-07-01,ON,All zero-emission vehicles,Vans,97,2017,7
2017-07-01,ON,Electric,"Total, vehicle type",950,2017,7
2017-07-01,ON,Electric,Passenger cars,685,2017,7
2017-07-01,ON,Electric,Pickup trucks,0,2017,7
2017-07-01,ON,Electric,Multi-purpose vehicles,265,2017,7
2017-07-01,ON,Electric,Vans,0,2017,7
2017-07-01,ON,Hybrid Electric,"Total, vehicle type",1180,2017,7
2017-07-01,ON,Hybrid Electric,Passenger cars,985,2017,7
2017-07-01,ON,Hybrid Electric,Pickup trucks,0,2017,7
2017-07-01,ON,Hybrid Electric,Multi-purpose vehicles,98,2017,7
2017-07-01,ON,Hybrid Electric,Vans,97,2017,7
2017-07-01,ON,Hybrid Electric,"Total, vehicle type",2540,2017,7
2017-07-01,ON,Hybrid Electric,Passenger cars,1504,2017,7
2017-07-01,ON,Hybrid Electric,Pickup trucks,0,2017,7
2017-07-01,ON,Hybrid Electric,Multi-purpose vehicles,1036,2017,7
2017-07-01,ON,Hybrid Electric,Vans,0,2017,7
2017-07-01,ON,Other,"Total, vehicle type",1,2017,7
2017-07-01,ON,Other,Passenger cars,0,2017,7
2017-07-01,ON,Other,Pickup trucks,1,2017,7
2017-07-01,ON,Other,Multi-purpose vehicles,0,2017,7
2017-07-01,ON,Other,Vans,0,2017,7
2017-07-01,MB,All fuel types,"Total, vehicle type",15773,2017,7
2017-07-01,MB,All fuel types,Passenger cars,3640,2017,7
2017-07-01,MB,All fuel types,Pickup trucks,4199,2017,7
2017-07-01,MB,All fuel types,Multi-purpose vehicles,7042,2017,7
2017-07-01,MB,All fuel types,Vans,892,2017,7
2017-07-01,MB,Gas,"Total, vehicle type",15198,2017,7
2017-07-01,MB,Gas,Passenger cars,3552,2017,7
2017-07-01,MB,Gas,Pickup trucks,3797,2017,7
2017-07-01,MB,Gas,Multi-purpose vehicles,6982,2017,7
2017-07-01,MB,Gas,Vans,867,2017,7
2017-07-01,MB,Diesel,"Total, vehicle type",453,2017,7
2017-07-01,MB,Diesel,Passenger cars,9,2017,7
2017-07-01,MB,Diesel,Pickup trucks,402,2017,7
2017-07-01,MB,Diesel,Multi-purpose vehicles,17,2017,7
2017-07-01,MB,Diesel,Vans,25,2017,7
2017-07-01,MB,All zero-emission vehicles,"Total, vehicle type",16,2017,7
2017-07-01,MB,All zero-emission vehicles,Passenger cars,14,2017,7
2017-07-01,MB,All zero-emission vehicles,Pickup trucks,0,2017,7
2017-07-01,MB,All zero-emission vehicles,Multi-purpose vehicles,2,2017,7
2017-07-01,MB,All zero-emission vehicles,Vans,0,2017,7
2017-07-01,MB,Electric,"Total, vehicle type",7,2017,7
2017-07-01,MB,Electric,Passenger cars,6,2017,7
2017-07-01,MB,Electric,Pickup trucks,0,2017,7
2017-07-01,MB,Electric,Multi-purpose vehicles,1,2017,7
2017-07-01,MB,Electric,Vans,0,2017,7
2017-07-01,MB,Hybrid Electric,"Total, vehicle type",9,2017,7
2017-07-01,MB,Hybrid Electric,Passenger cars,8,2017,7
2017-07-01,MB,Hybrid Electric,Pickup trucks,0,2017,7
2017-07-01,MB,Hybrid Electric,Multi-purpose vehicles,1,2017,7
2017-07-01,MB,Hybrid Electric,Vans,0,2017,7
2017-07-01,MB,Hybrid Electric,"Total, vehicle type",106,2017,7
2017-07-01,MB,Hybrid Electric,Passenger cars,65,2017,7
2017-07-01,MB,Hybrid Electric,Pickup trucks,0,2017,7
2017-07-01,MB,Hybrid Electric,Multi-purpose vehicles,41,2017,7
2017-07-01,MB,Hybrid Electric,Vans,0,2017,7
2017-07-01,MB,Other,"Total, vehicle type",0,2017,7
2017-07-01,MB,Other,Passenger cars,0,2017,7
2017-07-01,MB,Other,Pickup trucks,0,2017,7
2017-07-01,MB,Other,Multi-purpose vehicles,0,2017,7
2017-07-01,MB,Other,Vans,0,2017,7
2017-07-01,SAS,All fuel types,"Total, vehicle type",15084,2017,7
2017-07-01,SAS,All fuel types,Passenger cars,2422,2017,7
2017-07-01,SAS,All fuel types,Pickup trucks,5585,2017,7
2017-07-01,SAS,All fuel types,Multi-purpose vehicles,6402,2017,7
2017-07-01,SAS,All fuel types,Vans,675,2017,7
2017-07-01,SAS,Gas,"Total, vehicle type",14008,2017,7
2017-07-01,SAS,Gas,Passenger cars,2378,2017,7
2017-07-01,SAS,Gas,Pickup trucks,4621,2017,7
2017-07-01,SAS,Gas,Multi-purpose vehicles,6353,2017,7
2017-07-01,SAS,Gas,Vans,656,2017,7
2017-07-01,SAS,Diesel,"Total, vehicle type",1014,2017,7
2017-07-01,SAS,Diesel,Passenger cars,15,2017,7
2017-07-01,SAS,Diesel,Pickup trucks,964,2017,7
2017-07-01,SAS,Diesel,Multi-purpose vehicles,16,2017,7
2017-07-01,SAS,Diesel,Vans,19,2017,7
2017-07-01,SAS,All zero-emission vehicles,"Total, vehicle type",10,2017,7
2017-07-01,SAS,All zero-emission vehicles,Passenger cars,5,2017,7
2017-07-01,SAS,All zero-emission vehicles,Pickup trucks,0,2017,7
2017-07-01,SAS,All zero-emission vehicles,Multi-purpose vehicles,5,2017,7
2017-07-01,SAS,All zero-emission vehicles,Vans,0,2017,7
2017-07-01,SAS,Electric,"Total, vehicle type",6,2017,7
2017-07-01,SAS,Electric,Passenger cars,3,2017,7
2017-07-01,SAS,Electric,Pickup trucks,0,2017,7
2017-07-01,SAS,Electric,Multi-purpose vehicles,3,2017,7
2017-07-01,SAS,Electric,Vans,0,2017,7
2017-07-01,SAS,Hybrid Electric,"Total, vehicle type",4,2017,7
2017-07-01,SAS,Hybrid Electric,Passenger cars,2,2017,7
2017-07-01,SAS,Hybrid Electric,Pickup trucks,0,2017,7
2017-07-01,SAS,Hybrid Electric,Multi-purpose vehicles,2,2017,7
2017-07-01,SAS,Hybrid Electric,Vans,0,2017,7
2017-07-01,SAS,Hybrid Electric,"Total, vehicle type",52,2017,7
2017-07-01,SAS,Hybrid Electric,Passenger cars,24,2017,7
2017-07-01,SAS,Hybrid Electric,Pickup trucks,0,2017,7
2017-07-01,SAS,Hybrid Electric,Multi-purpose vehicles,28,2017,7
2017-07-01,SAS,Hybrid Electric,Vans,0,2017,7
2017-07-01,SAS,Other,"Total, vehicle type",0,2017,7
2017-07-01,SAS,Other,Passenger cars,0,2017,7
2017-07-01,SAS,Other,Pickup trucks,0,2017,7
2017-07-01,SAS,Other,Multi-purpose vehicles,0,2017,7
2017-07-01,SAS,Other,Vans,0,2017,7
2017-07-01,BC,All fuel types,"Total, vehicle type",64579,2017,7
2017-07-01,BC,All fuel types,Passenger cars,19187,2017,7
2017-07-01,BC,All fuel types,Pickup trucks,13783,2017,7
2017-07-01,BC,All fuel types,Multi-purpose vehicles,27854,2017,7
2017-07-01,BC,All fuel types,Vans,3755,2017,7
2017-07-01,BC,Gas,"Total, vehicle type",58934,2017,7
2017-07-01,BC,Gas,Passenger cars,17618,2017,7
2017-07-01,BC,Gas,Pickup trucks,11360,2017,7
2017-07-01,BC,Gas,Multi-purpose vehicles,26539,2017,7
2017-07-01,BC,Gas,Vans,3417,2017,7
2017-07-01,BC,Diesel,"Total, vehicle type",3153,2017,7
2017-07-01,BC,Diesel,Passenger cars,98,2017,7
2017-07-01,BC,Diesel,Pickup trucks,2423,2017,7
2017-07-01,BC,Diesel,Multi-purpose vehicles,305,2017,7
2017-07-01,BC,Diesel,Vans,327,2017,7
2017-07-01,BC,All zero-emission vehicles,"Total, vehicle type",806,2017,7
2017-07-01,BC,All zero-emission vehicles,Passenger cars,538,2017,7
2017-07-01,BC,All zero-emission vehicles,Pickup trucks,0,2017,7
2017-07-01,BC,All zero-emission vehicles,Multi-purpose vehicles,257,2017,7
2017-07-01,BC,All zero-emission vehicles,Vans,11,2017,7
2017-07-01,BC,Electric,"Total, vehicle type",517,2017,7
2017-07-01,BC,Electric,Passenger cars,314,2017,7
2017-07-01,BC,Electric,Pickup trucks,0,2017,7
2017-07-01,BC,Electric,Multi-purpose vehicles,203,2017,7
2017-07-01,BC,Electric,Vans,0,2017,7
2017-07-01,BC,Hybrid Electric,"Total, vehicle type",289,2017,7
2017-07-01,BC,Hybrid Electric,Passenger cars,224,2017,7
2017-07-01,BC,Hybrid Electric,Pickup trucks,0,2017,7
2017-07-01,BC,Hybrid Electric,Multi-purpose vehicles,54,2017,7
2017-07-01,BC,Hybrid Electric,Vans,11,2017,7
2017-07-01,BC,Hybrid Electric,"Total, vehicle type",1686,2017,7
2017-07-01,BC,Hybrid Electric,Passenger cars,933,2017,7
2017-07-01,BC,Hybrid Electric,Pickup trucks,0,2017,7
2017-07-01,BC,Hybrid Electric,Multi-purpose vehicles,753,2017,7
2017-07-01,BC,Hybrid Electric,Vans,0,2017,7
2017-07-01,BC,Other,"Total, vehicle type",0,2017,7
2017-07-01,BC,Other,Passenger cars,0,2017,7
2017-07-01,BC,Other,Pickup trucks,0,2017,7
2017-07-01,BC,Other,Multi-purpose vehicles,0,2017,7
2017-07-01,BC,Other,Vans,0,2017,7
2017-10-01,CAN,All fuel types,"Total, vehicle type",450846,2017,10
2017-10-01,CAN,All fuel types,Passenger cars,125033,2017,10
2017-10-01,CAN,All fuel types,Pickup trucks,89551,2017,10
2017-10-01,CAN,All fuel types,Multi-purpose vehicles,208508,2017,10
2017-10-01,CAN,All fuel types,Vans,27754,2017,10
2017-10-01,CAN,Gas,"Total, vehicle type",423659,2017,10
2017-10-01,CAN,Gas,Passenger cars,117087,2017,10
2017-10-01,CAN,Gas,Pickup trucks,76791,2017,10
2017-10-01,CAN,Gas,Multi-purpose vehicles,203778,2017,10
2017-10-01,CAN,Gas,Vans,26003,2017,10
2017-10-01,CAN,Diesel,"Total, vehicle type",15711,2017,10
2017-10-01,CAN,Diesel,Passenger cars,360,2017,10
2017-10-01,CAN,Diesel,Pickup trucks,12760,2017,10
2017-10-01,CAN,Diesel,Multi-purpose vehicles,1235,2017,10
2017-10-01,CAN,Diesel,Vans,1356,2017,10
2017-10-01,CAN,All zero-emission vehicles,"Total, vehicle type",5999,2017,10
2017-10-01,CAN,All zero-emission vehicles,Passenger cars,4668,2017,10
2017-10-01,CAN,All zero-emission vehicles,Pickup trucks,0,2017,10
2017-10-01,CAN,All zero-emission vehicles,Multi-purpose vehicles,940,2017,10
2017-10-01,CAN,All zero-emission vehicles,Vans,391,2017,10
2017-10-01,CAN,Electric,"Total, vehicle type",2820,2017,10
2017-10-01,CAN,Electric,Passenger cars,2114,2017,10
2017-10-01,CAN,Electric,Pickup trucks,0,2017,10
2017-10-01,CAN,Electric,Multi-purpose vehicles,706,2017,10
2017-10-01,CAN,Electric,Vans,0,2017,10
2017-10-01,CAN,Hybrid Electric,"Total, vehicle type",3179,2017,10
2017-10-01,CAN,Hybrid Electric,Passenger cars,2554,2017,10
2017-10-01,CAN,Hybrid Electric,Pickup trucks,0,2017,10
2017-10-01,CAN,Hybrid Electric,Multi-purpose vehicles,234,2017,10
2017-10-01,CAN,Hybrid Electric,Vans,391,2017,10
2017-10-01,CAN,Hybrid Electric,"Total, vehicle type",5473,2017,10
2017-10-01,CAN,Hybrid Electric,Passenger cars,2918,2017,10
2017-10-01,CAN,Hybrid Electric,Pickup trucks,0,2017,10
2017-10-01,CAN,Hybrid Electric,Multi-purpose vehicles,2555,2017,10
2017-10-01,CAN,Hybrid Electric,Vans,0,2017,10
2017-10-01,CAN,Other,"Total, vehicle type",4,2017,10
2017-10-01,CAN,Other,Passenger cars,0,2017,10
2017-10-01,CAN,Other,Pickup trucks,0,2017,10
2017-10-01,CAN,Other,Multi-purpose vehicles,0,2017,10
2017-10-01,CAN,Other,Vans,4,2017,10
2017-10-01,PEI,All fuel types,"Total, vehicle type",2031,2017,10
2017-10-01,PEI,All fuel types,Passenger cars,601,2017,10
2017-10-01,PEI,All fuel types,Pickup trucks,469,2017,10
2017-10-01,PEI,All fuel types,Multi-purpose vehicles,870,2017,10
2017-10-01,PEI,All fuel types,Vans,91,2017,10
2017-10-01,PEI,Gas,"Total, vehicle type",1976,2017,10
2017-10-01,PEI,Gas,Passenger cars,588,2017,10
2017-10-01,PEI,Gas,Pickup trucks,441,2017,10
2017-10-01,PEI,Gas,Multi-purpose vehicles,860,2017,10
2017-10-01,PEI,Gas,Vans,87,2017,10
2017-10-01,PEI,Diesel,"Total, vehicle type",33,2017,10
2017-10-01,PEI,Diesel,Passenger cars,0,2017,10
2017-10-01,PEI,Diesel,Pickup trucks,28,2017,10
2017-10-01,PEI,Diesel,Multi-purpose vehicles,1,2017,10
2017-10-01,PEI,Diesel,Vans,4,2017,10
2017-10-01,PEI,All zero-emission vehicles,"Total, vehicle type",1,2017,10
2017-10-01,PEI,All zero-emission vehicles,Passenger cars,1,2017,10
2017-10-01,PEI,All zero-emission vehicles,Pickup trucks,0,2017,10
2017-10-01,PEI,All zero-emission vehicles,Multi-purpose vehicles,0,2017,10
2017-10-01,PEI,All zero-emission vehicles,Vans,0,2017,10
2017-10-01,PEI,Electric,"Total, vehicle type",0,2017,10
2017-10-01,PEI,Electric,Passenger cars,0,2017,10
2017-10-01,PEI,Electric,Pickup trucks,0,2017,10
2017-10-01,PEI,Electric,Multi-purpose vehicles,0,2017,10
2017-10-01,PEI,Electric,Vans,0,2017,10
2017-10-01,PEI,Hybrid Electric,"Total, vehicle type",1,2017,10
2017-10-01,PEI,Hybrid Electric,Passenger cars,1,2017,10
2017-10-01,PEI,Hybrid Electric,Pickup trucks,0,2017,10
2017-10-01,PEI,Hybrid Electric,Multi-purpose vehicles,0,2017,10
2017-10-01,PEI,Hybrid Electric,Vans,0,2017,10
2017-10-01,PEI,Hybrid Electric,"Total, vehicle type",21,2017,10
2017-10-01,PEI,Hybrid Electric,Passenger cars,12,2017,10
2017-10-01,PEI,Hybrid Electric,Pickup trucks,0,2017,10
2017-10-01,PEI,Hybrid Electric,Multi-purpose vehicles,9,2017,10
2017-10-01,PEI,Hybrid Electric,Vans,0,2017,10
2017-10-01,PEI,Other,"Total, vehicle type",0,2017,10
2017-10-01,PEI,Other,Passenger cars,0,2017,10
2017-10-01,PEI,Other,Pickup trucks,0,2017,10
2017-10-01,PEI,Other,Multi-purpose vehicles,0,2017,10
2017-10-01,PEI,Other,Vans,0,2017,10
2017-10-01,NB,All fuel types,"Total, vehicle type",9400,2017,10
2017-10-01,NB,All fuel types,Passenger cars,2265,2017,10
2017-10-01,NB,All fuel types,Pickup trucks,2454,2017,10
2017-10-01,NB,All fuel types,Multi-purpose vehicles,4299,2017,10
2017-10-01,NB,All fuel types,Vans,382,2017,10
2017-10-01,NB,Gas,"Total, vehicle type",9106,2017,10
2017-10-01,NB,Gas,Passenger cars,2223,2017,10
2017-10-01,NB,Gas,Pickup trucks,2258,2017,10
2017-10-01,NB,Gas,Multi-purpose vehicles,4250,2017,10
2017-10-01,NB,Gas,Vans,375,2017,10
2017-10-01,NB,Diesel,"Total, vehicle type",214,2017,10
2017-10-01,NB,Diesel,Passenger cars,6,2017,10
2017-10-01,NB,Diesel,Pickup trucks,196,2017,10
2017-10-01,NB,Diesel,Multi-purpose vehicles,5,2017,10
2017-10-01,NB,Diesel,Vans,7,2017,10
2017-10-01,NB,All zero-emission vehicles,"Total, vehicle type",8,2017,10
2017-10-01,NB,All zero-emission vehicles,Passenger cars,6,2017,10
2017-10-01,NB,All zero-emission vehicles,Pickup trucks,0,2017,10
2017-10-01,NB,All zero-emission vehicles,Multi-purpose vehicles,2,2017,10
2017-10-01,NB,All zero-emission vehicles,Vans,0,2017,10
2017-10-01,NB,Electric,"Total, vehicle type",3,2017,10
2017-10-01,NB,Electric,Passenger cars,3,2017,10
2017-10-01,NB,Electric,Pickup trucks,0,2017,10
2017-10-01,NB,Electric,Multi-purpose vehicles,0,2017,10
2017-10-01,NB,Electric,Vans,0,2017,10
2017-10-01,NB,Hybrid Electric,"Total, vehicle type",5,2017,10
2017-10-01,NB,Hybrid Electric,Passenger cars,3,2017,10
2017-10-01,NB,Hybrid Electric,Pickup trucks,0,2017,10
2017-10-01,NB,Hybrid Electric,Multi-purpose vehicles,2,2017,10
2017-10-01,NB,Hybrid Electric,Vans,0,2017,10
2017-10-01,NB,Hybrid Electric,"Total, vehicle type",72,2017,10
2017-10-01,NB,Hybrid Electric,Passenger cars,30,2017,10
2017-10-01,NB,Hybrid Electric,Pickup trucks,0,2017,10
2017-10-01,NB,Hybrid Electric,Multi-purpose vehicles,42,2017,10
2017-10-01,NB,Hybrid Electric,Vans,0,2017,10
2017-10-01,NB,Other,"Total, vehicle type",0,2017,10
2017-10-01,NB,Other,Passenger cars,0,2017,10
2017-10-01,NB,Other,Pickup trucks,0,2017,10
2017-10-01,NB,Other,Multi-purpose vehicles,0,2017,10
2017-10-01,NB,Other,Vans,0,2017,10
2017-10-01,QUE,All fuel types,"Total, vehicle type",105669,2017,10
2017-10-01,QUE,All fuel types,Passenger cars,38975,2017,10
2017-10-01,QUE,All fuel types,Pickup trucks,14377,2017,10
2017-10-01,QUE,All fuel types,Multi-purpose vehicles,46667,2017,10
2017-10-01,QUE,All fuel types,Vans,5650,2017,10
2017-10-01,QUE,Gas,"Total, vehicle type",99175,2017,10
2017-10-01,QUE,Gas,Passenger cars,35935,2017,10
2017-10-01,QUE,Gas,Pickup trucks,12385,2017,10
2017-10-01,QUE,Gas,Multi-purpose vehicles,45637,2017,10
2017-10-01,QUE,Gas,Vans,5218,2017,10
2017-10-01,QUE,Diesel,"Total, vehicle type",2610,2017,10
2017-10-01,QUE,Diesel,Passenger cars,71,2017,10
2017-10-01,QUE,Diesel,Pickup trucks,1992,2017,10
2017-10-01,QUE,Diesel,Multi-purpose vehicles,201,2017,10
2017-10-01,QUE,Diesel,Vans,346,2017,10
2017-10-01,QUE,All zero-emission vehicles,"Total, vehicle type",2409,2017,10
2017-10-01,QUE,All zero-emission vehicles,Passenger cars,2128,2017,10
2017-10-01,QUE,All zero-emission vehicles,Pickup trucks,0,2017,10
2017-10-01,QUE,All zero-emission vehicles,Multi-purpose vehicles,199,2017,10
2017-10-01,QUE,All zero-emission vehicles,Vans,82,2017,10
2017-10-01,QUE,Electric,"Total, vehicle type",1042,2017,10
2017-10-01,QUE,Electric,Passenger cars,902,2017,10
2017-10-01,QUE,Electric,Pickup trucks,0,2017,10
2017-10-01,QUE,Electric,Multi-purpose vehicles,140,2017,10
2017-10-01,QUE,Electric,Vans,0,2017,10
2017-10-01,QUE,Hybrid Electric,"Total, vehicle type",1367,2017,10
2017-10-01,QUE,Hybrid Electric,Passenger cars,1226,2017,10
2017-10-01,QUE,Hybrid Electric,Pickup trucks,0,2017,10
2017-10-01,QUE,Hybrid Electric,Multi-purpose vehicles,59,2017,10
2017-10-01,QUE,Hybrid Electric,Vans,82,2017,10
2017-10-01,QUE,Hybrid Electric,"Total, vehicle type",1471,2017,10
2017-10-01,QUE,Hybrid Electric,Passenger cars,841,2017,10
2017-10-01,QUE,Hybrid Electric,Pickup trucks,0,2017,10
2017-10-01,QUE,Hybrid Electric,Multi-purpose vehicles,630,2017,10
2017-10-01,QUE,Hybrid Electric,Vans,0,2017,10
2017-10-01,QUE,Other,"Total, vehicle type",4,2017,10
2017-10-01,QUE,Other,Passenger cars,0,2017,10
2017-10-01,QUE,Other,Pickup trucks,0,2017,10
2017-10-01,QUE,Other,Multi-purpose vehicles,0,2017,10
2017-10-01,QUE,Other,Vans,4,2017,10
2017-10-01,ON,All fuel types,"Total, vehicle type",179532,2017,10
2017-10-01,ON,All fuel types,Passenger cars,51455,2017,10
2017-10-01,ON,All fuel types,Pickup trucks,30080,2017,10
2017-10-01,ON,All fuel types,Multi-purpose vehicles,84930,2017,10
2017-10-01,ON,All fuel types,Vans,13067,2017,10
2017-10-01,ON,Gas,"Total, vehicle type",170305,2017,10
2017-10-01,ON,Gas,Passenger cars,48235,2017,10
2017-10-01,ON,Gas,Pickup trucks,26763,2017,10
2017-10-01,ON,Gas,Multi-purpose vehicles,83017,2017,10
2017-10-01,ON,Gas,Vans,12290,2017,10
2017-10-01,ON,Diesel,"Total, vehicle type",4587,2017,10
2017-10-01,ON,Diesel,Passenger cars,167,2017,10
2017-10-01,ON,Diesel,Pickup trucks,3317,2017,10
2017-10-01,ON,Diesel,Multi-purpose vehicles,575,2017,10
2017-10-01,ON,Diesel,Vans,528,2017,10
2017-10-01,ON,All zero-emission vehicles,"Total, vehicle type",2642,2017,10
2017-10-01,ON,All zero-emission vehicles,Passenger cars,1938,2017,10
2017-10-01,ON,All zero-emission vehicles,Pickup trucks,0,2017,10
2017-10-01,ON,All zero-emission vehicles,Multi-purpose vehicles,455,2017,10
2017-10-01,ON,All zero-emission vehicles,Vans,249,2017,10
2017-10-01,ON,Electric,"Total, vehicle type",1187,2017,10
2017-10-01,ON,Electric,Passenger cars,829,2017,10
2017-10-01,ON,Electric,Pickup trucks,0,2017,10
2017-10-01,ON,Electric,Multi-purpose vehicles,358,2017,10
2017-10-01,ON,Electric,Vans,0,2017,10
2017-10-01,ON,Hybrid Electric,"Total, vehicle type",1455,2017,10
2017-10-01,ON,Hybrid Electric,Passenger cars,1109,2017,10
2017-10-01,ON,Hybrid Electric,Pickup trucks,0,2017,10
2017-10-01,ON,Hybrid Electric,Multi-purpose vehicles,97,2017,10
2017-10-01,ON,Hybrid Electric,Vans,249,2017,10
2017-10-01,ON,Hybrid Electric,"Total, vehicle type",1998,2017,10
2017-10-01,ON,Hybrid Electric,Passenger cars,1115,2017,10
2017-10-01,ON,Hybrid Electric,Pickup trucks,0,2017,10
2017-10-01,ON,Hybrid Electric,Multi-purpose vehicles,883,2017,10
2017-10-01,ON,Hybrid Electric,Vans,0,2017,10
2017-10-01,ON,Other,"Total, vehicle type",0,2017,10
2017-10-01,ON,Other,Passenger cars,0,2017,10
2017-10-01,ON,Other,Pickup trucks,0,2017,10
2017-10-01,ON,Other,Multi-purpose vehicles,0,2017,10
2017-10-01,ON,Other,Vans,0,2017,10
2017-10-01,MB,All fuel types,"Total, vehicle type",13070,2017,10
2017-10-01,MB,All fuel types,Passenger cars,2540,2017,10
2017-10-01,MB,All fuel types,Pickup trucks,3611,2017,10
2017-10-01,MB,All fuel types,Multi-purpose vehicles,6281,2017,10
2017-10-01,MB,All fuel types,Vans,638,2017,10
2017-10-01,MB,Gas,"Total, vehicle type",12597,2017,10
2017-10-01,MB,Gas,Passenger cars,2472,2017,10
2017-10-01,MB,Gas,Pickup trucks,3301,2017,10
2017-10-01,MB,Gas,Multi-purpose vehicles,6215,2017,10
2017-10-01,MB,Gas,Vans,609,2017,10
2017-10-01,MB,Diesel,"Total, vehicle type",367,2017,10
2017-10-01,MB,Diesel,Passenger cars,9,2017,10
2017-10-01,MB,Diesel,Pickup trucks,310,2017,10
2017-10-01,MB,Diesel,Multi-purpose vehicles,22,2017,10
2017-10-01,MB,Diesel,Vans,26,2017,10
2017-10-01,MB,All zero-emission vehicles,"Total, vehicle type",12,2017,10
2017-10-01,MB,All zero-emission vehicles,Passenger cars,8,2017,10
2017-10-01,MB,All zero-emission vehicles,Pickup trucks,0,2017,10
2017-10-01,MB,All zero-emission vehicles,Multi-purpose vehicles,1,2017,10
2017-10-01,MB,All zero-emission vehicles,Vans,3,2017,10
2017-10-01,MB,Electric,"Total, vehicle type",4,2017,10
2017-10-01,MB,Electric,Passenger cars,4,2017,10
2017-10-01,MB,Electric,Pickup trucks,0,2017,10
2017-10-01,MB,Electric,Multi-purpose vehicles,0,2017,10
2017-10-01,MB,Electric,Vans,0,2017,10
2017-10-01,MB,Hybrid Electric,"Total, vehicle type",8,2017,10
2017-10-01,MB,Hybrid Electric,Passenger cars,4,2017,10
2017-10-01,MB,Hybrid Electric,Pickup trucks,0,2017,10
2017-10-01,MB,Hybrid Electric,Multi-purpose vehicles,1,2017,10
2017-10-01,MB,Hybrid Electric,Vans,3,2017,10
2017-10-01,MB,Hybrid Electric,"Total, vehicle type",94,2017,10
2017-10-01,MB,Hybrid Electric,Passenger cars,51,2017,10
2017-10-01,MB,Hybrid Electric,Pickup trucks,0,2017,10
2017-10-01,MB,Hybrid Electric,Multi-purpose vehicles,43,2017,10
2017-10-01,MB,Hybrid Electric,Vans,0,2017,10
2017-10-01,MB,Other,"Total, vehicle type",0,2017,10
2017-10-01,MB,Other,Passenger cars,0,2017,10
2017-10-01,MB,Other,Pickup trucks,0,2017,10
2017-10-01,MB,Other,Multi-purpose vehicles,0,2017,10
2017-10-01,MB,Other,Vans,0,2017,10
2017-10-01,SAS,All fuel types,"Total, vehicle type",12787,2017,10
2017-10-01,SAS,All fuel types,Passenger cars,1542,2017,10
2017-10-01,SAS,All fuel types,Pickup trucks,4842,2017,10
2017-10-01,SAS,All fuel types,Multi-purpose vehicles,5788,2017,10
2017-10-01,SAS,All fuel types,Vans,615,2017,10
2017-10-01,SAS,Gas,"Total, vehicle type",11901,2017,10
2017-10-01,SAS,Gas,Passenger cars,1494,2017,10
2017-10-01,SAS,Gas,Pickup trucks,4056,2017,10
2017-10-01,SAS,Gas,Multi-purpose vehicles,5754,2017,10
2017-10-01,SAS,Gas,Vans,597,2017,10
2017-10-01,SAS,Diesel,"Total, vehicle type",832,2017,10
2017-10-01,SAS,Diesel,Passenger cars,16,2017,10
2017-10-01,SAS,Diesel,Pickup trucks,786,2017,10
2017-10-01,SAS,Diesel,Multi-purpose vehicles,14,2017,10
2017-10-01,SAS,Diesel,Vans,16,2017,10
2017-10-01,SAS,All zero-emission vehicles,"Total, vehicle type",7,2017,10
2017-10-01,SAS,All zero-emission vehicles,Passenger cars,5,2017,10
2017-10-01,SAS,All zero-emission vehicles,Pickup trucks,0,2017,10
2017-10-01,SAS,All zero-emission vehicles,Multi-purpose vehicles,0,2017,10
2017-10-01,SAS,All zero-emission vehicles,Vans,2,2017,10
2017-10-01,SAS,Electric,"Total, vehicle type",4,2017,10
2017-10-01,SAS,Electric,Passenger cars,4,2017,10
2017-10-01,SAS,Electric,Pickup trucks,0,2017,10
2017-10-01,SAS,Electric,Multi-purpose vehicles,0,2017,10
2017-10-01,SAS,Electric,Vans,0,2017,10
2017-10-01,SAS,Hybrid Electric,"Total, vehicle type",3,2017,10
2017-10-01,SAS,Hybrid Electric,Passenger cars,1,2017,10
2017-10-01,SAS,Hybrid Electric,Pickup trucks,0,2017,10
2017-10-01,SAS,Hybrid Electric,Multi-purpose vehicles,0,2017,10
2017-10-01,SAS,Hybrid Electric,Vans,2,2017,10
2017-10-01,SAS,Hybrid Electric,"Total, vehicle type",47,2017,10
2017-10-01,SAS,Hybrid Electric,Passenger cars,27,2017,10
2017-10-01,SAS,Hybrid Electric,Pickup trucks,0,2017,10
2017-10-01,SAS,Hybrid Electric,Multi-purpose vehicles,20,2017,10
2017-10-01,SAS,Hybrid Electric,Vans,0,2017,10
2017-10-01,SAS,Other,"Total, vehicle type",0,2017,10
2017-10-01,SAS,Other,Passenger cars,0,2017,10
2017-10-01,SAS,Other,Pickup trucks,0,2017,10
2017-10-01,SAS,Other,Multi-purpose vehicles,0,2017,10
2017-10-01,SAS,Other,Vans,0,2017,10
2017-10-01,BC,All fuel types,"Total, vehicle type",52536,2017,10
2017-10-01,BC,All fuel types,Passenger cars,13300,2017,10
2017-10-01,BC,All fuel types,Pickup trucks,10465,2017,10
2017-10-01,BC,All fuel types,Multi-purpose vehicles,25381,2017,10
2017-10-01,BC,All fuel types,Vans,3390,2017,10
2017-10-01,BC,Gas,"Total, vehicle type",47967,2017,10
2017-10-01,BC,Gas,Passenger cars,12211,2017,10
2017-10-01,BC,Gas,Pickup trucks,8475,2017,10
2017-10-01,BC,Gas,Multi-purpose vehicles,24238,2017,10
2017-10-01,BC,Gas,Vans,3043,2017,10
2017-10-01,BC,Diesel,"Total, vehicle type",2622,2017,10
2017-10-01,BC,Diesel,Passenger cars,52,2017,10
2017-10-01,BC,Diesel,Pickup trucks,1990,2017,10
2017-10-01,BC,Diesel,Multi-purpose vehicles,279,2017,10
2017-10-01,BC,Diesel,Vans,301,2017,10
2017-10-01,BC,All zero-emission vehicles,"Total, vehicle type",788,2017,10
2017-10-01,BC,All zero-emission vehicles,Passenger cars,514,2017,10
2017-10-01,BC,All zero-emission vehicles,Pickup trucks,0,2017,10
2017-10-01,BC,All zero-emission vehicles,Multi-purpose vehicles,228,2017,10
2017-10-01,BC,All zero-emission vehicles,Vans,46,2017,10
2017-10-01,BC,Electric,"Total, vehicle type",503,2017,10
2017-10-01,BC,Electric,Passenger cars,328,2017,10
2017-10-01,BC,Electric,Pickup trucks,0,2017,10
2017-10-01,BC,Electric,Multi-purpose vehicles,175,2017,10
2017-10-01,BC,Electric,Vans,0,2017,10
2017-10-01,BC,Hybrid Electric,"Total, vehicle type",285,2017,10
2017-10-01,BC,Hybrid Electric,Passenger cars,186,2017,10
2017-10-01,BC,Hybrid Electric,Pickup trucks,0,2017,10
2017-10-01,BC,Hybrid Electric,Multi-purpose vehicles,53,2017,10
2017-10-01,BC,Hybrid Electric,Vans,46,2017,10
2017-10-01,BC,Hybrid Electric,"Total, vehicle type",1159,2017,10
2017-10-01,BC,Hybrid Electric,Passenger cars,523,2017,10
2017-10-01,BC,Hybrid Electric,Pickup trucks,0,2017,10
2017-10-01,BC,Hybrid Electric,Multi-purpose vehicles,636,2017,10
2017-10-01,BC,Hybrid Electric,Vans,0,2017,10
2017-10-01,BC,Other,"Total, vehicle type",0,2017,10
2017-10-01,BC,Other,Passenger cars,0,2017,10
2017-10-01,BC,Other,Pickup trucks,0,2017,10
2017-10-01,BC,Other,Multi-purpose vehicles,0,2017,10
2017-10-01,BC,Other,Vans,0,2017,10
2018-01-01,CAN,All fuel types,"Total, vehicle type",406120,2018,1
2018-01-01,CAN,All fuel types,Passenger cars,113487,2018,1
2018-01-01,CAN,All fuel types,Pickup trucks,80540,2018,1
2018-01-01,CAN,All fuel types,Multi-purpose vehicles,184446,2018,1
2018-01-01,CAN,All fuel types,Vans,27647,2018,1
2018-01-01,CAN,Gas,"Total, vehicle type",380187,2018,1
2018-01-01,CAN,Gas,Passenger cars,106260,2018,1
2018-01-01,CAN,Gas,Pickup trucks,68710,2018,1
2018-01-01,CAN,Gas,Multi-purpose vehicles,179223,2018,1
2018-01-01,CAN,Gas,Vans,25994,2018,1
2018-01-01,CAN,Diesel,"Total, vehicle type",14642,2018,1
2018-01-01,CAN,Diesel,Passenger cars,287,2018,1
2018-01-01,CAN,Diesel,Pickup trucks,11830,2018,1
2018-01-01,CAN,Diesel,Multi-purpose vehicles,1269,2018,1
2018-01-01,CAN,Diesel,Vans,1256,2018,1
2018-01-01,CAN,All zero-emission vehicles,"Total, vehicle type",6844,2018,1
2018-01-01,CAN,All zero-emission vehicles,Passenger cars,4899,2018,1
2018-01-01,CAN,All zero-emission vehicles,Pickup trucks,0,2018,1
2018-01-01,CAN,All zero-emission vehicles,Multi-purpose vehicles,1618,2018,1
2018-01-01,CAN,All zero-emission vehicles,Vans,327,2018,1
2018-01-01,CAN,Electric,"Total, vehicle type",2639,2018,1
2018-01-01,CAN,Electric,Passenger cars,2088,2018,1
2018-01-01,CAN,Electric,Pickup trucks,0,2018,1
2018-01-01,CAN,Electric,Multi-purpose vehicles,551,2018,1
2018-01-01,CAN,Electric,Vans,0,2018,1
2018-01-01,CAN,Hybrid Electric,"Total, vehicle type",4205,2018,1
2018-01-01,CAN,Hybrid Electric,Passenger cars,2811,2018,1
2018-01-01,CAN,Hybrid Electric,Pickup trucks,0,2018,1
2018-01-01,CAN,Hybrid Electric,Multi-purpose vehicles,1067,2018,1
2018-01-01,CAN,Hybrid Electric,Vans,327,2018,1
2018-01-01,CAN,Hybrid Electric,"Total, vehicle type",4377,2018,1
2018-01-01,CAN,Hybrid Electric,Passenger cars,2041,2018,1
2018-01-01,CAN,Hybrid Electric,Pickup trucks,0,2018,1
2018-01-01,CAN,Hybrid Electric,Multi-purpose vehicles,2336,2018,1
2018-01-01,CAN,Hybrid Electric,Vans,0,2018,1
2018-01-01,CAN,Other,"Total, vehicle type",70,2018,1
2018-01-01,CAN,Other,Passenger cars,0,2018,1
2018-01-01,CAN,Other,Pickup trucks,0,2018,1
2018-01-01,CAN,Other,Multi-purpose vehicles,0,2018,1
2018-01-01,CAN,Other,Vans,70,2018,1
2018-01-01,PEI,All fuel types,"Total, vehicle type",1360,2018,1
2018-01-01,PEI,All fuel types,Passenger cars,356,2018,1
2018-01-01,PEI,All fuel types,Pickup trucks,315,2018,1
2018-01-01,PEI,All fuel types,Multi-purpose vehicles,611,2018,1
2018-01-01,PEI,All fuel types,Vans,78,2018,1
2018-01-01,PEI,Gas,"Total, vehicle type",1307,2018,1
2018-01-01,PEI,Gas,Passenger cars,345,2018,1
2018-01-01,PEI,Gas,Pickup trucks,286,2018,1
2018-01-01,PEI,Gas,Multi-purpose vehicles,602,2018,1
2018-01-01,PEI,Gas,Vans,74,2018,1
2018-01-01,PEI,Diesel,"Total, vehicle type",33,2018,1
2018-01-01,PEI,Diesel,Passenger cars,1,2018,1
2018-01-01,PEI,Diesel,Pickup trucks,29,2018,1
2018-01-01,PEI,Diesel,Multi-purpose vehicles,0,2018,1
2018-01-01,PEI,Diesel,Vans,3,2018,1
2018-01-01,PEI,All zero-emission vehicles,"Total, vehicle type",5,2018,1
2018-01-01,PEI,All zero-emission vehicles,Passenger cars,3,2018,1
2018-01-01,PEI,All zero-emission vehicles,Pickup trucks,0,2018,1
2018-01-01,PEI,All zero-emission vehicles,Multi-purpose vehicles,1,2018,1
2018-01-01,PEI,All zero-emission vehicles,Vans,1,2018,1
2018-01-01,PEI,Electric,"Total, vehicle type",2,2018,1
2018-01-01,PEI,Electric,Passenger cars,2,2018,1
2018-01-01,PEI,Electric,Pickup trucks,0,2018,1
2018-01-01,PEI,Electric,Multi-purpose vehicles,0,2018,1
2018-01-01,PEI,Electric,Vans,0,2018,1
2018-01-01,PEI,Hybrid Electric,"Total, vehicle type",3,2018,1
2018-01-01,PEI,Hybrid Electric,Passenger cars,1,2018,1
2018-01-01,PEI,Hybrid Electric,Pickup trucks,0,2018,1
2018-01-01,PEI,Hybrid Electric,Multi-purpose vehicles,1,2018,1
2018-01-01,PEI,Hybrid Electric,Vans,1,2018,1
2018-01-01,PEI,Hybrid Electric,"Total, vehicle type",15,2018,1
2018-01-01,PEI,Hybrid Electric,Passenger cars,7,2018,1
2018-01-01,PEI,Hybrid Electric,Pickup trucks,0,2018,1
2018-01-01,PEI,Hybrid Electric,Multi-purpose vehicles,8,2018,1
2018-01-01,PEI,Hybrid Electric,Vans,0,2018,1
2018-01-01,PEI,Other,"Total, vehicle type",0,2018,1
2018-01-01,PEI,Other,Passenger cars,0,2018,1
2018-01-01,PEI,Other,Pickup trucks,0,2018,1
2018-01-01,PEI,Other,Multi-purpose vehicles,0,2018,1
2018-01-01,PEI,Other,Vans,0,2018,1
2018-01-01,NB,All fuel types,"Total, vehicle type",7551,2018,1
2018-01-01,NB,All fuel types,Passenger cars,1742,2018,1
2018-01-01,NB,All fuel types,Pickup trucks,1937,2018,1
2018-01-01,NB,All fuel types,Multi-purpose vehicles,3551,2018,1
2018-01-01,NB,All fuel types,Vans,321,2018,1
2018-01-01,NB,Gas,"Total, vehicle type",7312,2018,1
2018-01-01,NB,Gas,Passenger cars,1712,2018,1
2018-01-01,NB,Gas,Pickup trucks,1776,2018,1
2018-01-01,NB,Gas,Multi-purpose vehicles,3518,2018,1
2018-01-01,NB,Gas,Vans,306,2018,1
2018-01-01,NB,Diesel,"Total, vehicle type",188,2018,1
2018-01-01,NB,Diesel,Passenger cars,6,2018,1
2018-01-01,NB,Diesel,Pickup trucks,161,2018,1
2018-01-01,NB,Diesel,Multi-purpose vehicles,6,2018,1
2018-01-01,NB,Diesel,Vans,15,2018,1
2018-01-01,NB,All zero-emission vehicles,"Total, vehicle type",10,2018,1
2018-01-01,NB,All zero-emission vehicles,Passenger cars,7,2018,1
2018-01-01,NB,All zero-emission vehicles,Pickup trucks,0,2018,1
2018-01-01,NB,All zero-emission vehicles,Multi-purpose vehicles,3,2018,1
2018-01-01,NB,All zero-emission vehicles,Vans,0,2018,1
2018-01-01,NB,Electric,"Total, vehicle type",3,2018,1
2018-01-01,NB,Electric,Passenger cars,3,2018,1
2018-01-01,NB,Electric,Pickup trucks,0,2018,1
2018-01-01,NB,Electric,Multi-purpose vehicles,0,2018,1
2018-01-01,NB,Electric,Vans,0,2018,1
2018-01-01,NB,Hybrid Electric,"Total, vehicle type",7,2018,1
2018-01-01,NB,Hybrid Electric,Passenger cars,4,2018,1
2018-01-01,NB,Hybrid Electric,Pickup trucks,0,2018,1
2018-01-01,NB,Hybrid Electric,Multi-purpose vehicles,3,2018,1
2018-01-01,NB,Hybrid Electric,Vans,0,2018,1
2018-01-01,NB,Hybrid Electric,"Total, vehicle type",41,2018,1
2018-01-01,NB,Hybrid Electric,Passenger cars,17,2018,1
2018-01-01,NB,Hybrid Electric,Pickup trucks,0,2018,1
2018-01-01,NB,Hybrid Electric,Multi-purpose vehicles,24,2018,1
2018-01-01,NB,Hybrid Electric,Vans,0,2018,1
2018-01-01,NB,Other,"Total, vehicle type",0,2018,1
2018-01-01,NB,Other,Passenger cars,0,2018,1
2018-01-01,NB,Other,Pickup trucks,0,2018,1
2018-01-01,NB,Other,Multi-purpose vehicles,0,2018,1
2018-01-01,NB,Other,Vans,0,2018,1
2018-01-01,QUE,All fuel types,"Total, vehicle type",91315,2018,1
2018-01-01,QUE,All fuel types,Passenger cars,31907,2018,1
2018-01-01,QUE,All fuel types,Pickup trucks,12153,2018,1
2018-01-01,QUE,All fuel types,Multi-purpose vehicles,41779,2018,1
2018-01-01,QUE,All fuel types,Vans,5476,2018,1
2018-01-01,QUE,Gas,"Total, vehicle type",85436,2018,1
2018-01-01,QUE,Gas,Passenger cars,29357,2018,1
2018-01-01,QUE,Gas,Pickup trucks,10555,2018,1
2018-01-01,QUE,Gas,Multi-purpose vehicles,40450,2018,1
2018-01-01,QUE,Gas,Vans,5074,2018,1
2018-01-01,QUE,Diesel,"Total, vehicle type",2164,2018,1
2018-01-01,QUE,Diesel,Passenger cars,46,2018,1
2018-01-01,QUE,Diesel,Pickup trucks,1598,2018,1
2018-01-01,QUE,Diesel,Multi-purpose vehicles,215,2018,1
2018-01-01,QUE,Diesel,Vans,305,2018,1
2018-01-01,QUE,All zero-emission vehicles,"Total, vehicle type",2565,2018,1
2018-01-01,QUE,All zero-emission vehicles,Passenger cars,1935,2018,1
2018-01-01,QUE,All zero-emission vehicles,Pickup trucks,0,2018,1
2018-01-01,QUE,All zero-emission vehicles,Multi-purpose vehicles,560,2018,1
2018-01-01,QUE,All zero-emission vehicles,Vans,70,2018,1
2018-01-01,QUE,Electric,"Total, vehicle type",935,2018,1
2018-01-01,QUE,Electric,Passenger cars,832,2018,1
2018-01-01,QUE,Electric,Pickup trucks,0,2018,1
2018-01-01,QUE,Electric,Multi-purpose vehicles,103,2018,1
2018-01-01,QUE,Electric,Vans,0,2018,1
2018-01-01,QUE,Hybrid Electric,"Total, vehicle type",1630,2018,1
2018-01-01,QUE,Hybrid Electric,Passenger cars,1103,2018,1
2018-01-01,QUE,Hybrid Electric,Pickup trucks,0,2018,1
2018-01-01,QUE,Hybrid Electric,Multi-purpose vehicles,457,2018,1
2018-01-01,QUE,Hybrid Electric,Vans,70,2018,1
2018-01-01,QUE,Hybrid Electric,"Total, vehicle type",1123,2018,1
2018-01-01,QUE,Hybrid Electric,Passenger cars,569,2018,1
2018-01-01,QUE,Hybrid Electric,Pickup trucks,0,2018,1
2018-01-01,QUE,Hybrid Electric,Multi-purpose vehicles,554,2018,1
2018-01-01,QUE,Hybrid Electric,Vans,0,2018,1
2018-01-01,QUE,Other,"Total, vehicle type",27,2018,1
2018-01-01,QUE,Other,Passenger cars,0,2018,1
2018-01-01,QUE,Other,Pickup trucks,0,2018,1
2018-01-01,QUE,Other,Multi-purpose vehicles,0,2018,1
2018-01-01,QUE,Other,Vans,27,2018,1
2018-01-01,ON,All fuel types,"Total, vehicle type",165401,2018,1
2018-01-01,ON,All fuel types,Passenger cars,47845,2018,1
2018-01-01,ON,All fuel types,Pickup trucks,28028,2018,1
2018-01-01,ON,All fuel types,Multi-purpose vehicles,76236,2018,1
2018-01-01,ON,All fuel types,Vans,13292,2018,1
2018-01-01,ON,Gas,"Total, vehicle type",156770,2018,1
2018-01-01,ON,Gas,Passenger cars,44959,2018,1
2018-01-01,ON,Gas,Pickup trucks,24967,2018,1
2018-01-01,ON,Gas,Multi-purpose vehicles,74308,2018,1
2018-01-01,ON,Gas,Vans,12536,2018,1
2018-01-01,ON,Diesel,"Total, vehicle type",4347,2018,1
2018-01-01,ON,Diesel,Passenger cars,131,2018,1
2018-01-01,ON,Diesel,Pickup trucks,3061,2018,1
2018-01-01,ON,Diesel,Multi-purpose vehicles,622,2018,1
2018-01-01,ON,Diesel,Vans,533,2018,1
2018-01-01,ON,All zero-emission vehicles,"Total, vehicle type",2748,2018,1
2018-01-01,ON,All zero-emission vehicles,Passenger cars,2006,2018,1
2018-01-01,ON,All zero-emission vehicles,Pickup trucks,0,2018,1
2018-01-01,ON,All zero-emission vehicles,Multi-purpose vehicles,533,2018,1
2018-01-01,ON,All zero-emission vehicles,Vans,209,2018,1
2018-01-01,ON,Electric,"Total, vehicle type",928,2018,1
2018-01-01,ON,Electric,Passenger cars,754,2018,1
2018-01-01,ON,Electric,Pickup trucks,0,2018,1
2018-01-01,ON,Electric,Multi-purpose vehicles,174,2018,1
2018-01-01,ON,Electric,Vans,0,2018,1
2018-01-01,ON,Hybrid Electric,"Total, vehicle type",1820,2018,1
2018-01-01,ON,Hybrid Electric,Passenger cars,1252,2018,1
2018-01-01,ON,Hybrid Electric,Pickup trucks,0,2018,1
2018-01-01,ON,Hybrid Electric,Multi-purpose vehicles,359,2018,1
2018-01-01,ON,Hybrid Electric,Vans,209,2018,1
2018-01-01,ON,Hybrid Electric,"Total, vehicle type",1522,2018,1
2018-01-01,ON,Hybrid Electric,Passenger cars,749,2018,1
2018-01-01,ON,Hybrid Electric,Pickup trucks,0,2018,1
2018-01-01,ON,Hybrid Electric,Multi-purpose vehicles,773,2018,1
2018-01-01,ON,Hybrid Electric,Vans,0,2018,1
2018-01-01,ON,Other,"Total, vehicle type",14,2018,1
2018-01-01,ON,Other,Passenger cars,0,2018,1
2018-01-01,ON,Other,Pickup trucks,0,2018,1
2018-01-01,ON,Other,Multi-purpose vehicles,0,2018,1
2018-01-01,ON,Other,Vans,14,2018,1
2018-01-01,MB,All fuel types,"Total, vehicle type",11488,2018,1
2018-01-01,MB,All fuel types,Passenger cars,2457,2018,1
2018-01-01,MB,All fuel types,Pickup trucks,2912,2018,1
2018-01-01,MB,All fuel types,Multi-purpose vehicles,5346,2018,1
2018-01-01,MB,All fuel types,Vans,773,2018,1
2018-01-01,MB,Gas,"Total, vehicle type",11120,2018,1
2018-01-01,MB,Gas,Passenger cars,2408,2018,1
2018-01-01,MB,Gas,Pickup trucks,2654,2018,1
2018-01-01,MB,Gas,Multi-purpose vehicles,5303,2018,1
2018-01-01,MB,Gas,Vans,755,2018,1
2018-01-01,MB,Diesel,"Total, vehicle type",289,2018,1
2018-01-01,MB,Diesel,Passenger cars,6,2018,1
2018-01-01,MB,Diesel,Pickup trucks,258,2018,1
2018-01-01,MB,Diesel,Multi-purpose vehicles,8,2018,1
2018-01-01,MB,Diesel,Vans,17,2018,1
2018-01-01,MB,All zero-emission vehicles,"Total, vehicle type",15,2018,1
2018-01-01,MB,All zero-emission vehicles,Passenger cars,11,2018,1
2018-01-01,MB,All zero-emission vehicles,Pickup trucks,0,2018,1
2018-01-01,MB,All zero-emission vehicles,Multi-purpose vehicles,4,2018,1
2018-01-01,MB,All zero-emission vehicles,Vans,0,2018,1
2018-01-01,MB,Electric,"Total, vehicle type",6,2018,1
2018-01-01,MB,Electric,Passenger cars,5,2018,1
2018-01-01,MB,Electric,Pickup trucks,0,2018,1
2018-01-01,MB,Electric,Multi-purpose vehicles,1,2018,1
2018-01-01,MB,Electric,Vans,0,2018,1
2018-01-01,MB,Hybrid Electric,"Total, vehicle type",9,2018,1
2018-01-01,MB,Hybrid Electric,Passenger cars,6,2018,1
2018-01-01,MB,Hybrid Electric,Pickup trucks,0,2018,1
2018-01-01,MB,Hybrid Electric,Multi-purpose vehicles,3,2018,1
2018-01-01,MB,Hybrid Electric,Vans,0,2018,1
2018-01-01,MB,Hybrid Electric,"Total, vehicle type",63,2018,1
2018-01-01,MB,Hybrid Electric,Passenger cars,32,2018,1
2018-01-01,MB,Hybrid Electric,Pickup trucks,0,2018,1
2018-01-01,MB,Hybrid Electric,Multi-purpose vehicles,31,2018,1
2018-01-01,MB,Hybrid Electric,Vans,0,2018,1
2018-01-01,MB,Other,"Total, vehicle type",1,2018,1
2018-01-01,MB,Other,Passenger cars,0,2018,1
2018-01-01,MB,Other,Pickup trucks,0,2018,1
2018-01-01,MB,Other,Multi-purpose vehicles,0,2018,1
2018-01-01,MB,Other,Vans,1,2018,1
2018-01-01,SAS,All fuel types,"Total, vehicle type",11420,2018,1
2018-01-01,SAS,All fuel types,Passenger cars,1733,2018,1
2018-01-01,SAS,All fuel types,Pickup trucks,4091,2018,1
2018-01-01,SAS,All fuel types,Multi-purpose vehicles,4982,2018,1
2018-01-01,SAS,All fuel types,Vans,614,2018,1
2018-01-01,SAS,Gas,"Total, vehicle type",10578,2018,1
2018-01-01,SAS,Gas,Passenger cars,1702,2018,1
2018-01-01,SAS,Gas,Pickup trucks,3362,2018,1
2018-01-01,SAS,Gas,Multi-purpose vehicles,4917,2018,1
2018-01-01,SAS,Gas,Vans,597,2018,1
2018-01-01,SAS,Diesel,"Total, vehicle type",776,2018,1
2018-01-01,SAS,Diesel,Passenger cars,9,2018,1
2018-01-01,SAS,Diesel,Pickup trucks,729,2018,1
2018-01-01,SAS,Diesel,Multi-purpose vehicles,24,2018,1
2018-01-01,SAS,Diesel,Vans,14,2018,1
2018-01-01,SAS,All zero-emission vehicles,"Total, vehicle type",11,2018,1
2018-01-01,SAS,All zero-emission vehicles,Passenger cars,2,2018,1
2018-01-01,SAS,All zero-emission vehicles,Pickup trucks,0,2018,1
2018-01-01,SAS,All zero-emission vehicles,Multi-purpose vehicles,6,2018,1
2018-01-01,SAS,All zero-emission vehicles,Vans,3,2018,1
2018-01-01,SAS,Electric,"Total, vehicle type",3,2018,1
2018-01-01,SAS,Electric,Passenger cars,1,2018,1
2018-01-01,SAS,Electric,Pickup trucks,0,2018,1
2018-01-01,SAS,Electric,Multi-purpose vehicles,2,2018,1
2018-01-01,SAS,Electric,Vans,0,2018,1
2018-01-01,SAS,Hybrid Electric,"Total, vehicle type",8,2018,1
2018-01-01,SAS,Hybrid Electric,Passenger cars,1,2018,1
2018-01-01,SAS,Hybrid Electric,Pickup trucks,0,2018,1
2018-01-01,SAS,Hybrid Electric,Multi-purpose vehicles,4,2018,1
2018-01-01,SAS,Hybrid Electric,Vans,3,2018,1
2018-01-01,SAS,Hybrid Electric,"Total, vehicle type",55,2018,1
2018-01-01,SAS,Hybrid Electric,Passenger cars,20,2018,1
2018-01-01,SAS,Hybrid Electric,Pickup trucks,0,2018,1
2018-01-01,SAS,Hybrid Electric,Multi-purpose vehicles,35,2018,1
2018-01-01,SAS,Hybrid Electric,Vans,0,2018,1
2018-01-01,SAS,Other,"Total, vehicle type",0,2018,1
2018-01-01,SAS,Other,Passenger cars,0,2018,1
2018-01-01,SAS,Other,Pickup trucks,0,2018,1
2018-01-01,SAS,Other,Multi-purpose vehicles,0,2018,1
2018-01-01,SAS,Other,Vans,0,2018,1
2018-01-01,BC,All fuel types,"Total, vehicle type",50936,2018,1
2018-01-01,BC,All fuel types,Passenger cars,14449,2018,1
2018-01-01,BC,All fuel types,Pickup trucks,10242,2018,1
2018-01-01,BC,All fuel types,Multi-purpose vehicles,22969,2018,1
2018-01-01,BC,All fuel types,Vans,3276,2018,1
2018-01-01,BC,Gas,"Total, vehicle type",45584,2018,1
2018-01-01,BC,Gas,Passenger cars,13067,2018,1
2018-01-01,BC,Gas,Pickup trucks,7998,2018,1
2018-01-01,BC,Gas,Multi-purpose vehicles,21549,2018,1
2018-01-01,BC,Gas,Vans,2970,2018,1
2018-01-01,BC,Diesel,"Total, vehicle type",2851,2018,1
2018-01-01,BC,Diesel,Passenger cars,53,2018,1
2018-01-01,BC,Diesel,Pickup trucks,2244,2018,1
2018-01-01,BC,Diesel,Multi-purpose vehicles,286,2018,1
2018-01-01,BC,Diesel,Vans,268,2018,1
2018-01-01,BC,All zero-emission vehicles,"Total, vehicle type",1366,2018,1
2018-01-01,BC,All zero-emission vehicles,Passenger cars,872,2018,1
2018-01-01,BC,All zero-emission vehicles,Pickup trucks,0,2018,1
2018-01-01,BC,All zero-emission vehicles,Multi-purpose vehicles,456,2018,1
2018-01-01,BC,All zero-emission vehicles,Vans,38,2018,1
2018-01-01,BC,Electric,"Total, vehicle type",713,2018,1
2018-01-01,BC,Electric,Passenger cars,463,2018,1
2018-01-01,BC,Electric,Pickup trucks,0,2018,1
2018-01-01,BC,Electric,Multi-purpose vehicles,250,2018,1
2018-01-01,BC,Electric,Vans,0,2018,1
2018-01-01,BC,Hybrid Electric,"Total, vehicle type",653,2018,1
2018-01-01,BC,Hybrid Electric,Passenger cars,409,2018,1
2018-01-01,BC,Hybrid Electric,Pickup trucks,0,2018,1
2018-01-01,BC,Hybrid Electric,Multi-purpose vehicles,206,2018,1
2018-01-01,BC,Hybrid Electric,Vans,38,2018,1
2018-01-01,BC,Hybrid Electric,"Total, vehicle type",1135,2018,1
2018-01-01,BC,Hybrid Electric,Passenger cars,457,2018,1
2018-01-01,BC,Hybrid Electric,Pickup trucks,0,2018,1
2018-01-01,BC,Hybrid Electric,Multi-purpose vehicles,678,2018,1
2018-01-01,BC,Hybrid Electric,Vans,0,2018,1
2018-01-01,BC,Other,"Total, vehicle type",0,2018,1
2018-01-01,BC,Other,Passenger cars,0,2018,1
2018-01-01,BC,Other,Pickup trucks,0,2018,1
2018-01-01,BC,Other,Multi-purpose vehicles,0,2018,1
2018-01-01,BC,Other,Vans,0,2018,1
2018-04-01,CAN,All fuel types,"Total, vehicle type",607876,2018,4
2018-04-01,CAN,All fuel types,Passenger cars,188171,2018,4
2018-04-01,CAN,All fuel types,Pickup trucks,119111,2018,4
2018-04-01,CAN,All fuel types,Multi-purpose vehicles,263166,2018,4
2018-04-01,CAN,All fuel types,Vans,37428,2018,4
2018-04-01,CAN,Gas,"Total, vehicle type",563103,2018,4
2018-04-01,CAN,Gas,Passenger cars,171844,2018,4
2018-04-01,CAN,Gas,Pickup trucks,101585,2018,4
2018-04-01,CAN,Gas,Multi-purpose vehicles,254923,2018,4
2018-04-01,CAN,Gas,Vans,34751,2018,4
2018-04-01,CAN,Diesel,"Total, vehicle type",21781,2018,4
2018-04-01,CAN,Diesel,Passenger cars,475,2018,4
2018-04-01,CAN,Diesel,Pickup trucks,17526,2018,4
2018-04-01,CAN,Diesel,Multi-purpose vehicles,1749,2018,4
2018-04-01,CAN,Diesel,Vans,2031,2018,4
2018-04-01,CAN,All zero-emission vehicles,"Total, vehicle type",14879,2018,4
2018-04-01,CAN,All zero-emission vehicles,Passenger cars,11575,2018,4
2018-04-01,CAN,All zero-emission vehicles,Pickup trucks,0,2018,4
2018-04-01,CAN,All zero-emission vehicles,Multi-purpose vehicles,2737,2018,4
2018-04-01,CAN,All zero-emission vehicles,Vans,567,2018,4
2018-04-01,CAN,Electric,"Total, vehicle type",7393,2018,4
2018-04-01,CAN,Electric,Passenger cars,6598,2018,4
2018-04-01,CAN,Electric,Pickup trucks,0,2018,4
2018-04-01,CAN,Electric,Multi-purpose vehicles,795,2018,4
2018-04-01,CAN,Electric,Vans,0,2018,4
2018-04-01,CAN,Hybrid Electric,"Total, vehicle type",7486,2018,4
2018-04-01,CAN,Hybrid Electric,Passenger cars,4977,2018,4
2018-04-01,CAN,Hybrid Electric,Pickup trucks,0,2018,4
2018-04-01,CAN,Hybrid Electric,Multi-purpose vehicles,1942,2018,4
2018-04-01,CAN,Hybrid Electric,Vans,567,2018,4
2018-04-01,CAN,Hybrid Electric,"Total, vehicle type",8034,2018,4
2018-04-01,CAN,Hybrid Electric,Passenger cars,4277,2018,4
2018-04-01,CAN,Hybrid Electric,Pickup trucks,0,2018,4
2018-04-01,CAN,Hybrid Electric,Multi-purpose vehicles,3757,2018,4
2018-04-01,CAN,Hybrid Electric,Vans,0,2018,4
2018-04-01,CAN,Other,"Total, vehicle type",79,2018,4
2018-04-01,CAN,Other,Passenger cars,0,2018,4
2018-04-01,CAN,Other,Pickup trucks,0,2018,4
2018-04-01,CAN,Other,Multi-purpose vehicles,0,2018,4
2018-04-01,CAN,Other,Vans,79,2018,4
2018-04-01,PEI,All fuel types,"Total, vehicle type",2868,2018,4
2018-04-01,PEI,All fuel types,Passenger cars,849,2018,4
2018-04-01,PEI,All fuel types,Pickup trucks,590,2018,4
2018-04-01,PEI,All fuel types,Multi-purpose vehicles,1244,2018,4
2018-04-01,PEI,All fuel types,Vans,185,2018,4
2018-04-01,PEI,Gas,"Total, vehicle type",2776,2018,4
2018-04-01,PEI,Gas,Passenger cars,834,2018,4
2018-04-01,PEI,Gas,Pickup trucks,537,2018,4
2018-04-01,PEI,Gas,Multi-purpose vehicles,1222,2018,4
2018-04-01,PEI,Gas,Vans,183,2018,4
2018-04-01,PEI,Diesel,"Total, vehicle type",56,2018,4
2018-04-01,PEI,Diesel,Passenger cars,0,2018,4
2018-04-01,PEI,Diesel,Pickup trucks,53,2018,4
2018-04-01,PEI,Diesel,Multi-purpose vehicles,1,2018,4
2018-04-01,PEI,Diesel,Vans,2,2018,4
2018-04-01,PEI,All zero-emission vehicles,"Total, vehicle type",5,2018,4
2018-04-01,PEI,All zero-emission vehicles,Passenger cars,3,2018,4
2018-04-01,PEI,All zero-emission vehicles,Pickup trucks,0,2018,4
2018-04-01,PEI,All zero-emission vehicles,Multi-purpose vehicles,2,2018,4
2018-04-01,PEI,All zero-emission vehicles,Vans,0,2018,4
2018-04-01,PEI,Electric,"Total, vehicle type",3,2018,4
2018-04-01,PEI,Electric,Passenger cars,2,2018,4
2018-04-01,PEI,Electric,Pickup trucks,0,2018,4
2018-04-01,PEI,Electric,Multi-purpose vehicles,1,2018,4
2018-04-01,PEI,Electric,Vans,0,2018,4
2018-04-01,PEI,Hybrid Electric,"Total, vehicle type",2,2018,4
2018-04-01,PEI,Hybrid Electric,Passenger cars,1,2018,4
2018-04-01,PEI,Hybrid Electric,Pickup trucks,0,2018,4
2018-04-01,PEI,Hybrid Electric,Multi-purpose vehicles,1,2018,4
2018-04-01,PEI,Hybrid Electric,Vans,0,2018,4
2018-04-01,PEI,Hybrid Electric,"Total, vehicle type",31,2018,4
2018-04-01,PEI,Hybrid Electric,Passenger cars,12,2018,4
2018-04-01,PEI,Hybrid Electric,Pickup trucks,0,2018,4
2018-04-01,PEI,Hybrid Electric,Multi-purpose vehicles,19,2018,4
2018-04-01,PEI,Hybrid Electric,Vans,0,2018,4
2018-04-01,PEI,Other,"Total, vehicle type",0,2018,4
2018-04-01,PEI,Other,Passenger cars,0,2018,4
2018-04-01,PEI,Other,Pickup trucks,0,2018,4
2018-04-01,PEI,Other,Multi-purpose vehicles,0,2018,4
2018-04-01,PEI,Other,Vans,0,2018,4
2018-04-01,NB,All fuel types,"Total, vehicle type",13394,2018,4
2018-04-01,NB,All fuel types,Passenger cars,3726,2018,4
2018-04-01,NB,All fuel types,Pickup trucks,3215,2018,4
2018-04-01,NB,All fuel types,Multi-purpose vehicles,5916,2018,4
2018-04-01,NB,All fuel types,Vans,537,2018,4
2018-04-01,NB,Gas,"Total, vehicle type",13002,2018,4
2018-04-01,NB,Gas,Passenger cars,3658,2018,4
2018-04-01,NB,Gas,Pickup trucks,2965,2018,4
2018-04-01,NB,Gas,Multi-purpose vehicles,5865,2018,4
2018-04-01,NB,Gas,Vans,514,2018,4
2018-04-01,NB,Diesel,"Total, vehicle type",271,2018,4
2018-04-01,NB,Diesel,Passenger cars,2,2018,4
2018-04-01,NB,Diesel,Pickup trucks,250,2018,4
2018-04-01,NB,Diesel,Multi-purpose vehicles,3,2018,4
2018-04-01,NB,Diesel,Vans,16,2018,4
2018-04-01,NB,All zero-emission vehicles,"Total, vehicle type",16,2018,4
2018-04-01,NB,All zero-emission vehicles,Passenger cars,9,2018,4
2018-04-01,NB,All zero-emission vehicles,Pickup trucks,0,2018,4
2018-04-01,NB,All zero-emission vehicles,Multi-purpose vehicles,6,2018,4
2018-04-01,NB,All zero-emission vehicles,Vans,1,2018,4
2018-04-01,NB,Electric,"Total, vehicle type",2,2018,4
2018-04-01,NB,Electric,Passenger cars,2,2018,4
2018-04-01,NB,Electric,Pickup trucks,0,2018,4
2018-04-01,NB,Electric,Multi-purpose vehicles,0,2018,4
2018-04-01,NB,Electric,Vans,0,2018,4
2018-04-01,NB,Hybrid Electric,"Total, vehicle type",14,2018,4
2018-04-01,NB,Hybrid Electric,Passenger cars,7,2018,4
2018-04-01,NB,Hybrid Electric,Pickup trucks,0,2018,4
2018-04-01,NB,Hybrid Electric,Multi-purpose vehicles,6,2018,4
2018-04-01,NB,Hybrid Electric,Vans,1,2018,4
2018-04-01,NB,Hybrid Electric,"Total, vehicle type",99,2018,4
2018-04-01,NB,Hybrid Electric,Passenger cars,57,2018,4
2018-04-01,NB,Hybrid Electric,Pickup trucks,0,2018,4
2018-04-01,NB,Hybrid Electric,Multi-purpose vehicles,42,2018,4
2018-04-01,NB,Hybrid Electric,Vans,0,2018,4
2018-04-01,NB,Other,"Total, vehicle type",6,2018,4
2018-04-01,NB,Other,Passenger cars,0,2018,4
2018-04-01,NB,Other,Pickup trucks,0,2018,4
2018-04-01,NB,Other,Multi-purpose vehicles,0,2018,4
2018-04-01,NB,Other,Vans,6,2018,4
2018-04-01,QUE,All fuel types,"Total, vehicle type",147721,2018,4
2018-04-01,QUE,All fuel types,Passenger cars,55759,2018,4
2018-04-01,QUE,All fuel types,Pickup trucks,20506,2018,4
2018-04-01,QUE,All fuel types,Multi-purpose vehicles,62862,2018,4
2018-04-01,QUE,All fuel types,Vans,8594,2018,4
2018-04-01,QUE,Gas,"Total, vehicle type",136378,2018,4
2018-04-01,QUE,Gas,Passenger cars,50332,2018,4
2018-04-01,QUE,Gas,Pickup trucks,17511,2018,4
2018-04-01,QUE,Gas,Multi-purpose vehicles,60626,2018,4
2018-04-01,QUE,Gas,Vans,7909,2018,4
2018-04-01,QUE,Diesel,"Total, vehicle type",3939,2018,4
2018-04-01,QUE,Diesel,Passenger cars,106,2018,4
2018-04-01,QUE,Diesel,Pickup trucks,2995,2018,4
2018-04-01,QUE,Diesel,Multi-purpose vehicles,277,2018,4
2018-04-01,QUE,Diesel,Vans,561,2018,4
2018-04-01,QUE,All zero-emission vehicles,"Total, vehicle type",5121,2018,4
2018-04-01,QUE,All zero-emission vehicles,Passenger cars,4045,2018,4
2018-04-01,QUE,All zero-emission vehicles,Pickup trucks,0,2018,4
2018-04-01,QUE,All zero-emission vehicles,Multi-purpose vehicles,993,2018,4
2018-04-01,QUE,All zero-emission vehicles,Vans,83,2018,4
2018-04-01,QUE,Electric,"Total, vehicle type",2140,2018,4
2018-04-01,QUE,Electric,Passenger cars,1934,2018,4
2018-04-01,QUE,Electric,Pickup trucks,0,2018,4
2018-04-01,QUE,Electric,Multi-purpose vehicles,206,2018,4
2018-04-01,QUE,Electric,Vans,0,2018,4
2018-04-01,QUE,Hybrid Electric,"Total, vehicle type",2981,2018,4
2018-04-01,QUE,Hybrid Electric,Passenger cars,2111,2018,4
2018-04-01,QUE,Hybrid Electric,Pickup trucks,0,2018,4
2018-04-01,QUE,Hybrid Electric,Multi-purpose vehicles,787,2018,4
2018-04-01,QUE,Hybrid Electric,Vans,83,2018,4
2018-04-01,QUE,Hybrid Electric,"Total, vehicle type",2242,2018,4
2018-04-01,QUE,Hybrid Electric,Passenger cars,1276,2018,4
2018-04-01,QUE,Hybrid Electric,Pickup trucks,0,2018,4
2018-04-01,QUE,Hybrid Electric,Multi-purpose vehicles,966,2018,4
2018-04-01,QUE,Hybrid Electric,Vans,0,2018,4
2018-04-01,QUE,Other,"Total, vehicle type",41,2018,4
2018-04-01,QUE,Other,Passenger cars,0,2018,4
2018-04-01,QUE,Other,Pickup trucks,0,2018,4
2018-04-01,QUE,Other,Multi-purpose vehicles,0,2018,4
2018-04-01,QUE,Other,Vans,41,2018,4
2018-04-01,ON,All fuel types,"Total, vehicle type",239898,2018,4
2018-04-01,ON,All fuel types,Passenger cars,77454,2018,4
2018-04-01,ON,All fuel types,Pickup trucks,41155,2018,4
2018-04-01,ON,All fuel types,Multi-purpose vehicles,105166,2018,4
2018-04-01,ON,All fuel types,Vans,16123,2018,4
2018-04-01,ON,Gas,"Total, vehicle type",223849,2018,4
2018-04-01,ON,Gas,Passenger cars,70260,2018,4
2018-04-01,ON,Gas,Pickup trucks,36501,2018,4
2018-04-01,ON,Gas,Multi-purpose vehicles,102100,2018,4
2018-04-01,ON,Gas,Vans,14988,2018,4
2018-04-01,ON,Diesel,"Total, vehicle type",6340,2018,4
2018-04-01,ON,Diesel,Passenger cars,211,2018,4
2018-04-01,ON,Diesel,Pickup trucks,4654,2018,4
2018-04-01,ON,Diesel,Multi-purpose vehicles,752,2018,4
2018-04-01,ON,Diesel,Vans,723,2018,4
2018-04-01,ON,All zero-emission vehicles,"Total, vehicle type",6946,2018,4
2018-04-01,ON,All zero-emission vehicles,Passenger cars,5519,2018,4
2018-04-01,ON,All zero-emission vehicles,Pickup trucks,0,2018,4
2018-04-01,ON,All zero-emission vehicles,Multi-purpose vehicles,1019,2018,4
2018-04-01,ON,All zero-emission vehicles,Vans,408,2018,4
2018-04-01,ON,Electric,"Total, vehicle type",3615,2018,4
2018-04-01,ON,Electric,Passenger cars,3303,2018,4
2018-04-01,ON,Electric,Pickup trucks,0,2018,4
2018-04-01,ON,Electric,Multi-purpose vehicles,312,2018,4
2018-04-01,ON,Electric,Vans,0,2018,4
2018-04-01,ON,Hybrid Electric,"Total, vehicle type",3331,2018,4
2018-04-01,ON,Hybrid Electric,Passenger cars,2216,2018,4
2018-04-01,ON,Hybrid Electric,Pickup trucks,0,2018,4
2018-04-01,ON,Hybrid Electric,Multi-purpose vehicles,707,2018,4
2018-04-01,ON,Hybrid Electric,Vans,408,2018,4
2018-04-01,ON,Hybrid Electric,"Total, vehicle type",2759,2018,4
2018-04-01,ON,Hybrid Electric,Passenger cars,1464,2018,4
2018-04-01,ON,Hybrid Electric,Pickup trucks,0,2018,4
2018-04-01,ON,Hybrid Electric,Multi-purpose vehicles,1295,2018,4
2018-04-01,ON,Hybrid Electric,Vans,0,2018,4
2018-04-01,ON,Other,"Total, vehicle type",4,2018,4
2018-04-01,ON,Other,Passenger cars,0,2018,4
2018-04-01,ON,Other,Pickup trucks,0,2018,4
2018-04-01,ON,Other,Multi-purpose vehicles,0,2018,4
2018-04-01,ON,Other,Vans,4,2018,4
2018-04-01,MB,All fuel types,"Total, vehicle type",15453,2018,4
2018-04-01,MB,All fuel types,Passenger cars,3629,2018,4
2018-04-01,MB,All fuel types,Pickup trucks,3825,2018,4
2018-04-01,MB,All fuel types,Multi-purpose vehicles,6967,2018,4
2018-04-01,MB,All fuel types,Vans,1032,2018,4
2018-04-01,MB,Gas,"Total, vehicle type",14871,2018,4
2018-04-01,MB,Gas,Passenger cars,3550,2018,4
2018-04-01,MB,Gas,Pickup trucks,3473,2018,4
2018-04-01,MB,Gas,Multi-purpose vehicles,6855,2018,4
2018-04-01,MB,Gas,Vans,993,2018,4
2018-04-01,MB,Diesel,"Total, vehicle type",424,2018,4
2018-04-01,MB,Diesel,Passenger cars,7,2018,4
2018-04-01,MB,Diesel,Pickup trucks,352,2018,4
2018-04-01,MB,Diesel,Multi-purpose vehicles,30,2018,4
2018-04-01,MB,Diesel,Vans,35,2018,4
2018-04-01,MB,All zero-emission vehicles,"Total, vehicle type",49,2018,4
2018-04-01,MB,All zero-emission vehicles,Passenger cars,20,2018,4
2018-04-01,MB,All zero-emission vehicles,Pickup trucks,0,2018,4
2018-04-01,MB,All zero-emission vehicles,Multi-purpose vehicles,26,2018,4
2018-04-01,MB,All zero-emission vehicles,Vans,3,2018,4
2018-04-01,MB,Electric,"Total, vehicle type",16,2018,4
2018-04-01,MB,Electric,Passenger cars,13,2018,4
2018-04-01,MB,Electric,Pickup trucks,0,2018,4
2018-04-01,MB,Electric,Multi-purpose vehicles,3,2018,4
2018-04-01,MB,Electric,Vans,0,2018,4
2018-04-01,MB,Hybrid Electric,"Total, vehicle type",33,2018,4
2018-04-01,MB,Hybrid Electric,Passenger cars,7,2018,4
2018-04-01,MB,Hybrid Electric,Pickup trucks,0,2018,4
2018-04-01,MB,Hybrid Electric,Multi-purpose vehicles,23,2018,4
2018-04-01,MB,Hybrid Electric,Vans,3,2018,4
2018-04-01,MB,Hybrid Electric,"Total, vehicle type",108,2018,4
2018-04-01,MB,Hybrid Electric,Passenger cars,52,2018,4
2018-04-01,MB,Hybrid Electric,Pickup trucks,0,2018,4
2018-04-01,MB,Hybrid Electric,Multi-purpose vehicles,56,2018,4
2018-04-01,MB,Hybrid Electric,Vans,0,2018,4
2018-04-01,MB,Other,"Total, vehicle type",1,2018,4
2018-04-01,MB,Other,Passenger cars,0,2018,4
2018-04-01,MB,Other,Pickup trucks,0,2018,4
2018-04-01,MB,Other,Multi-purpose vehicles,0,2018,4
2018-04-01,MB,Other,Vans,1,2018,4
2018-04-01,SAS,All fuel types,"Total, vehicle type",15122,2018,4
2018-04-01,SAS,All fuel types,Passenger cars,2406,2018,4
2018-04-01,SAS,All fuel types,Pickup trucks,5614,2018,4
2018-04-01,SAS,All fuel types,Multi-purpose vehicles,6435,2018,4
2018-04-01,SAS,All fuel types,Vans,667,2018,4
2018-04-01,SAS,Gas,"Total, vehicle type",13984,2018,4
2018-04-01,SAS,Gas,Passenger cars,2343,2018,4
2018-04-01,SAS,Gas,Pickup trucks,4651,2018,4
2018-04-01,SAS,Gas,Multi-purpose vehicles,6352,2018,4
2018-04-01,SAS,Gas,Vans,638,2018,4
2018-04-01,SAS,Diesel,"Total, vehicle type",1046,2018,4
2018-04-01,SAS,Diesel,Passenger cars,7,2018,4
2018-04-01,SAS,Diesel,Pickup trucks,963,2018,4
2018-04-01,SAS,Diesel,Multi-purpose vehicles,48,2018,4
2018-04-01,SAS,Diesel,Vans,28,2018,4
2018-04-01,SAS,All zero-emission vehicles,"Total, vehicle type",24,2018,4
2018-04-01,SAS,All zero-emission vehicles,Passenger cars,18,2018,4
2018-04-01,SAS,All zero-emission vehicles,Pickup trucks,0,2018,4
2018-04-01,SAS,All zero-emission vehicles,Multi-purpose vehicles,5,2018,4
2018-04-01,SAS,All zero-emission vehicles,Vans,1,2018,4
2018-04-01,SAS,Electric,"Total, vehicle type",10,2018,4
2018-04-01,SAS,Electric,Passenger cars,10,2018,4
2018-04-01,SAS,Electric,Pickup trucks,0,2018,4
2018-04-01,SAS,Electric,Multi-purpose vehicles,0,2018,4
2018-04-01,SAS,Electric,Vans,0,2018,4
2018-04-01,SAS,Hybrid Electric,"Total, vehicle type",14,2018,4
2018-04-01,SAS,Hybrid Electric,Passenger cars,8,2018,4
2018-04-01,SAS,Hybrid Electric,Pickup trucks,0,2018,4
2018-04-01,SAS,Hybrid Electric,Multi-purpose vehicles,5,2018,4
2018-04-01,SAS,Hybrid Electric,Vans,1,2018,4
2018-04-01,SAS,Hybrid Electric,"Total, vehicle type",68,2018,4
2018-04-01,SAS,Hybrid Electric,Passenger cars,38,2018,4
2018-04-01,SAS,Hybrid Electric,Pickup trucks,0,2018,4
2018-04-01,SAS,Hybrid Electric,Multi-purpose vehicles,30,2018,4
2018-04-01,SAS,Hybrid Electric,Vans,0,2018,4
2018-04-01,SAS,Other,"Total, vehicle type",0,2018,4
2018-04-01,SAS,Other,Passenger cars,0,2018,4
2018-04-01,SAS,Other,Pickup trucks,0,2018,4
2018-04-01,SAS,Other,Multi-purpose vehicles,0,2018,4
2018-04-01,SAS,Other,Vans,0,2018,4
2018-04-01,BC,All fuel types,"Total, vehicle type",69284,2018,4
2018-04-01,BC,All fuel types,Passenger cars,21367,2018,4
2018-04-01,BC,All fuel types,Pickup trucks,14015,2018,4
2018-04-01,BC,All fuel types,Multi-purpose vehicles,29753,2018,4
2018-04-01,BC,All fuel types,Vans,4149,2018,4
2018-04-01,BC,Gas,"Total, vehicle type",60769,2018,4
2018-04-01,BC,Gas,Passenger cars,18587,2018,4
2018-04-01,BC,Gas,Pickup trucks,10790,2018,4
2018-04-01,BC,Gas,Multi-purpose vehicles,27725,2018,4
2018-04-01,BC,Gas,Vans,3667,2018,4
2018-04-01,BC,Diesel,"Total, vehicle type",4187,2018,4
2018-04-01,BC,Diesel,Passenger cars,94,2018,4
2018-04-01,BC,Diesel,Pickup trucks,3225,2018,4
2018-04-01,BC,Diesel,Multi-purpose vehicles,442,2018,4
2018-04-01,BC,Diesel,Vans,426,2018,4
2018-04-01,BC,All zero-emission vehicles,"Total, vehicle type",2458,2018,4
2018-04-01,BC,All zero-emission vehicles,Passenger cars,1805,2018,4
2018-04-01,BC,All zero-emission vehicles,Pickup trucks,0,2018,4
2018-04-01,BC,All zero-emission vehicles,Multi-purpose vehicles,597,2018,4
2018-04-01,BC,All zero-emission vehicles,Vans,56,2018,4
2018-04-01,BC,Electric,"Total, vehicle type",1491,2018,4
2018-04-01,BC,Electric,Passenger cars,1241,2018,4
2018-04-01,BC,Electric,Pickup trucks,0,2018,4
2018-04-01,BC,Electric,Multi-purpose vehicles,250,2018,4
2018-04-01,BC,Electric,Vans,0,2018,4
2018-04-01,BC,Hybrid Electric,"Total, vehicle type",967,2018,4
2018-04-01,BC,Hybrid Electric,Passenger cars,564,2018,4
2018-04-01,BC,Hybrid Electric,Pickup trucks,0,2018,4
2018-04-01,BC,Hybrid Electric,Multi-purpose vehicles,347,2018,4
2018-04-01,BC,Hybrid Electric,Vans,56,2018,4
2018-04-01,BC,Hybrid Electric,"Total, vehicle type",1870,2018,4
2018-04-01,BC,Hybrid Electric,Passenger cars,881,2018,4
2018-04-01,BC,Hybrid Electric,Pickup trucks,0,2018,4
2018-04-01,BC,Hybrid Electric,Multi-purpose vehicles,989,2018,4
2018-04-01,BC,Hybrid Electric,Vans,0,2018,4
2018-04-01,BC,Other,"Total, vehicle type",0,2018,4
2018-04-01,BC,Other,Passenger cars,0,2018,4
2018-04-01,BC,Other,Pickup trucks,0,2018,4
2018-04-01,BC,Other,Multi-purpose vehicles,0,2018,4
2018-04-01,BC,Other,Vans,0,2018,4
2018-07-01,CAN,All fuel types,"Total, vehicle type",539754,2018,7
2018-07-01,CAN,All fuel types,Passenger cars,156117,2018,7
2018-07-01,CAN,All fuel types,Pickup trucks,107757,2018,7
2018-07-01,CAN,All fuel types,Multi-purpose vehicles,245323,2018,7
2018-07-01,CAN,All fuel types,Vans,30557,2018,7
2018-07-01,CAN,Gas,"Total, vehicle type",500791,2018,7
2018-07-01,CAN,Gas,Passenger cars,143017,2018,7
2018-07-01,CAN,Gas,Pickup trucks,92383,2018,7
2018-07-01,CAN,Gas,Multi-purpose vehicles,236976,2018,7
2018-07-01,CAN,Gas,Vans,28415,2018,7
2018-07-01,CAN,Diesel,"Total, vehicle type",19327,2018,7
2018-07-01,CAN,Diesel,Passenger cars,487,2018,7
2018-07-01,CAN,Diesel,Pickup trucks,15374,2018,7
2018-07-01,CAN,Diesel,Multi-purpose vehicles,1743,2018,7
2018-07-01,CAN,Diesel,Vans,1723,2018,7
2018-07-01,CAN,All zero-emission vehicles,"Total, vehicle type",12622,2018,7
2018-07-01,CAN,All zero-emission vehicles,Passenger cars,9261,2018,7
2018-07-01,CAN,All zero-emission vehicles,Pickup trucks,0,2018,7
2018-07-01,CAN,All zero-emission vehicles,Multi-purpose vehicles,3012,2018,7
2018-07-01,CAN,All zero-emission vehicles,Vans,349,2018,7
2018-07-01,CAN,Electric,"Total, vehicle type",6506,2018,7
2018-07-01,CAN,Electric,Passenger cars,5701,2018,7
2018-07-01,CAN,Electric,Pickup trucks,0,2018,7
2018-07-01,CAN,Electric,Multi-purpose vehicles,805,2018,7
2018-07-01,CAN,Electric,Vans,0,2018,7
2018-07-01,CAN,Hybrid Electric,"Total, vehicle type",6116,2018,7
2018-07-01,CAN,Hybrid Electric,Passenger cars,3560,2018,7
2018-07-01,CAN,Hybrid Electric,Pickup trucks,0,2018,7
2018-07-01,CAN,Hybrid Electric,Multi-purpose vehicles,2207,2018,7
2018-07-01,CAN,Hybrid Electric,Vans,349,2018,7
2018-07-01,CAN,Hybrid Electric,"Total, vehicle type",6944,2018,7
2018-07-01,CAN,Hybrid Electric,Passenger cars,3352,2018,7
2018-07-01,CAN,Hybrid Electric,Pickup trucks,0,2018,7
2018-07-01,CAN,Hybrid Electric,Multi-purpose vehicles,3592,2018,7
2018-07-01,CAN,Hybrid Electric,Vans,0,2018,7
2018-07-01,CAN,Other,"Total, vehicle type",70,2018,7
2018-07-01,CAN,Other,Passenger cars,0,2018,7
2018-07-01,CAN,Other,Pickup trucks,0,2018,7
2018-07-01,CAN,Other,Multi-purpose vehicles,0,2018,7
2018-07-01,CAN,Other,Vans,70,2018,7
2018-07-01,PEI,All fuel types,"Total, vehicle type",2458,2018,7
2018-07-01,PEI,All fuel types,Passenger cars,791,2018,7
2018-07-01,PEI,All fuel types,Pickup trucks,502,2018,7
2018-07-01,PEI,All fuel types,Multi-purpose vehicles,1068,2018,7
2018-07-01,PEI,All fuel types,Vans,97,2018,7
2018-07-01,PEI,Gas,"Total, vehicle type",2404,2018,7
2018-07-01,PEI,Gas,Passenger cars,778,2018,7
2018-07-01,PEI,Gas,Pickup trucks,471,2018,7
2018-07-01,PEI,Gas,Multi-purpose vehicles,1061,2018,7
2018-07-01,PEI,Gas,Vans,94,2018,7
2018-07-01,PEI,Diesel,"Total, vehicle type",34,2018,7
2018-07-01,PEI,Diesel,Passenger cars,0,2018,7
2018-07-01,PEI,Diesel,Pickup trucks,31,2018,7
2018-07-01,PEI,Diesel,Multi-purpose vehicles,0,2018,7
2018-07-01,PEI,Diesel,Vans,3,2018,7
2018-07-01,PEI,All zero-emission vehicles,"Total, vehicle type",5,2018,7
2018-07-01,PEI,All zero-emission vehicles,Passenger cars,5,2018,7
2018-07-01,PEI,All zero-emission vehicles,Pickup trucks,0,2018,7
2018-07-01,PEI,All zero-emission vehicles,Multi-purpose vehicles,0,2018,7
2018-07-01,PEI,All zero-emission vehicles,Vans,0,2018,7
2018-07-01,PEI,Electric,"Total, vehicle type",4,2018,7
2018-07-01,PEI,Electric,Passenger cars,4,2018,7
2018-07-01,PEI,Electric,Pickup trucks,0,2018,7
2018-07-01,PEI,Electric,Multi-purpose vehicles,0,2018,7
2018-07-01,PEI,Electric,Vans,0,2018,7
2018-07-01,PEI,Hybrid Electric,"Total, vehicle type",1,2018,7
2018-07-01,PEI,Hybrid Electric,Passenger cars,1,2018,7
2018-07-01,PEI,Hybrid Electric,Pickup trucks,0,2018,7
2018-07-01,PEI,Hybrid Electric,Multi-purpose vehicles,0,2018,7
2018-07-01,PEI,Hybrid Electric,Vans,0,2018,7
2018-07-01,PEI,Hybrid Electric,"Total, vehicle type",15,2018,7
2018-07-01,PEI,Hybrid Electric,Passenger cars,8,2018,7
2018-07-01,PEI,Hybrid Electric,Pickup trucks,0,2018,7
2018-07-01,PEI,Hybrid Electric,Multi-purpose vehicles,7,2018,7
2018-07-01,PEI,Hybrid Electric,Vans,0,2018,7
2018-07-01,PEI,Other,"Total, vehicle type",0,2018,7
2018-07-01,PEI,Other,Passenger cars,0,2018,7
2018-07-01,PEI,Other,Pickup trucks,0,2018,7
2018-07-01,PEI,Other,Multi-purpose vehicles,0,2018,7
2018-07-01,PEI,Other,Vans,0,2018,7
2018-07-01,NB,All fuel types,"Total, vehicle type",11657,2018,7
2018-07-01,NB,All fuel types,Passenger cars,3232,2018,7
2018-07-01,NB,All fuel types,Pickup trucks,2810,2018,7
2018-07-01,NB,All fuel types,Multi-purpose vehicles,5161,2018,7
2018-07-01,NB,All fuel types,Vans,454,2018,7
2018-07-01,NB,Gas,"Total, vehicle type",11293,2018,7
2018-07-01,NB,Gas,Passenger cars,3187,2018,7
2018-07-01,NB,Gas,Pickup trucks,2577,2018,7
2018-07-01,NB,Gas,Multi-purpose vehicles,5111,2018,7
2018-07-01,NB,Gas,Vans,418,2018,7
2018-07-01,NB,Diesel,"Total, vehicle type",272,2018,7
2018-07-01,NB,Diesel,Passenger cars,5,2018,7
2018-07-01,NB,Diesel,Pickup trucks,233,2018,7
2018-07-01,NB,Diesel,Multi-purpose vehicles,9,2018,7
2018-07-01,NB,Diesel,Vans,25,2018,7
2018-07-01,NB,All zero-emission vehicles,"Total, vehicle type",9,2018,7
2018-07-01,NB,All zero-emission vehicles,Passenger cars,8,2018,7
2018-07-01,NB,All zero-emission vehicles,Pickup trucks,0,2018,7
2018-07-01,NB,All zero-emission vehicles,Multi-purpose vehicles,1,2018,7
2018-07-01,NB,All zero-emission vehicles,Vans,0,2018,7
2018-07-01,NB,Electric,"Total, vehicle type",4,2018,7
2018-07-01,NB,Electric,Passenger cars,4,2018,7
2018-07-01,NB,Electric,Pickup trucks,0,2018,7
2018-07-01,NB,Electric,Multi-purpose vehicles,0,2018,7
2018-07-01,NB,Electric,Vans,0,2018,7
2018-07-01,NB,Hybrid Electric,"Total, vehicle type",5,2018,7
2018-07-01,NB,Hybrid Electric,Passenger cars,4,2018,7
2018-07-01,NB,Hybrid Electric,Pickup trucks,0,2018,7
2018-07-01,NB,Hybrid Electric,Multi-purpose vehicles,1,2018,7
2018-07-01,NB,Hybrid Electric,Vans,0,2018,7
2018-07-01,NB,Hybrid Electric,"Total, vehicle type",72,2018,7
2018-07-01,NB,Hybrid Electric,Passenger cars,32,2018,7
2018-07-01,NB,Hybrid Electric,Pickup trucks,0,2018,7
2018-07-01,NB,Hybrid Electric,Multi-purpose vehicles,40,2018,7
2018-07-01,NB,Hybrid Electric,Vans,0,2018,7
2018-07-01,NB,Other,"Total, vehicle type",11,2018,7
2018-07-01,NB,Other,Passenger cars,0,2018,7
2018-07-01,NB,Other,Pickup trucks,0,2018,7
2018-07-01,NB,Other,Multi-purpose vehicles,0,2018,7
2018-07-01,NB,Other,Vans,11,2018,7
2018-07-01,QUE,All fuel types,"Total, vehicle type",123966,2018,7
2018-07-01,QUE,All fuel types,Passenger cars,46080,2018,7
2018-07-01,QUE,All fuel types,Pickup trucks,17990,2018,7
2018-07-01,QUE,All fuel types,Multi-purpose vehicles,53972,2018,7
2018-07-01,QUE,All fuel types,Vans,5924,2018,7
2018-07-01,QUE,Gas,"Total, vehicle type",114553,2018,7
2018-07-01,QUE,Gas,Passenger cars,41865,2018,7
2018-07-01,QUE,Gas,Pickup trucks,15539,2018,7
2018-07-01,QUE,Gas,Multi-purpose vehicles,51740,2018,7
2018-07-01,QUE,Gas,Vans,5409,2018,7
2018-07-01,QUE,Diesel,"Total, vehicle type",3206,2018,7
2018-07-01,QUE,Diesel,Passenger cars,83,2018,7
2018-07-01,QUE,Diesel,Pickup trucks,2451,2018,7
2018-07-01,QUE,Diesel,Multi-purpose vehicles,242,2018,7
2018-07-01,QUE,Diesel,Vans,430,2018,7
2018-07-01,QUE,All zero-emission vehicles,"Total, vehicle type",4432,2018,7
2018-07-01,QUE,All zero-emission vehicles,Passenger cars,3288,2018,7
2018-07-01,QUE,All zero-emission vehicles,Pickup trucks,0,2018,7
2018-07-01,QUE,All zero-emission vehicles,Multi-purpose vehicles,1067,2018,7
2018-07-01,QUE,All zero-emission vehicles,Vans,77,2018,7
2018-07-01,QUE,Electric,"Total, vehicle type",2141,2018,7
2018-07-01,QUE,Electric,Passenger cars,1921,2018,7
2018-07-01,QUE,Electric,Pickup trucks,0,2018,7
2018-07-01,QUE,Electric,Multi-purpose vehicles,220,2018,7
2018-07-01,QUE,Electric,Vans,0,2018,7
2018-07-01,QUE,Hybrid Electric,"Total, vehicle type",2291,2018,7
2018-07-01,QUE,Hybrid Electric,Passenger cars,1367,2018,7
2018-07-01,QUE,Hybrid Electric,Pickup trucks,0,2018,7
2018-07-01,QUE,Hybrid Electric,Multi-purpose vehicles,847,2018,7
2018-07-01,QUE,Hybrid Electric,Vans,77,2018,7
2018-07-01,QUE,Hybrid Electric,"Total, vehicle type",1767,2018,7
2018-07-01,QUE,Hybrid Electric,Passenger cars,844,2018,7
2018-07-01,QUE,Hybrid Electric,Pickup trucks,0,2018,7
2018-07-01,QUE,Hybrid Electric,Multi-purpose vehicles,923,2018,7
2018-07-01,QUE,Hybrid Electric,Vans,0,2018,7
2018-07-01,QUE,Other,"Total, vehicle type",8,2018,7
2018-07-01,QUE,Other,Passenger cars,0,2018,7
2018-07-01,QUE,Other,Pickup trucks,0,2018,7
2018-07-01,QUE,Other,Multi-purpose vehicles,0,2018,7
2018-07-01,QUE,Other,Vans,8,2018,7
2018-07-01,ON,All fuel types,"Total, vehicle type",218772,2018,7
2018-07-01,ON,All fuel types,Passenger cars,65753,2018,7
2018-07-01,ON,All fuel types,Pickup trucks,36873,2018,7
2018-07-01,ON,All fuel types,Multi-purpose vehicles,101715,2018,7
2018-07-01,ON,All fuel types,Vans,14431,2018,7
2018-07-01,ON,Gas,"Total, vehicle type",205149,2018,7
2018-07-01,ON,Gas,Passenger cars,60286,2018,7
2018-07-01,ON,Gas,Pickup trucks,32820,2018,7
2018-07-01,ON,Gas,Multi-purpose vehicles,98518,2018,7
2018-07-01,ON,Gas,Vans,13525,2018,7
2018-07-01,ON,Diesel,"Total, vehicle type",5763,2018,7
2018-07-01,ON,Diesel,Passenger cars,234,2018,7
2018-07-01,ON,Diesel,Pickup trucks,4053,2018,7
2018-07-01,ON,Diesel,Multi-purpose vehicles,787,2018,7
2018-07-01,ON,Diesel,Vans,689,2018,7
2018-07-01,ON,All zero-emission vehicles,"Total, vehicle type",5258,2018,7
2018-07-01,ON,All zero-emission vehicles,Passenger cars,3891,2018,7
2018-07-01,ON,All zero-emission vehicles,Pickup trucks,0,2018,7
2018-07-01,ON,All zero-emission vehicles,Multi-purpose vehicles,1154,2018,7
2018-07-01,ON,All zero-emission vehicles,Vans,213,2018,7
2018-07-01,ON,Electric,"Total, vehicle type",2476,2018,7
2018-07-01,ON,Electric,Passenger cars,2212,2018,7
2018-07-01,ON,Electric,Pickup trucks,0,2018,7
2018-07-01,ON,Electric,Multi-purpose vehicles,264,2018,7
2018-07-01,ON,Electric,Vans,0,2018,7
2018-07-01,ON,Hybrid Electric,"Total, vehicle type",2782,2018,7
2018-07-01,ON,Hybrid Electric,Passenger cars,1679,2018,7
2018-07-01,ON,Hybrid Electric,Pickup trucks,0,2018,7
2018-07-01,ON,Hybrid Electric,Multi-purpose vehicles,890,2018,7
2018-07-01,ON,Hybrid Electric,Vans,213,2018,7
2018-07-01,ON,Hybrid Electric,"Total, vehicle type",2598,2018,7
2018-07-01,ON,Hybrid Electric,Passenger cars,1342,2018,7
2018-07-01,ON,Hybrid Electric,Pickup trucks,0,2018,7
2018-07-01,ON,Hybrid Electric,Multi-purpose vehicles,1256,2018,7
2018-07-01,ON,Hybrid Electric,Vans,0,2018,7
2018-07-01,ON,Other,"Total, vehicle type",4,2018,7
2018-07-01,ON,Other,Passenger cars,0,2018,7
2018-07-01,ON,Other,Pickup trucks,0,2018,7
2018-07-01,ON,Other,Multi-purpose vehicles,0,2018,7
2018-07-01,ON,Other,Vans,4,2018,7
2018-07-01,MB,All fuel types,"Total, vehicle type",15224,2018,7
2018-07-01,MB,All fuel types,Passenger cars,3398,2018,7
2018-07-01,MB,All fuel types,Pickup trucks,3804,2018,7
2018-07-01,MB,All fuel types,Multi-purpose vehicles,7257,2018,7
2018-07-01,MB,All fuel types,Vans,765,2018,7
2018-07-01,MB,Gas,"Total, vehicle type",14662,2018,7
2018-07-01,MB,Gas,Passenger cars,3301,2018,7
2018-07-01,MB,Gas,Pickup trucks,3466,2018,7
2018-07-01,MB,Gas,Multi-purpose vehicles,7157,2018,7
2018-07-01,MB,Gas,Vans,738,2018,7
2018-07-01,MB,Diesel,"Total, vehicle type",409,2018,7
2018-07-01,MB,Diesel,Passenger cars,8,2018,7
2018-07-01,MB,Diesel,Pickup trucks,338,2018,7
2018-07-01,MB,Diesel,Multi-purpose vehicles,37,2018,7
2018-07-01,MB,Diesel,Vans,26,2018,7
2018-07-01,MB,All zero-emission vehicles,"Total, vehicle type",40,2018,7
2018-07-01,MB,All zero-emission vehicles,Passenger cars,24,2018,7
2018-07-01,MB,All zero-emission vehicles,Pickup trucks,0,2018,7
2018-07-01,MB,All zero-emission vehicles,Multi-purpose vehicles,16,2018,7
2018-07-01,MB,All zero-emission vehicles,Vans,0,2018,7
2018-07-01,MB,Electric,"Total, vehicle type",19,2018,7
2018-07-01,MB,Electric,Passenger cars,16,2018,7
2018-07-01,MB,Electric,Pickup trucks,0,2018,7
2018-07-01,MB,Electric,Multi-purpose vehicles,3,2018,7
2018-07-01,MB,Electric,Vans,0,2018,7
2018-07-01,MB,Hybrid Electric,"Total, vehicle type",21,2018,7
2018-07-01,MB,Hybrid Electric,Passenger cars,8,2018,7
2018-07-01,MB,Hybrid Electric,Pickup trucks,0,2018,7
2018-07-01,MB,Hybrid Electric,Multi-purpose vehicles,13,2018,7
2018-07-01,MB,Hybrid Electric,Vans,0,2018,7
2018-07-01,MB,Hybrid Electric,"Total, vehicle type",112,2018,7
2018-07-01,MB,Hybrid Electric,Passenger cars,65,2018,7
2018-07-01,MB,Hybrid Electric,Pickup trucks,0,2018,7
2018-07-01,MB,Hybrid Electric,Multi-purpose vehicles,47,2018,7
2018-07-01,MB,Hybrid Electric,Vans,0,2018,7
2018-07-01,MB,Other,"Total, vehicle type",1,2018,7
2018-07-01,MB,Other,Passenger cars,0,2018,7
2018-07-01,MB,Other,Pickup trucks,0,2018,7
2018-07-01,MB,Other,Multi-purpose vehicles,0,2018,7
2018-07-01,MB,Other,Vans,1,2018,7
2018-07-01,SAS,All fuel types,"Total, vehicle type",14227,2018,7
2018-07-01,SAS,All fuel types,Passenger cars,1976,2018,7
2018-07-01,SAS,All fuel types,Pickup trucks,5126,2018,7
2018-07-01,SAS,All fuel types,Multi-purpose vehicles,6489,2018,7
2018-07-01,SAS,All fuel types,Vans,636,2018,7
2018-07-01,SAS,Gas,"Total, vehicle type",13173,2018,7
2018-07-01,SAS,Gas,Passenger cars,1926,2018,7
2018-07-01,SAS,Gas,Pickup trucks,4247,2018,7
2018-07-01,SAS,Gas,Multi-purpose vehicles,6384,2018,7
2018-07-01,SAS,Gas,Vans,616,2018,7
2018-07-01,SAS,Diesel,"Total, vehicle type",969,2018,7
2018-07-01,SAS,Diesel,Passenger cars,12,2018,7
2018-07-01,SAS,Diesel,Pickup trucks,879,2018,7
2018-07-01,SAS,Diesel,Multi-purpose vehicles,60,2018,7
2018-07-01,SAS,Diesel,Vans,18,2018,7
2018-07-01,SAS,All zero-emission vehicles,"Total, vehicle type",23,2018,7
2018-07-01,SAS,All zero-emission vehicles,Passenger cars,13,2018,7
2018-07-01,SAS,All zero-emission vehicles,Pickup trucks,0,2018,7
2018-07-01,SAS,All zero-emission vehicles,Multi-purpose vehicles,8,2018,7
2018-07-01,SAS,All zero-emission vehicles,Vans,2,2018,7
2018-07-01,SAS,Electric,"Total, vehicle type",15,2018,7
2018-07-01,SAS,Electric,Passenger cars,10,2018,7
2018-07-01,SAS,Electric,Pickup trucks,0,2018,7
2018-07-01,SAS,Electric,Multi-purpose vehicles,5,2018,7
2018-07-01,SAS,Electric,Vans,0,2018,7
2018-07-01,SAS,Hybrid Electric,"Total, vehicle type",8,2018,7
2018-07-01,SAS,Hybrid Electric,Passenger cars,3,2018,7
2018-07-01,SAS,Hybrid Electric,Pickup trucks,0,2018,7
2018-07-01,SAS,Hybrid Electric,Multi-purpose vehicles,3,2018,7
2018-07-01,SAS,Hybrid Electric,Vans,2,2018,7
2018-07-01,SAS,Hybrid Electric,"Total, vehicle type",62,2018,7
2018-07-01,SAS,Hybrid Electric,Passenger cars,25,2018,7
2018-07-01,SAS,Hybrid Electric,Pickup trucks,0,2018,7
2018-07-01,SAS,Hybrid Electric,Multi-purpose vehicles,37,2018,7
2018-07-01,SAS,Hybrid Electric,Vans,0,2018,7
2018-07-01,SAS,Other,"Total, vehicle type",0,2018,7
2018-07-01,SAS,Other,Passenger cars,0,2018,7
2018-07-01,SAS,Other,Pickup trucks,0,2018,7
2018-07-01,SAS,Other,Multi-purpose vehicles,0,2018,7
2018-07-01,SAS,Other,Vans,0,2018,7
2018-07-01,BC,All fuel types,"Total, vehicle type",60789,2018,7
2018-07-01,BC,All fuel types,Passenger cars,16642,2018,7
2018-07-01,BC,All fuel types,Pickup trucks,12929,2018,7
2018-07-01,BC,All fuel types,Multi-purpose vehicles,27469,2018,7
2018-07-01,BC,All fuel types,Vans,3749,2018,7
2018-07-01,BC,Gas,"Total, vehicle type",53331,2018,7
2018-07-01,BC,Gas,Passenger cars,14102,2018,7
2018-07-01,BC,Gas,Pickup trucks,10315,2018,7
2018-07-01,BC,Gas,Multi-purpose vehicles,25553,2018,7
2018-07-01,BC,Gas,Vans,3361,2018,7
2018-07-01,BC,Diesel,"Total, vehicle type",3395,2018,7
2018-07-01,BC,Diesel,Passenger cars,97,2018,7
2018-07-01,BC,Diesel,Pickup trucks,2614,2018,7
2018-07-01,BC,Diesel,Multi-purpose vehicles,353,2018,7
2018-07-01,BC,Diesel,Vans,331,2018,7
2018-07-01,BC,All zero-emission vehicles,"Total, vehicle type",2453,2018,7
2018-07-01,BC,All zero-emission vehicles,Passenger cars,1768,2018,7
2018-07-01,BC,All zero-emission vehicles,Pickup trucks,0,2018,7
2018-07-01,BC,All zero-emission vehicles,Multi-purpose vehicles,634,2018,7
2018-07-01,BC,All zero-emission vehicles,Vans,51,2018,7
2018-07-01,BC,Electric,"Total, vehicle type",1588,2018,7
2018-07-01,BC,Electric,Passenger cars,1318,2018,7
2018-07-01,BC,Electric,Pickup trucks,0,2018,7
2018-07-01,BC,Electric,Multi-purpose vehicles,270,2018,7
2018-07-01,BC,Electric,Vans,0,2018,7
2018-07-01,BC,Hybrid Electric,"Total, vehicle type",865,2018,7
2018-07-01,BC,Hybrid Electric,Passenger cars,450,2018,7
2018-07-01,BC,Hybrid Electric,Pickup trucks,0,2018,7
2018-07-01,BC,Hybrid Electric,Multi-purpose vehicles,364,2018,7
2018-07-01,BC,Hybrid Electric,Vans,51,2018,7
2018-07-01,BC,Hybrid Electric,"Total, vehicle type",1604,2018,7
2018-07-01,BC,Hybrid Electric,Passenger cars,675,2018,7
2018-07-01,BC,Hybrid Electric,Pickup trucks,0,2018,7
2018-07-01,BC,Hybrid Electric,Multi-purpose vehicles,929,2018,7
2018-07-01,BC,Hybrid Electric,Vans,0,2018,7
2018-07-01,BC,Other,"Total, vehicle type",6,2018,7
2018-07-01,BC,Other,Passenger cars,0,2018,7
2018-07-01,BC,Other,Pickup trucks,0,2018,7
2018-07-01,BC,Other,Multi-purpose vehicles,0,2018,7
2018-07-01,BC,Other,Vans,6,2018,7
2018-10-01,CAN,All fuel types,"Total, vehicle type",422110,2018,10
2018-10-01,CAN,All fuel types,Passenger cars,116400,2018,10
2018-10-01,CAN,All fuel types,Pickup trucks,81653,2018,10
2018-10-01,CAN,All fuel types,Multi-purpose vehicles,202141,2018,10
2018-10-01,CAN,All fuel types,Vans,21916,2018,10
2018-10-01,CAN,Gas,"Total, vehicle type",390802,2018,10
2018-10-01,CAN,Gas,Passenger cars,105034,2018,10
2018-10-01,CAN,Gas,Pickup trucks,69682,2018,10
2018-10-01,CAN,Gas,Multi-purpose vehicles,195668,2018,10
2018-10-01,CAN,Gas,Vans,20418,2018,10
2018-10-01,CAN,Diesel,"Total, vehicle type",14850,2018,10
2018-10-01,CAN,Diesel,Passenger cars,307,2018,10
2018-10-01,CAN,Diesel,Pickup trucks,11971,2018,10
2018-10-01,CAN,Diesel,Multi-purpose vehicles,1282,2018,10
2018-10-01,CAN,Diesel,Vans,1290,2018,10
2018-10-01,CAN,All zero-emission vehicles,"Total, vehicle type",9938,2018,10
2018-10-01,CAN,All zero-emission vehicles,Passenger cars,7978,2018,10
2018-10-01,CAN,All zero-emission vehicles,Pickup trucks,0,2018,10
2018-10-01,CAN,All zero-emission vehicles,Multi-purpose vehicles,1789,2018,10
2018-10-01,CAN,All zero-emission vehicles,Vans,171,2018,10
2018-10-01,CAN,Electric,"Total, vehicle type",6032,2018,10
2018-10-01,CAN,Electric,Passenger cars,5511,2018,10
2018-10-01,CAN,Electric,Pickup trucks,0,2018,10
2018-10-01,CAN,Electric,Multi-purpose vehicles,521,2018,10
2018-10-01,CAN,Electric,Vans,0,2018,10
2018-10-01,CAN,Hybrid Electric,"Total, vehicle type",3906,2018,10
2018-10-01,CAN,Hybrid Electric,Passenger cars,2467,2018,10
2018-10-01,CAN,Hybrid Electric,Pickup trucks,0,2018,10
2018-10-01,CAN,Hybrid Electric,Multi-purpose vehicles,1268,2018,10
2018-10-01,CAN,Hybrid Electric,Vans,171,2018,10
2018-10-01,CAN,Hybrid Electric,"Total, vehicle type",6482,2018,10
2018-10-01,CAN,Hybrid Electric,Passenger cars,3081,2018,10
2018-10-01,CAN,Hybrid Electric,Pickup trucks,0,2018,10
2018-10-01,CAN,Hybrid Electric,Multi-purpose vehicles,3401,2018,10
2018-10-01,CAN,Hybrid Electric,Vans,0,2018,10
2018-10-01,CAN,Other,"Total, vehicle type",38,2018,10
2018-10-01,CAN,Other,Passenger cars,0,2018,10
2018-10-01,CAN,Other,Pickup trucks,0,2018,10
2018-10-01,CAN,Other,Multi-purpose vehicles,1,2018,10
2018-10-01,CAN,Other,Vans,37,2018,10
2018-10-01,PEI,All fuel types,"Total, vehicle type",1243,2018,10
2018-10-01,PEI,All fuel types,Passenger cars,323,2018,10
2018-10-01,PEI,All fuel types,Pickup trucks,291,2018,10
2018-10-01,PEI,All fuel types,Multi-purpose vehicles,573,2018,10
2018-10-01,PEI,All fuel types,Vans,56,2018,10
2018-10-01,PEI,Gas,"Total, vehicle type",1203,2018,10
2018-10-01,PEI,Gas,Passenger cars,317,2018,10
2018-10-01,PEI,Gas,Pickup trucks,266,2018,10
2018-10-01,PEI,Gas,Multi-purpose vehicles,566,2018,10
2018-10-01,PEI,Gas,Vans,54,2018,10
2018-10-01,PEI,Diesel,"Total, vehicle type",31,2018,10
2018-10-01,PEI,Diesel,Passenger cars,0,2018,10
2018-10-01,PEI,Diesel,Pickup trucks,25,2018,10
2018-10-01,PEI,Diesel,Multi-purpose vehicles,4,2018,10
2018-10-01,PEI,Diesel,Vans,2,2018,10
2018-10-01,PEI,All zero-emission vehicles,"Total, vehicle type",1,2018,10
2018-10-01,PEI,All zero-emission vehicles,Passenger cars,1,2018,10
2018-10-01,PEI,All zero-emission vehicles,Pickup trucks,0,2018,10
2018-10-01,PEI,All zero-emission vehicles,Multi-purpose vehicles,0,2018,10
2018-10-01,PEI,All zero-emission vehicles,Vans,0,2018,10
2018-10-01,PEI,Electric,"Total, vehicle type",1,2018,10
2018-10-01,PEI,Electric,Passenger cars,1,2018,10
2018-10-01,PEI,Electric,Pickup trucks,0,2018,10
2018-10-01,PEI,Electric,Multi-purpose vehicles,0,2018,10
2018-10-01,PEI,Electric,Vans,0,2018,10
2018-10-01,PEI,Hybrid Electric,"Total, vehicle type",0,2018,10
2018-10-01,PEI,Hybrid Electric,Passenger cars,0,2018,10
2018-10-01,PEI,Hybrid Electric,Pickup trucks,0,2018,10
2018-10-01,PEI,Hybrid Electric,Multi-purpose vehicles,0,2018,10
2018-10-01,PEI,Hybrid Electric,Vans,0,2018,10
2018-10-01,PEI,Hybrid Electric,"Total, vehicle type",8,2018,10
2018-10-01,PEI,Hybrid Electric,Passenger cars,5,2018,10
2018-10-01,PEI,Hybrid Electric,Pickup trucks,0,2018,10
2018-10-01,PEI,Hybrid Electric,Multi-purpose vehicles,3,2018,10
2018-10-01,PEI,Hybrid Electric,Vans,0,2018,10
2018-10-01,PEI,Other,"Total, vehicle type",0,2018,10
2018-10-01,PEI,Other,Passenger cars,0,2018,10
2018-10-01,PEI,Other,Pickup trucks,0,2018,10
2018-10-01,PEI,Other,Multi-purpose vehicles,0,2018,10
2018-10-01,PEI,Other,Vans,0,2018,10
2018-10-01,NB,All fuel types,"Total, vehicle type",8376,2018,10
2018-10-01,NB,All fuel types,Passenger cars,2042,2018,10
2018-10-01,NB,All fuel types,Pickup trucks,2066,2018,10
2018-10-01,NB,All fuel types,Multi-purpose vehicles,4002,2018,10
2018-10-01,NB,All fuel types,Vans,266,2018,10
2018-10-01,NB,Gas,"Total, vehicle type",8083,2018,10
2018-10-01,NB,Gas,Passenger cars,1987,2018,10
2018-10-01,NB,Gas,Pickup trucks,1889,2018,10
2018-10-01,NB,Gas,Multi-purpose vehicles,3957,2018,10
2018-10-01,NB,Gas,Vans,250,2018,10
2018-10-01,NB,Diesel,"Total, vehicle type",201,2018,10
2018-10-01,NB,Diesel,Passenger cars,0,2018,10
2018-10-01,NB,Diesel,Pickup trucks,177,2018,10
2018-10-01,NB,Diesel,Multi-purpose vehicles,8,2018,10
2018-10-01,NB,Diesel,Vans,16,2018,10
2018-10-01,NB,All zero-emission vehicles,"Total, vehicle type",21,2018,10
2018-10-01,NB,All zero-emission vehicles,Passenger cars,14,2018,10
2018-10-01,NB,All zero-emission vehicles,Pickup trucks,0,2018,10
2018-10-01,NB,All zero-emission vehicles,Multi-purpose vehicles,7,2018,10
2018-10-01,NB,All zero-emission vehicles,Vans,0,2018,10
2018-10-01,NB,Electric,"Total, vehicle type",13,2018,10
2018-10-01,NB,Electric,Passenger cars,11,2018,10
2018-10-01,NB,Electric,Pickup trucks,0,2018,10
2018-10-01,NB,Electric,Multi-purpose vehicles,2,2018,10
2018-10-01,NB,Electric,Vans,0,2018,10
2018-10-01,NB,Hybrid Electric,"Total, vehicle type",8,2018,10
2018-10-01,NB,Hybrid Electric,Passenger cars,3,2018,10
2018-10-01,NB,Hybrid Electric,Pickup trucks,0,2018,10
2018-10-01,NB,Hybrid Electric,Multi-purpose vehicles,5,2018,10
2018-10-01,NB,Hybrid Electric,Vans,0,2018,10
2018-10-01,NB,Hybrid Electric,"Total, vehicle type",71,2018,10
2018-10-01,NB,Hybrid Electric,Passenger cars,41,2018,10
2018-10-01,NB,Hybrid Electric,Pickup trucks,0,2018,10
2018-10-01,NB,Hybrid Electric,Multi-purpose vehicles,30,2018,10
2018-10-01,NB,Hybrid Electric,Vans,0,2018,10
2018-10-01,NB,Other,"Total, vehicle type",0,2018,10
2018-10-01,NB,Other,Passenger cars,0,2018,10
2018-10-01,NB,Other,Pickup trucks,0,2018,10
2018-10-01,NB,Other,Multi-purpose vehicles,0,2018,10
2018-10-01,NB,Other,Vans,0,2018,10
2018-10-01,QUE,All fuel types,"Total, vehicle type",101285,2018,10
2018-10-01,QUE,All fuel types,Passenger cars,36868,2018,10
2018-10-01,QUE,All fuel types,Pickup trucks,13614,2018,10
2018-10-01,QUE,All fuel types,Multi-purpose vehicles,46295,2018,10
2018-10-01,QUE,All fuel types,Vans,4508,2018,10
2018-10-01,QUE,Gas,"Total, vehicle type",91420,2018,10
2018-10-01,QUE,Gas,Passenger cars,31145,2018,10
2018-10-01,QUE,Gas,Pickup trucks,11766,2018,10
2018-10-01,QUE,Gas,Multi-purpose vehicles,44374,2018,10
2018-10-01,QUE,Gas,Vans,4135,2018,10
2018-10-01,QUE,Diesel,"Total, vehicle type",2427,2018,10
2018-10-01,QUE,Diesel,Passenger cars,81,2018,10
2018-10-01,QUE,Diesel,Pickup trucks,1848,2018,10
2018-10-01,QUE,Diesel,Multi-purpose vehicles,206,2018,10
2018-10-01,QUE,Diesel,Vans,292,2018,10
2018-10-01,QUE,All zero-emission vehicles,"Total, vehicle type",5725,2018,10
2018-10-01,QUE,All zero-emission vehicles,Passenger cars,4802,2018,10
2018-10-01,QUE,All zero-emission vehicles,Pickup trucks,0,2018,10
2018-10-01,QUE,All zero-emission vehicles,Multi-purpose vehicles,845,2018,10
2018-10-01,QUE,All zero-emission vehicles,Vans,78,2018,10
2018-10-01,QUE,Electric,"Total, vehicle type",3320,2018,10
2018-10-01,QUE,Electric,Passenger cars,3162,2018,10
2018-10-01,QUE,Electric,Pickup trucks,0,2018,10
2018-10-01,QUE,Electric,Multi-purpose vehicles,158,2018,10
2018-10-01,QUE,Electric,Vans,0,2018,10
2018-10-01,QUE,Hybrid Electric,"Total, vehicle type",2405,2018,10
2018-10-01,QUE,Hybrid Electric,Passenger cars,1640,2018,10
2018-10-01,QUE,Hybrid Electric,Pickup trucks,0,2018,10
2018-10-01,QUE,Hybrid Electric,Multi-purpose vehicles,687,2018,10
2018-10-01,QUE,Hybrid Electric,Vans,78,2018,10
2018-10-01,QUE,Hybrid Electric,"Total, vehicle type",1710,2018,10
2018-10-01,QUE,Hybrid Electric,Passenger cars,840,2018,10
2018-10-01,QUE,Hybrid Electric,Pickup trucks,0,2018,10
2018-10-01,QUE,Hybrid Electric,Multi-purpose vehicles,870,2018,10
2018-10-01,QUE,Hybrid Electric,Vans,0,2018,10
2018-10-01,QUE,Other,"Total, vehicle type",3,2018,10
2018-10-01,QUE,Other,Passenger cars,0,2018,10
2018-10-01,QUE,Other,Pickup trucks,0,2018,10
2018-10-01,QUE,Other,Multi-purpose vehicles,0,2018,10
2018-10-01,QUE,Other,Vans,3,2018,10
2018-10-01,ON,All fuel types,"Total, vehicle type",174495,2018,10
2018-10-01,ON,All fuel types,Passenger cars,49473,2018,10
2018-10-01,ON,All fuel types,Pickup trucks,29305,2018,10
2018-10-01,ON,All fuel types,Multi-purpose vehicles,85107,2018,10
2018-10-01,ON,All fuel types,Vans,10610,2018,10
2018-10-01,ON,Gas,"Total, vehicle type",165377,2018,10
2018-10-01,ON,Gas,Passenger cars,46755,2018,10
2018-10-01,ON,Gas,Pickup trucks,25673,2018,10
2018-10-01,ON,Gas,Multi-purpose vehicles,82963,2018,10
2018-10-01,ON,Gas,Vans,9986,2018,10
2018-10-01,ON,Diesel,"Total, vehicle type",4912,2018,10
2018-10-01,ON,Diesel,Passenger cars,130,2018,10
2018-10-01,ON,Diesel,Pickup trucks,3632,2018,10
2018-10-01,ON,Diesel,Multi-purpose vehicles,577,2018,10
2018-10-01,ON,Diesel,Vans,573,2018,10
2018-10-01,ON,All zero-emission vehicles,"Total, vehicle type",1806,2018,10
2018-10-01,ON,All zero-emission vehicles,Passenger cars,1412,2018,10
2018-10-01,ON,All zero-emission vehicles,Pickup trucks,0,2018,10
2018-10-01,ON,All zero-emission vehicles,Multi-purpose vehicles,349,2018,10
2018-10-01,ON,All zero-emission vehicles,Vans,45,2018,10
2018-10-01,ON,Electric,"Total, vehicle type",1195,2018,10
2018-10-01,ON,Electric,Passenger cars,1042,2018,10
2018-10-01,ON,Electric,Pickup trucks,0,2018,10
2018-10-01,ON,Electric,Multi-purpose vehicles,153,2018,10
2018-10-01,ON,Electric,Vans,0,2018,10
2018-10-01,ON,Hybrid Electric,"Total, vehicle type",611,2018,10
2018-10-01,ON,Hybrid Electric,Passenger cars,370,2018,10
2018-10-01,ON,Hybrid Electric,Pickup trucks,0,2018,10
2018-10-01,ON,Hybrid Electric,Multi-purpose vehicles,196,2018,10
2018-10-01,ON,Hybrid Electric,Vans,45,2018,10
2018-10-01,ON,Hybrid Electric,"Total, vehicle type",2393,2018,10
2018-10-01,ON,Hybrid Electric,Passenger cars,1176,2018,10
2018-10-01,ON,Hybrid Electric,Pickup trucks,0,2018,10
2018-10-01,ON,Hybrid Electric,Multi-purpose vehicles,1217,2018,10
2018-10-01,ON,Hybrid Electric,Vans,0,2018,10
2018-10-01,ON,Other,"Total, vehicle type",7,2018,10
2018-10-01,ON,Other,Passenger cars,0,2018,10
2018-10-01,ON,Other,Pickup trucks,0,2018,10
2018-10-01,ON,Other,Multi-purpose vehicles,1,2018,10
2018-10-01,ON,Other,Vans,6,2018,10
2018-10-01,MB,All fuel types,"Total, vehicle type",11817,2018,10
2018-10-01,MB,All fuel types,Passenger cars,2342,2018,10
2018-10-01,MB,All fuel types,Pickup trucks,3143,2018,10
2018-10-01,MB,All fuel types,Multi-purpose vehicles,5698,2018,10
2018-10-01,MB,All fuel types,Vans,634,2018,10
2018-10-01,MB,Gas,"Total, vehicle type",11309,2018,10
2018-10-01,MB,Gas,Passenger cars,2259,2018,10
2018-10-01,MB,Gas,Pickup trucks,2857,2018,10
2018-10-01,MB,Gas,Multi-purpose vehicles,5583,2018,10
2018-10-01,MB,Gas,Vans,610,2018,10
2018-10-01,MB,Diesel,"Total, vehicle type",368,2018,10
2018-10-01,MB,Diesel,Passenger cars,7,2018,10
2018-10-01,MB,Diesel,Pickup trucks,286,2018,10
2018-10-01,MB,Diesel,Multi-purpose vehicles,52,2018,10
2018-10-01,MB,Diesel,Vans,23,2018,10
2018-10-01,MB,All zero-emission vehicles,"Total, vehicle type",55,2018,10
2018-10-01,MB,All zero-emission vehicles,Passenger cars,39,2018,10
2018-10-01,MB,All zero-emission vehicles,Pickup trucks,0,2018,10
2018-10-01,MB,All zero-emission vehicles,Multi-purpose vehicles,15,2018,10
2018-10-01,MB,All zero-emission vehicles,Vans,1,2018,10
2018-10-01,MB,Electric,"Total, vehicle type",31,2018,10
2018-10-01,MB,Electric,Passenger cars,29,2018,10
2018-10-01,MB,Electric,Pickup trucks,0,2018,10
2018-10-01,MB,Electric,Multi-purpose vehicles,2,2018,10
2018-10-01,MB,Electric,Vans,0,2018,10
2018-10-01,MB,Hybrid Electric,"Total, vehicle type",24,2018,10
2018-10-01,MB,Hybrid Electric,Passenger cars,10,2018,10
2018-10-01,MB,Hybrid Electric,Pickup trucks,0,2018,10
2018-10-01,MB,Hybrid Electric,Multi-purpose vehicles,13,2018,10
2018-10-01,MB,Hybrid Electric,Vans,1,2018,10
2018-10-01,MB,Hybrid Electric,"Total, vehicle type",85,2018,10
2018-10-01,MB,Hybrid Electric,Passenger cars,37,2018,10
2018-10-01,MB,Hybrid Electric,Pickup trucks,0,2018,10
2018-10-01,MB,Hybrid Electric,Multi-purpose vehicles,48,2018,10
2018-10-01,MB,Hybrid Electric,Vans,0,2018,10
2018-10-01,MB,Other,"Total, vehicle type",0,2018,10
2018-10-01,MB,Other,Passenger cars,0,2018,10
2018-10-01,MB,Other,Pickup trucks,0,2018,10
2018-10-01,MB,Other,Multi-purpose vehicles,0,2018,10
2018-10-01,MB,Other,Vans,0,2018,10
2018-10-01,SAS,All fuel types,"Total, vehicle type",11498,2018,10
2018-10-01,SAS,All fuel types,Passenger cars,1452,2018,10
2018-10-01,SAS,All fuel types,Pickup trucks,4253,2018,10
2018-10-01,SAS,All fuel types,Multi-purpose vehicles,5301,2018,10
2018-10-01,SAS,All fuel types,Vans,492,2018,10
2018-10-01,SAS,Gas,"Total, vehicle type",10627,2018,10
2018-10-01,SAS,Gas,Passenger cars,1396,2018,10
2018-10-01,SAS,Gas,Pickup trucks,3529,2018,10
2018-10-01,SAS,Gas,Multi-purpose vehicles,5230,2018,10
2018-10-01,SAS,Gas,Vans,472,2018,10
2018-10-01,SAS,Diesel,"Total, vehicle type",796,2018,10
2018-10-01,SAS,Diesel,Passenger cars,15,2018,10
2018-10-01,SAS,Diesel,Pickup trucks,724,2018,10
2018-10-01,SAS,Diesel,Multi-purpose vehicles,37,2018,10
2018-10-01,SAS,Diesel,Vans,20,2018,10
2018-10-01,SAS,All zero-emission vehicles,"Total, vehicle type",29,2018,10
2018-10-01,SAS,All zero-emission vehicles,Passenger cars,21,2018,10
2018-10-01,SAS,All zero-emission vehicles,Pickup trucks,0,2018,10
2018-10-01,SAS,All zero-emission vehicles,Multi-purpose vehicles,8,2018,10
2018-10-01,SAS,All zero-emission vehicles,Vans,0,2018,10
2018-10-01,SAS,Electric,"Total, vehicle type",17,2018,10
2018-10-01,SAS,Electric,Passenger cars,16,2018,10
2018-10-01,SAS,Electric,Pickup trucks,0,2018,10
2018-10-01,SAS,Electric,Multi-purpose vehicles,1,2018,10
2018-10-01,SAS,Electric,Vans,0,2018,10
2018-10-01,SAS,Hybrid Electric,"Total, vehicle type",12,2018,10
2018-10-01,SAS,Hybrid Electric,Passenger cars,5,2018,10
2018-10-01,SAS,Hybrid Electric,Pickup trucks,0,2018,10
2018-10-01,SAS,Hybrid Electric,Multi-purpose vehicles,7,2018,10
2018-10-01,SAS,Hybrid Electric,Vans,0,2018,10
2018-10-01,SAS,Hybrid Electric,"Total, vehicle type",46,2018,10
2018-10-01,SAS,Hybrid Electric,Passenger cars,20,2018,10
2018-10-01,SAS,Hybrid Electric,Pickup trucks,0,2018,10
2018-10-01,SAS,Hybrid Electric,Multi-purpose vehicles,26,2018,10
2018-10-01,SAS,Hybrid Electric,Vans,0,2018,10
2018-10-01,SAS,Other,"Total, vehicle type",0,2018,10
2018-10-01,SAS,Other,Passenger cars,0,2018,10
2018-10-01,SAS,Other,Pickup trucks,0,2018,10
2018-10-01,SAS,Other,Multi-purpose vehicles,0,2018,10
2018-10-01,SAS,Other,Vans,0,2018,10
2018-10-01,BC,All fuel types,"Total, vehicle type",49084,2018,10
2018-10-01,BC,All fuel types,Passenger cars,12320,2018,10
2018-10-01,BC,All fuel types,Pickup trucks,10181,2018,10
2018-10-01,BC,All fuel types,Multi-purpose vehicles,23805,2018,10
2018-10-01,BC,All fuel types,Vans,2778,2018,10
2018-10-01,BC,Gas,"Total, vehicle type",42957,2018,10
2018-10-01,BC,Gas,Passenger cars,10137,2018,10
2018-10-01,BC,Gas,Pickup trucks,8143,2018,10
2018-10-01,BC,Gas,Multi-purpose vehicles,22198,2018,10
2018-10-01,BC,Gas,Vans,2479,2018,10
2018-10-01,BC,Diesel,"Total, vehicle type",2595,2018,10
2018-10-01,BC,Diesel,Passenger cars,51,2018,10
2018-10-01,BC,Diesel,Pickup trucks,2038,2018,10
2018-10-01,BC,Diesel,Multi-purpose vehicles,248,2018,10
2018-10-01,BC,Diesel,Vans,258,2018,10
2018-10-01,BC,All zero-emission vehicles,"Total, vehicle type",2041,2018,10
2018-10-01,BC,All zero-emission vehicles,Passenger cars,1531,2018,10
2018-10-01,BC,All zero-emission vehicles,Pickup trucks,0,2018,10
2018-10-01,BC,All zero-emission vehicles,Multi-purpose vehicles,473,2018,10
2018-10-01,BC,All zero-emission vehicles,Vans,37,2018,10
2018-10-01,BC,Electric,"Total, vehicle type",1308,2018,10
2018-10-01,BC,Electric,Passenger cars,1133,2018,10
2018-10-01,BC,Electric,Pickup trucks,0,2018,10
2018-10-01,BC,Electric,Multi-purpose vehicles,175,2018,10
2018-10-01,BC,Electric,Vans,0,2018,10
2018-10-01,BC,Hybrid Electric,"Total, vehicle type",733,2018,10
2018-10-01,BC,Hybrid Electric,Passenger cars,398,2018,10
2018-10-01,BC,Hybrid Electric,Pickup trucks,0,2018,10
2018-10-01,BC,Hybrid Electric,Multi-purpose vehicles,298,2018,10
2018-10-01,BC,Hybrid Electric,Vans,37,2018,10
2018-10-01,BC,Hybrid Electric,"Total, vehicle type",1487,2018,10
2018-10-01,BC,Hybrid Electric,Passenger cars,601,2018,10
2018-10-01,BC,Hybrid Electric,Pickup trucks,0,2018,10
2018-10-01,BC,Hybrid Electric,Multi-purpose vehicles,886,2018,10
2018-10-01,BC,Hybrid Electric,Vans,0,2018,10
2018-10-01,BC,Other,"Total, vehicle type",4,2018,10
2018-10-01,BC,Other,Passenger cars,0,2018,10
2018-10-01,BC,Other,Pickup trucks,0,2018,10
2018-10-01,BC,Other,Multi-purpose vehicles,0,2018,10
2018-10-01,BC,Other,Vans,4,2018,10
2019-01-01,CAN,All fuel types,"Total, vehicle type",402123,2019,1
2019-01-01,CAN,All fuel types,Passenger cars,104231,2019,1
2019-01-01,CAN,All fuel types,Pickup trucks,80764,2019,1
2019-01-01,CAN,All fuel types,Multi-purpose vehicles,192499,2019,1
2019-01-01,CAN,All fuel types,Vans,24629,2019,1
2019-01-01,CAN,Gas,"Total, vehicle type",373971,2019,1
2019-01-01,CAN,Gas,Passenger cars,94110,2019,1
2019-01-01,CAN,Gas,Pickup trucks,69687,2019,1
2019-01-01,CAN,Gas,Multi-purpose vehicles,186891,2019,1
2019-01-01,CAN,Gas,Vans,23283,2019,1
2019-01-01,CAN,Diesel,"Total, vehicle type",13223,2019,1
2019-01-01,CAN,Diesel,Passenger cars,164,2019,1
2019-01-01,CAN,Diesel,Pickup trucks,11077,2019,1
2019-01-01,CAN,Diesel,Multi-purpose vehicles,830,2019,1
2019-01-01,CAN,Diesel,Vans,1152,2019,1
2019-01-01,CAN,All zero-emission vehicles,"Total, vehicle type",8275,2019,1
2019-01-01,CAN,All zero-emission vehicles,Passenger cars,5476,2019,1
2019-01-01,CAN,All zero-emission vehicles,Pickup trucks,0,2019,1
2019-01-01,CAN,All zero-emission vehicles,Multi-purpose vehicles,2646,2019,1
2019-01-01,CAN,All zero-emission vehicles,Vans,153,2019,1
2019-01-01,CAN,Electric,"Total, vehicle type",5273,2019,1
2019-01-01,CAN,Electric,Passenger cars,3521,2019,1
2019-01-01,CAN,Electric,Pickup trucks,0,2019,1
2019-01-01,CAN,Electric,Multi-purpose vehicles,1752,2019,1
2019-01-01,CAN,Electric,Vans,0,2019,1
2019-01-01,CAN,Hybrid Electric,"Total, vehicle type",3002,2019,1
2019-01-01,CAN,Hybrid Electric,Passenger cars,1955,2019,1
2019-01-01,CAN,Hybrid Electric,Pickup trucks,0,2019,1
2019-01-01,CAN,Hybrid Electric,Multi-purpose vehicles,894,2019,1
2019-01-01,CAN,Hybrid Electric,Vans,153,2019,1
2019-01-01,CAN,Hybrid Electric,"Total, vehicle type",6596,2019,1
2019-01-01,CAN,Hybrid Electric,Passenger cars,4468,2019,1
2019-01-01,CAN,Hybrid Electric,Pickup trucks,0,2019,1
2019-01-01,CAN,Hybrid Electric,Multi-purpose vehicles,2128,2019,1
2019-01-01,CAN,Hybrid Electric,Vans,0,2019,1
2019-01-01,CAN,Other,"Total, vehicle type",58,2019,1
2019-01-01,CAN,Other,Passenger cars,13,2019,1
2019-01-01,CAN,Other,Pickup trucks,0,2019,1
2019-01-01,CAN,Other,Multi-purpose vehicles,4,2019,1
2019-01-01,CAN,Other,Vans,41,2019,1
2019-01-01,PEI,All fuel types,"Total, vehicle type",1178,2019,1
2019-01-01,PEI,All fuel types,Passenger cars,318,2019,1
2019-01-01,PEI,All fuel types,Pickup trucks,289,2019,1
2019-01-01,PEI,All fuel types,Multi-purpose vehicles,518,2019,1
2019-01-01,PEI,All fuel types,Vans,53,2019,1
2019-01-01,PEI,Gas,"Total, vehicle type",1116,2019,1
2019-01-01,PEI,Gas,Passenger cars,282,2019,1
2019-01-01,PEI,Gas,Pickup trucks,272,2019,1
2019-01-01,PEI,Gas,Multi-purpose vehicles,510,2019,1
2019-01-01,PEI,Gas,Vans,52,2019,1
2019-01-01,PEI,Diesel,"Total, vehicle type",18,2019,1
2019-01-01,PEI,Diesel,Passenger cars,0,2019,1
2019-01-01,PEI,Diesel,Pickup trucks,17,2019,1
2019-01-01,PEI,Diesel,Multi-purpose vehicles,0,2019,1
2019-01-01,PEI,Diesel,Vans,1,2019,1
2019-01-01,PEI,All zero-emission vehicles,"Total, vehicle type",7,2019,1
2019-01-01,PEI,All zero-emission vehicles,Passenger cars,4,2019,1
2019-01-01,PEI,All zero-emission vehicles,Pickup trucks,0,2019,1
2019-01-01,PEI,All zero-emission vehicles,Multi-purpose vehicles,3,2019,1
2019-01-01,PEI,All zero-emission vehicles,Vans,0,2019,1
2019-01-01,PEI,Electric,"Total, vehicle type",4,2019,1
2019-01-01,PEI,Electric,Passenger cars,3,2019,1
2019-01-01,PEI,Electric,Pickup trucks,0,2019,1
2019-01-01,PEI,Electric,Multi-purpose vehicles,1,2019,1
2019-01-01,PEI,Electric,Vans,0,2019,1
2019-01-01,PEI,Hybrid Electric,"Total, vehicle type",3,2019,1
2019-01-01,PEI,Hybrid Electric,Passenger cars,1,2019,1
2019-01-01,PEI,Hybrid Electric,Pickup trucks,0,2019,1
2019-01-01,PEI,Hybrid Electric,Multi-purpose vehicles,2,2019,1
2019-01-01,PEI,Hybrid Electric,Vans,0,2019,1
2019-01-01,PEI,Hybrid Electric,"Total, vehicle type",37,2019,1
2019-01-01,PEI,Hybrid Electric,Passenger cars,32,2019,1
2019-01-01,PEI,Hybrid Electric,Pickup trucks,0,2019,1
2019-01-01,PEI,Hybrid Electric,Multi-purpose vehicles,5,2019,1
2019-01-01,PEI,Hybrid Electric,Vans,0,2019,1
2019-01-01,PEI,Other,"Total, vehicle type",0,2019,1
2019-01-01,PEI,Other,Passenger cars,0,2019,1
2019-01-01,PEI,Other,Pickup trucks,0,2019,1
2019-01-01,PEI,Other,Multi-purpose vehicles,0,2019,1
2019-01-01,PEI,Other,Vans,0,2019,1
2019-01-01,NB,All fuel types,"Total, vehicle type",7530,2019,1
2019-01-01,NB,All fuel types,Passenger cars,1669,2019,1
2019-01-01,NB,All fuel types,Pickup trucks,1934,2019,1
2019-01-01,NB,All fuel types,Multi-purpose vehicles,3621,2019,1
2019-01-01,NB,All fuel types,Vans,306,2019,1
2019-01-01,NB,Gas,"Total, vehicle type",7316,2019,1
2019-01-01,NB,Gas,Passenger cars,1641,2019,1
2019-01-01,NB,Gas,Pickup trucks,1787,2019,1
2019-01-01,NB,Gas,Multi-purpose vehicles,3590,2019,1
2019-01-01,NB,Gas,Vans,298,2019,1
2019-01-01,NB,Diesel,"Total, vehicle type",161,2019,1
2019-01-01,NB,Diesel,Passenger cars,1,2019,1
2019-01-01,NB,Diesel,Pickup trucks,147,2019,1
2019-01-01,NB,Diesel,Multi-purpose vehicles,5,2019,1
2019-01-01,NB,Diesel,Vans,8,2019,1
2019-01-01,NB,All zero-emission vehicles,"Total, vehicle type",12,2019,1
2019-01-01,NB,All zero-emission vehicles,Passenger cars,7,2019,1
2019-01-01,NB,All zero-emission vehicles,Pickup trucks,0,2019,1
2019-01-01,NB,All zero-emission vehicles,Multi-purpose vehicles,5,2019,1
2019-01-01,NB,All zero-emission vehicles,Vans,0,2019,1
2019-01-01,NB,Electric,"Total, vehicle type",4,2019,1
2019-01-01,NB,Electric,Passenger cars,4,2019,1
2019-01-01,NB,Electric,Pickup trucks,0,2019,1
2019-01-01,NB,Electric,Multi-purpose vehicles,0,2019,1
2019-01-01,NB,Electric,Vans,0,2019,1
2019-01-01,NB,Hybrid Electric,"Total, vehicle type",8,2019,1
2019-01-01,NB,Hybrid Electric,Passenger cars,3,2019,1
2019-01-01,NB,Hybrid Electric,Pickup trucks,0,2019,1
2019-01-01,NB,Hybrid Electric,Multi-purpose vehicles,5,2019,1
2019-01-01,NB,Hybrid Electric,Vans,0,2019,1
2019-01-01,NB,Hybrid Electric,"Total, vehicle type",41,2019,1
2019-01-01,NB,Hybrid Electric,Passenger cars,20,2019,1
2019-01-01,NB,Hybrid Electric,Pickup trucks,0,2019,1
2019-01-01,NB,Hybrid Electric,Multi-purpose vehicles,21,2019,1
2019-01-01,NB,Hybrid Electric,Vans,0,2019,1
2019-01-01,NB,Other,"Total, vehicle type",0,2019,1
2019-01-01,NB,Other,Passenger cars,0,2019,1
2019-01-01,NB,Other,Pickup trucks,0,2019,1
2019-01-01,NB,Other,Multi-purpose vehicles,0,2019,1
2019-01-01,NB,Other,Vans,0,2019,1
2019-01-01,QUE,All fuel types,"Total, vehicle type",85062,2019,1
2019-01-01,QUE,All fuel types,Passenger cars,26847,2019,1
2019-01-01,QUE,All fuel types,Pickup trucks,12566,2019,1
2019-01-01,QUE,All fuel types,Multi-purpose vehicles,40803,2019,1
2019-01-01,QUE,All fuel types,Vans,4846,2019,1
2019-01-01,QUE,Gas,"Total, vehicle type",78014,2019,1
2019-01-01,QUE,Gas,Passenger cars,23466,2019,1
2019-01-01,QUE,Gas,Pickup trucks,10975,2019,1
2019-01-01,QUE,Gas,Multi-purpose vehicles,39019,2019,1
2019-01-01,QUE,Gas,Vans,4554,2019,1
2019-01-01,QUE,Diesel,"Total, vehicle type",1965,2019,1
2019-01-01,QUE,Diesel,Passenger cars,33,2019,1
2019-01-01,QUE,Diesel,Pickup trucks,1591,2019,1
2019-01-01,QUE,Diesel,Multi-purpose vehicles,114,2019,1
2019-01-01,QUE,Diesel,Vans,227,2019,1
2019-01-01,QUE,All zero-emission vehicles,"Total, vehicle type",3795,2019,1
2019-01-01,QUE,All zero-emission vehicles,Passenger cars,2494,2019,1
2019-01-01,QUE,All zero-emission vehicles,Pickup trucks,0,2019,1
2019-01-01,QUE,All zero-emission vehicles,Multi-purpose vehicles,1238,2019,1
2019-01-01,QUE,All zero-emission vehicles,Vans,63,2019,1
2019-01-01,QUE,Electric,"Total, vehicle type",2188,2019,1
2019-01-01,QUE,Electric,Passenger cars,1368,2019,1
2019-01-01,QUE,Electric,Pickup trucks,0,2019,1
2019-01-01,QUE,Electric,Multi-purpose vehicles,820,2019,1
2019-01-01,QUE,Electric,Vans,0,2019,1
2019-01-01,QUE,Hybrid Electric,"Total, vehicle type",1607,2019,1
2019-01-01,QUE,Hybrid Electric,Passenger cars,1126,2019,1
2019-01-01,QUE,Hybrid Electric,Pickup trucks,0,2019,1
2019-01-01,QUE,Hybrid Electric,Multi-purpose vehicles,418,2019,1
2019-01-01,QUE,Hybrid Electric,Vans,63,2019,1
2019-01-01,QUE,Hybrid Electric,"Total, vehicle type",1273,2019,1
2019-01-01,QUE,Hybrid Electric,Passenger cars,841,2019,1
2019-01-01,QUE,Hybrid Electric,Pickup trucks,0,2019,1
2019-01-01,QUE,Hybrid Electric,Multi-purpose vehicles,432,2019,1
2019-01-01,QUE,Hybrid Electric,Vans,0,2019,1
2019-01-01,QUE,Other,"Total, vehicle type",15,2019,1
2019-01-01,QUE,Other,Passenger cars,13,2019,1
2019-01-01,QUE,Other,Pickup trucks,0,2019,1
2019-01-01,QUE,Other,Multi-purpose vehicles,0,2019,1
2019-01-01,QUE,Other,Vans,2,2019,1
2019-01-01,ON,All fuel types,"Total, vehicle type",168957,2019,1
2019-01-01,ON,All fuel types,Passenger cars,44428,2019,1
2019-01-01,ON,All fuel types,Pickup trucks,28460,2019,1
2019-01-01,ON,All fuel types,Multi-purpose vehicles,83778,2019,1
2019-01-01,ON,All fuel types,Vans,12291,2019,1
2019-01-01,ON,Gas,"Total, vehicle type",160768,2019,1
2019-01-01,ON,Gas,Passenger cars,41608,2019,1
2019-01-01,ON,Gas,Pickup trucks,25349,2019,1
2019-01-01,ON,Gas,Multi-purpose vehicles,82166,2019,1
2019-01-01,ON,Gas,Vans,11645,2019,1
2019-01-01,ON,Diesel,"Total, vehicle type",4160,2019,1
2019-01-01,ON,Diesel,Passenger cars,69,2019,1
2019-01-01,ON,Diesel,Pickup trucks,3111,2019,1
2019-01-01,ON,Diesel,Multi-purpose vehicles,396,2019,1
2019-01-01,ON,Diesel,Vans,584,2019,1
2019-01-01,ON,All zero-emission vehicles,"Total, vehicle type",1342,2019,1
2019-01-01,ON,All zero-emission vehicles,Passenger cars,844,2019,1
2019-01-01,ON,All zero-emission vehicles,Pickup trucks,0,2019,1
2019-01-01,ON,All zero-emission vehicles,Multi-purpose vehicles,474,2019,1
2019-01-01,ON,All zero-emission vehicles,Vans,24,2019,1
2019-01-01,ON,Electric,"Total, vehicle type",849,2019,1
2019-01-01,ON,Electric,Passenger cars,564,2019,1
2019-01-01,ON,Electric,Pickup trucks,0,2019,1
2019-01-01,ON,Electric,Multi-purpose vehicles,285,2019,1
2019-01-01,ON,Electric,Vans,0,2019,1
2019-01-01,ON,Hybrid Electric,"Total, vehicle type",493,2019,1
2019-01-01,ON,Hybrid Electric,Passenger cars,280,2019,1
2019-01-01,ON,Hybrid Electric,Pickup trucks,0,2019,1
2019-01-01,ON,Hybrid Electric,Multi-purpose vehicles,189,2019,1
2019-01-01,ON,Hybrid Electric,Vans,24,2019,1
2019-01-01,ON,Hybrid Electric,"Total, vehicle type",2648,2019,1
2019-01-01,ON,Hybrid Electric,Passenger cars,1907,2019,1
2019-01-01,ON,Hybrid Electric,Pickup trucks,0,2019,1
2019-01-01,ON,Hybrid Electric,Multi-purpose vehicles,741,2019,1
2019-01-01,ON,Hybrid Electric,Vans,0,2019,1
2019-01-01,ON,Other,"Total, vehicle type",39,2019,1
2019-01-01,ON,Other,Passenger cars,0,2019,1
2019-01-01,ON,Other,Pickup trucks,0,2019,1
2019-01-01,ON,Other,Multi-purpose vehicles,1,2019,1
2019-01-01,ON,Other,Vans,38,2019,1
2019-01-01,MB,All fuel types,"Total, vehicle type",10916,2019,1
2019-01-01,MB,All fuel types,Passenger cars,2283,2019,1
2019-01-01,MB,All fuel types,Pickup trucks,2921,2019,1
2019-01-01,MB,All fuel types,Multi-purpose vehicles,5167,2019,1
2019-01-01,MB,All fuel types,Vans,545,2019,1
2019-01-01,MB,Gas,"Total, vehicle type",10544,2019,1
2019-01-01,MB,Gas,Passenger cars,2202,2019,1
2019-01-01,MB,Gas,Pickup trucks,2705,2019,1
2019-01-01,MB,Gas,Multi-purpose vehicles,5110,2019,1
2019-01-01,MB,Gas,Vans,527,2019,1
2019-01-01,MB,Diesel,"Total, vehicle type",249,2019,1
2019-01-01,MB,Diesel,Passenger cars,1,2019,1
2019-01-01,MB,Diesel,Pickup trucks,216,2019,1
2019-01-01,MB,Diesel,Multi-purpose vehicles,18,2019,1
2019-01-01,MB,Diesel,Vans,14,2019,1
2019-01-01,MB,All zero-emission vehicles,"Total, vehicle type",26,2019,1
2019-01-01,MB,All zero-emission vehicles,Passenger cars,16,2019,1
2019-01-01,MB,All zero-emission vehicles,Pickup trucks,0,2019,1
2019-01-01,MB,All zero-emission vehicles,Multi-purpose vehicles,6,2019,1
2019-01-01,MB,All zero-emission vehicles,Vans,4,2019,1
2019-01-01,MB,Electric,"Total, vehicle type",11,2019,1
2019-01-01,MB,Electric,Passenger cars,8,2019,1
2019-01-01,MB,Electric,Pickup trucks,0,2019,1
2019-01-01,MB,Electric,Multi-purpose vehicles,3,2019,1
2019-01-01,MB,Electric,Vans,0,2019,1
2019-01-01,MB,Hybrid Electric,"Total, vehicle type",15,2019,1
2019-01-01,MB,Hybrid Electric,Passenger cars,8,2019,1
2019-01-01,MB,Hybrid Electric,Pickup trucks,0,2019,1
2019-01-01,MB,Hybrid Electric,Multi-purpose vehicles,3,2019,1
2019-01-01,MB,Hybrid Electric,Vans,4,2019,1
2019-01-01,MB,Hybrid Electric,"Total, vehicle type",97,2019,1
2019-01-01,MB,Hybrid Electric,Passenger cars,64,2019,1
2019-01-01,MB,Hybrid Electric,Pickup trucks,0,2019,1
2019-01-01,MB,Hybrid Electric,Multi-purpose vehicles,33,2019,1
2019-01-01,MB,Hybrid Electric,Vans,0,2019,1
2019-01-01,MB,Other,"Total, vehicle type",0,2019,1
2019-01-01,MB,Other,Passenger cars,0,2019,1
2019-01-01,MB,Other,Pickup trucks,0,2019,1
2019-01-01,MB,Other,Multi-purpose vehicles,0,2019,1
2019-01-01,MB,Other,Vans,0,2019,1
2019-01-01,SAS,All fuel types,"Total, vehicle type",11157,2019,1
2019-01-01,SAS,All fuel types,Passenger cars,1551,2019,1
2019-01-01,SAS,All fuel types,Pickup trucks,4113,2019,1
2019-01-01,SAS,All fuel types,Multi-purpose vehicles,4940,2019,1
2019-01-01,SAS,All fuel types,Vans,553,2019,1
2019-01-01,SAS,Gas,"Total, vehicle type",10356,2019,1
2019-01-01,SAS,Gas,Passenger cars,1458,2019,1
2019-01-01,SAS,Gas,Pickup trucks,3476,2019,1
2019-01-01,SAS,Gas,Multi-purpose vehicles,4884,2019,1
2019-01-01,SAS,Gas,Vans,538,2019,1
2019-01-01,SAS,Diesel,"Total, vehicle type",678,2019,1
2019-01-01,SAS,Diesel,Passenger cars,7,2019,1
2019-01-01,SAS,Diesel,Pickup trucks,637,2019,1
2019-01-01,SAS,Diesel,Multi-purpose vehicles,22,2019,1
2019-01-01,SAS,Diesel,Vans,12,2019,1
2019-01-01,SAS,All zero-emission vehicles,"Total, vehicle type",25,2019,1
2019-01-01,SAS,All zero-emission vehicles,Passenger cars,15,2019,1
2019-01-01,SAS,All zero-emission vehicles,Pickup trucks,0,2019,1
2019-01-01,SAS,All zero-emission vehicles,Multi-purpose vehicles,7,2019,1
2019-01-01,SAS,All zero-emission vehicles,Vans,3,2019,1
2019-01-01,SAS,Electric,"Total, vehicle type",12,2019,1
2019-01-01,SAS,Electric,Passenger cars,8,2019,1
2019-01-01,SAS,Electric,Pickup trucks,0,2019,1
2019-01-01,SAS,Electric,Multi-purpose vehicles,4,2019,1
2019-01-01,SAS,Electric,Vans,0,2019,1
2019-01-01,SAS,Hybrid Electric,"Total, vehicle type",13,2019,1
2019-01-01,SAS,Hybrid Electric,Passenger cars,7,2019,1
2019-01-01,SAS,Hybrid Electric,Pickup trucks,0,2019,1
2019-01-01,SAS,Hybrid Electric,Multi-purpose vehicles,3,2019,1
2019-01-01,SAS,Hybrid Electric,Vans,3,2019,1
2019-01-01,SAS,Hybrid Electric,"Total, vehicle type",98,2019,1
2019-01-01,SAS,Hybrid Electric,Passenger cars,71,2019,1
2019-01-01,SAS,Hybrid Electric,Pickup trucks,0,2019,1
2019-01-01,SAS,Hybrid Electric,Multi-purpose vehicles,27,2019,1
2019-01-01,SAS,Hybrid Electric,Vans,0,2019,1
2019-01-01,SAS,Other,"Total, vehicle type",0,2019,1
2019-01-01,SAS,Other,Passenger cars,0,2019,1
2019-01-01,SAS,Other,Pickup trucks,0,2019,1
2019-01-01,SAS,Other,Multi-purpose vehicles,0,2019,1
2019-01-01,SAS,Other,Vans,0,2019,1
2019-01-01,BC,All fuel types,"Total, vehicle type",48306,2019,1
2019-01-01,BC,All fuel types,Passenger cars,13852,2019,1
2019-01-01,BC,All fuel types,Pickup trucks,9488,2019,1
2019-01-01,BC,All fuel types,Multi-purpose vehicles,22313,2019,1
2019-01-01,BC,All fuel types,Vans,2653,2019,1
2019-01-01,BC,Gas,"Total, vehicle type",41645,2019,1
2019-01-01,BC,Gas,Passenger cars,11023,2019,1
2019-01-01,BC,Gas,Pickup trucks,7584,2019,1
2019-01-01,BC,Gas,Multi-purpose vehicles,20663,2019,1
2019-01-01,BC,Gas,Vans,2375,2019,1
2019-01-01,BC,Diesel,"Total, vehicle type",2351,2019,1
2019-01-01,BC,Diesel,Passenger cars,33,2019,1
2019-01-01,BC,Diesel,Pickup trucks,1904,2019,1
2019-01-01,BC,Diesel,Multi-purpose vehicles,189,2019,1
2019-01-01,BC,Diesel,Vans,225,2019,1
2019-01-01,BC,All zero-emission vehicles,"Total, vehicle type",2785,2019,1
2019-01-01,BC,All zero-emission vehicles,Passenger cars,1909,2019,1
2019-01-01,BC,All zero-emission vehicles,Pickup trucks,0,2019,1
2019-01-01,BC,All zero-emission vehicles,Multi-purpose vehicles,823,2019,1
2019-01-01,BC,All zero-emission vehicles,Vans,53,2019,1
2019-01-01,BC,Electric,"Total, vehicle type",2027,2019,1
2019-01-01,BC,Electric,Passenger cars,1436,2019,1
2019-01-01,BC,Electric,Pickup trucks,0,2019,1
2019-01-01,BC,Electric,Multi-purpose vehicles,591,2019,1
2019-01-01,BC,Electric,Vans,0,2019,1
2019-01-01,BC,Hybrid Electric,"Total, vehicle type",758,2019,1
2019-01-01,BC,Hybrid Electric,Passenger cars,473,2019,1
2019-01-01,BC,Hybrid Electric,Pickup trucks,0,2019,1
2019-01-01,BC,Hybrid Electric,Multi-purpose vehicles,232,2019,1
2019-01-01,BC,Hybrid Electric,Vans,53,2019,1
2019-01-01,BC,Hybrid Electric,"Total, vehicle type",1522,2019,1
2019-01-01,BC,Hybrid Electric,Passenger cars,887,2019,1
2019-01-01,BC,Hybrid Electric,Pickup trucks,0,2019,1
2019-01-01,BC,Hybrid Electric,Multi-purpose vehicles,635,2019,1
2019-01-01,BC,Hybrid Electric,Vans,0,2019,1
2019-01-01,BC,Other,"Total, vehicle type",3,2019,1
2019-01-01,BC,Other,Passenger cars,0,2019,1
2019-01-01,BC,Other,Pickup trucks,0,2019,1
2019-01-01,BC,Other,Multi-purpose vehicles,3,2019,1
2019-01-01,BC,Other,Vans,0,2019,1
2019-04-01,CAN,All fuel types,"Total, vehicle type",575763,2019,4
2019-04-01,CAN,All fuel types,Passenger cars,163444,2019,4
2019-04-01,CAN,All fuel types,Pickup trucks,116145,2019,4
2019-04-01,CAN,All fuel types,Multi-purpose vehicles,263386,2019,4
2019-04-01,CAN,All fuel types,Vans,32788,2019,4
2019-04-01,CAN,Gas,"Total, vehicle type",527118,2019,4
2019-04-01,CAN,Gas,Passenger cars,142309,2019,4
2019-04-01,CAN,Gas,Pickup trucks,102656,2019,4
2019-04-01,CAN,Gas,Multi-purpose vehicles,251448,2019,4
2019-04-01,CAN,Gas,Vans,30705,2019,4
2019-04-01,CAN,Diesel,"Total, vehicle type",16058,2019,4
2019-04-01,CAN,Diesel,Passenger cars,122,2019,4
2019-04-01,CAN,Diesel,Pickup trucks,13489,2019,4
2019-04-01,CAN,Diesel,Multi-purpose vehicles,720,2019,4
2019-04-01,CAN,Diesel,Vans,1727,2019,4
2019-04-01,CAN,All zero-emission vehicles,"Total, vehicle type",19446,2019,4
2019-04-01,CAN,All zero-emission vehicles,Passenger cars,14996,2019,4
2019-04-01,CAN,All zero-emission vehicles,Pickup trucks,0,2019,4
2019-04-01,CAN,All zero-emission vehicles,Multi-purpose vehicles,4138,2019,4
2019-04-01,CAN,All zero-emission vehicles,Vans,312,2019,4
2019-04-01,CAN,Electric,"Total, vehicle type",12370,2019,4
2019-04-01,CAN,Electric,Passenger cars,10399,2019,4
2019-04-01,CAN,Electric,Pickup trucks,0,2019,4
2019-04-01,CAN,Electric,Multi-purpose vehicles,1971,2019,4
2019-04-01,CAN,Electric,Vans,0,2019,4
2019-04-01,CAN,Hybrid Electric,"Total, vehicle type",7076,2019,4
2019-04-01,CAN,Hybrid Electric,Passenger cars,4597,2019,4
2019-04-01,CAN,Hybrid Electric,Pickup trucks,0,2019,4
2019-04-01,CAN,Hybrid Electric,Multi-purpose vehicles,2167,2019,4
2019-04-01,CAN,Hybrid Electric,Vans,312,2019,4
2019-04-01,CAN,Hybrid Electric,"Total, vehicle type",13053,2019,4
2019-04-01,CAN,Hybrid Electric,Passenger cars,5975,2019,4
2019-04-01,CAN,Hybrid Electric,Pickup trucks,0,2019,4
2019-04-01,CAN,Hybrid Electric,Multi-purpose vehicles,7078,2019,4
2019-04-01,CAN,Hybrid Electric,Vans,0,2019,4
2019-04-01,CAN,Other,"Total, vehicle type",88,2019,4
2019-04-01,CAN,Other,Passenger cars,42,2019,4
2019-04-01,CAN,Other,Pickup trucks,0,2019,4
2019-04-01,CAN,Other,Multi-purpose vehicles,2,2019,4
2019-04-01,CAN,Other,Vans,44,2019,4
2019-04-01,PEI,All fuel types,"Total, vehicle type",2349,2019,4
2019-04-01,PEI,All fuel types,Passenger cars,721,2019,4
2019-04-01,PEI,All fuel types,Pickup trucks,594,2019,4
2019-04-01,PEI,All fuel types,Multi-purpose vehicles,962,2019,4
2019-04-01,PEI,All fuel types,Vans,72,2019,4
2019-04-01,PEI,Gas,"Total, vehicle type",2234,2019,4
2019-04-01,PEI,Gas,Passenger cars,684,2019,4
2019-04-01,PEI,Gas,Pickup trucks,542,2019,4
2019-04-01,PEI,Gas,Multi-purpose vehicles,937,2019,4
2019-04-01,PEI,Gas,Vans,71,2019,4
2019-04-01,PEI,Diesel,"Total, vehicle type",53,2019,4
2019-04-01,PEI,Diesel,Passenger cars,0,2019,4
2019-04-01,PEI,Diesel,Pickup trucks,52,2019,4
2019-04-01,PEI,Diesel,Multi-purpose vehicles,0,2019,4
2019-04-01,PEI,Diesel,Vans,1,2019,4
2019-04-01,PEI,All zero-emission vehicles,"Total, vehicle type",11,2019,4
2019-04-01,PEI,All zero-emission vehicles,Passenger cars,7,2019,4
2019-04-01,PEI,All zero-emission vehicles,Pickup trucks,0,2019,4
2019-04-01,PEI,All zero-emission vehicles,Multi-purpose vehicles,4,2019,4
2019-04-01,PEI,All zero-emission vehicles,Vans,0,2019,4
2019-04-01,PEI,Electric,"Total, vehicle type",6,2019,4
2019-04-01,PEI,Electric,Passenger cars,6,2019,4
2019-04-01,PEI,Electric,Pickup trucks,0,2019,4
2019-04-01,PEI,Electric,Multi-purpose vehicles,0,2019,4
2019-04-01,PEI,Electric,Vans,0,2019,4
2019-04-01,PEI,Hybrid Electric,"Total, vehicle type",5,2019,4
2019-04-01,PEI,Hybrid Electric,Passenger cars,1,2019,4
2019-04-01,PEI,Hybrid Electric,Pickup trucks,0,2019,4
2019-04-01,PEI,Hybrid Electric,Multi-purpose vehicles,4,2019,4
2019-04-01,PEI,Hybrid Electric,Vans,0,2019,4
2019-04-01,PEI,Hybrid Electric,"Total, vehicle type",51,2019,4
2019-04-01,PEI,Hybrid Electric,Passenger cars,30,2019,4
2019-04-01,PEI,Hybrid Electric,Pickup trucks,0,2019,4
2019-04-01,PEI,Hybrid Electric,Multi-purpose vehicles,21,2019,4
2019-04-01,PEI,Hybrid Electric,Vans,0,2019,4
2019-04-01,PEI,Other,"Total, vehicle type",0,2019,4
2019-04-01,PEI,Other,Passenger cars,0,2019,4
2019-04-01,PEI,Other,Pickup trucks,0,2019,4
2019-04-01,PEI,Other,Multi-purpose vehicles,0,2019,4
2019-04-01,PEI,Other,Vans,0,2019,4
2019-04-01,NB,All fuel types,"Total, vehicle type",13898,2019,4
2019-04-01,NB,All fuel types,Passenger cars,3510,2019,4
2019-04-01,NB,All fuel types,Pickup trucks,3472,2019,4
2019-04-01,NB,All fuel types,Multi-purpose vehicles,6357,2019,4
2019-04-01,NB,All fuel types,Vans,559,2019,4
2019-04-01,NB,Gas,"Total, vehicle type",13269,2019,4
2019-04-01,NB,Gas,Passenger cars,3383,2019,4
2019-04-01,NB,Gas,Pickup trucks,3182,2019,4
2019-04-01,NB,Gas,Multi-purpose vehicles,6162,2019,4
2019-04-01,NB,Gas,Vans,542,2019,4
2019-04-01,NB,Diesel,"Total, vehicle type",316,2019,4
2019-04-01,NB,Diesel,Passenger cars,3,2019,4
2019-04-01,NB,Diesel,Pickup trucks,290,2019,4
2019-04-01,NB,Diesel,Multi-purpose vehicles,6,2019,4
2019-04-01,NB,Diesel,Vans,17,2019,4
2019-04-01,NB,All zero-emission vehicles,"Total, vehicle type",61,2019,4
2019-04-01,NB,All zero-emission vehicles,Passenger cars,36,2019,4
2019-04-01,NB,All zero-emission vehicles,Pickup trucks,0,2019,4
2019-04-01,NB,All zero-emission vehicles,Multi-purpose vehicles,25,2019,4
2019-04-01,NB,All zero-emission vehicles,Vans,0,2019,4
2019-04-01,NB,Electric,"Total, vehicle type",26,2019,4
2019-04-01,NB,Electric,Passenger cars,21,2019,4
2019-04-01,NB,Electric,Pickup trucks,0,2019,4
2019-04-01,NB,Electric,Multi-purpose vehicles,5,2019,4
2019-04-01,NB,Electric,Vans,0,2019,4
2019-04-01,NB,Hybrid Electric,"Total, vehicle type",35,2019,4
2019-04-01,NB,Hybrid Electric,Passenger cars,15,2019,4
2019-04-01,NB,Hybrid Electric,Pickup trucks,0,2019,4
2019-04-01,NB,Hybrid Electric,Multi-purpose vehicles,20,2019,4
2019-04-01,NB,Hybrid Electric,Vans,0,2019,4
2019-04-01,NB,Hybrid Electric,"Total, vehicle type",252,2019,4
2019-04-01,NB,Hybrid Electric,Passenger cars,88,2019,4
2019-04-01,NB,Hybrid Electric,Pickup trucks,0,2019,4
2019-04-01,NB,Hybrid Electric,Multi-purpose vehicles,164,2019,4
2019-04-01,NB,Hybrid Electric,Vans,0,2019,4
2019-04-01,NB,Other,"Total, vehicle type",0,2019,4
2019-04-01,NB,Other,Passenger cars,0,2019,4
2019-04-01,NB,Other,Pickup trucks,0,2019,4
2019-04-01,NB,Other,Multi-purpose vehicles,0,2019,4
2019-04-01,NB,Other,Vans,0,2019,4
2019-04-01,QUE,All fuel types,"Total, vehicle type",145701,2019,4
2019-04-01,QUE,All fuel types,Passenger cars,51538,2019,4
2019-04-01,QUE,All fuel types,Pickup trucks,21318,2019,4
2019-04-01,QUE,All fuel types,Multi-purpose vehicles,65177,2019,4
2019-04-01,QUE,All fuel types,Vans,7668,2019,4
2019-04-01,QUE,Gas,"Total, vehicle type",130125,2019,4
2019-04-01,QUE,Gas,Passenger cars,42968,2019,4
2019-04-01,QUE,Gas,Pickup trucks,18897,2019,4
2019-04-01,QUE,Gas,Multi-purpose vehicles,61181,2019,4
2019-04-01,QUE,Gas,Vans,7079,2019,4
2019-04-01,QUE,Diesel,"Total, vehicle type",3044,2019,4
2019-04-01,QUE,Diesel,Passenger cars,30,2019,4
2019-04-01,QUE,Diesel,Pickup trucks,2421,2019,4
2019-04-01,QUE,Diesel,Multi-purpose vehicles,149,2019,4
2019-04-01,QUE,Diesel,Vans,444,2019,4
2019-04-01,QUE,All zero-emission vehicles,"Total, vehicle type",9369,2019,4
2019-04-01,QUE,All zero-emission vehicles,Passenger cars,7242,2019,4
2019-04-01,QUE,All zero-emission vehicles,Pickup trucks,0,2019,4
2019-04-01,QUE,All zero-emission vehicles,Multi-purpose vehicles,1995,2019,4
2019-04-01,QUE,All zero-emission vehicles,Vans,132,2019,4
2019-04-01,QUE,Electric,"Total, vehicle type",5207,2019,4
2019-04-01,QUE,Electric,Passenger cars,4231,2019,4
2019-04-01,QUE,Electric,Pickup trucks,0,2019,4
2019-04-01,QUE,Electric,Multi-purpose vehicles,976,2019,4
2019-04-01,QUE,Electric,Vans,0,2019,4
2019-04-01,QUE,Hybrid Electric,"Total, vehicle type",4162,2019,4
2019-04-01,QUE,Hybrid Electric,Passenger cars,3011,2019,4
2019-04-01,QUE,Hybrid Electric,Pickup trucks,0,2019,4
2019-04-01,QUE,Hybrid Electric,Multi-purpose vehicles,1019,2019,4
2019-04-01,QUE,Hybrid Electric,Vans,132,2019,4
2019-04-01,QUE,Hybrid Electric,"Total, vehicle type",3110,2019,4
2019-04-01,QUE,Hybrid Electric,Passenger cars,1258,2019,4
2019-04-01,QUE,Hybrid Electric,Pickup trucks,0,2019,4
2019-04-01,QUE,Hybrid Electric,Multi-purpose vehicles,1852,2019,4
2019-04-01,QUE,Hybrid Electric,Vans,0,2019,4
2019-04-01,QUE,Other,"Total, vehicle type",53,2019,4
2019-04-01,QUE,Other,Passenger cars,40,2019,4
2019-04-01,QUE,Other,Pickup trucks,0,2019,4
2019-04-01,QUE,Other,Multi-purpose vehicles,0,2019,4
2019-04-01,QUE,Other,Vans,13,2019,4
2019-04-01,ON,All fuel types,"Total, vehicle type",222798,2019,4
2019-04-01,ON,All fuel types,Passenger cars,62600,2019,4
2019-04-01,ON,All fuel types,Pickup trucks,40636,2019,4
2019-04-01,ON,All fuel types,Multi-purpose vehicles,105628,2019,4
2019-04-01,ON,All fuel types,Vans,13934,2019,4
2019-04-01,ON,Gas,"Total, vehicle type",211273,2019,4
2019-04-01,ON,Gas,Passenger cars,58543,2019,4
2019-04-01,ON,Gas,Pickup trucks,37442,2019,4
2019-04-01,ON,Gas,Multi-purpose vehicles,102159,2019,4
2019-04-01,ON,Gas,Vans,13129,2019,4
2019-04-01,ON,Diesel,"Total, vehicle type",4290,2019,4
2019-04-01,ON,Diesel,Passenger cars,39,2019,4
2019-04-01,ON,Diesel,Pickup trucks,3194,2019,4
2019-04-01,ON,Diesel,Multi-purpose vehicles,319,2019,4
2019-04-01,ON,Diesel,Vans,738,2019,4
2019-04-01,ON,All zero-emission vehicles,"Total, vehicle type",2878,2019,4
2019-04-01,ON,All zero-emission vehicles,Passenger cars,2156,2019,4
2019-04-01,ON,All zero-emission vehicles,Pickup trucks,0,2019,4
2019-04-01,ON,All zero-emission vehicles,Multi-purpose vehicles,685,2019,4
2019-04-01,ON,All zero-emission vehicles,Vans,37,2019,4
2019-04-01,ON,Electric,"Total, vehicle type",1994,2019,4
2019-04-01,ON,Electric,Passenger cars,1658,2019,4
2019-04-01,ON,Electric,Pickup trucks,0,2019,4
2019-04-01,ON,Electric,Multi-purpose vehicles,336,2019,4
2019-04-01,ON,Electric,Vans,0,2019,4
2019-04-01,ON,Hybrid Electric,"Total, vehicle type",884,2019,4
2019-04-01,ON,Hybrid Electric,Passenger cars,498,2019,4
2019-04-01,ON,Hybrid Electric,Pickup trucks,0,2019,4
2019-04-01,ON,Hybrid Electric,Multi-purpose vehicles,349,2019,4
2019-04-01,ON,Hybrid Electric,Vans,37,2019,4
2019-04-01,ON,Hybrid Electric,"Total, vehicle type",4327,2019,4
2019-04-01,ON,Hybrid Electric,Passenger cars,1862,2019,4
2019-04-01,ON,Hybrid Electric,Pickup trucks,0,2019,4
2019-04-01,ON,Hybrid Electric,Multi-purpose vehicles,2465,2019,4
2019-04-01,ON,Hybrid Electric,Vans,0,2019,4
2019-04-01,ON,Other,"Total, vehicle type",30,2019,4
2019-04-01,ON,Other,Passenger cars,0,2019,4
2019-04-01,ON,Other,Pickup trucks,0,2019,4
2019-04-01,ON,Other,Multi-purpose vehicles,0,2019,4
2019-04-01,ON,Other,Vans,30,2019,4
2019-04-01,MB,All fuel types,"Total, vehicle type",14427,2019,4
2019-04-01,MB,All fuel types,Passenger cars,3000,2019,4
2019-04-01,MB,All fuel types,Pickup trucks,3760,2019,4
2019-04-01,MB,All fuel types,Multi-purpose vehicles,6801,2019,4
2019-04-01,MB,All fuel types,Vans,866,2019,4
2019-04-01,MB,Gas,"Total, vehicle type",13761,2019,4
2019-04-01,MB,Gas,Passenger cars,2851,2019,4
2019-04-01,MB,Gas,Pickup trucks,3438,2019,4
2019-04-01,MB,Gas,Multi-purpose vehicles,6634,2019,4
2019-04-01,MB,Gas,Vans,838,2019,4
2019-04-01,MB,Diesel,"Total, vehicle type",361,2019,4
2019-04-01,MB,Diesel,Passenger cars,9,2019,4
2019-04-01,MB,Diesel,Pickup trucks,322,2019,4
2019-04-01,MB,Diesel,Multi-purpose vehicles,5,2019,4
2019-04-01,MB,Diesel,Vans,25,2019,4
2019-04-01,MB,All zero-emission vehicles,"Total, vehicle type",96,2019,4
2019-04-01,MB,All zero-emission vehicles,Passenger cars,59,2019,4
2019-04-01,MB,All zero-emission vehicles,Pickup trucks,0,2019,4
2019-04-01,MB,All zero-emission vehicles,Multi-purpose vehicles,34,2019,4
2019-04-01,MB,All zero-emission vehicles,Vans,3,2019,4
2019-04-01,MB,Electric,"Total, vehicle type",45,2019,4
2019-04-01,MB,Electric,Passenger cars,40,2019,4
2019-04-01,MB,Electric,Pickup trucks,0,2019,4
2019-04-01,MB,Electric,Multi-purpose vehicles,5,2019,4
2019-04-01,MB,Electric,Vans,0,2019,4
2019-04-01,MB,Hybrid Electric,"Total, vehicle type",51,2019,4
2019-04-01,MB,Hybrid Electric,Passenger cars,19,2019,4
2019-04-01,MB,Hybrid Electric,Pickup trucks,0,2019,4
2019-04-01,MB,Hybrid Electric,Multi-purpose vehicles,29,2019,4
2019-04-01,MB,Hybrid Electric,Vans,3,2019,4
2019-04-01,MB,Hybrid Electric,"Total, vehicle type",209,2019,4
2019-04-01,MB,Hybrid Electric,Passenger cars,81,2019,4
2019-04-01,MB,Hybrid Electric,Pickup trucks,0,2019,4
2019-04-01,MB,Hybrid Electric,Multi-purpose vehicles,128,2019,4
2019-04-01,MB,Hybrid Electric,Vans,0,2019,4
2019-04-01,MB,Other,"Total, vehicle type",0,2019,4
2019-04-01,MB,Other,Passenger cars,0,2019,4
2019-04-01,MB,Other,Pickup trucks,0,2019,4
2019-04-01,MB,Other,Multi-purpose vehicles,0,2019,4
2019-04-01,MB,Other,Vans,0,2019,4
2019-04-01,SAS,All fuel types,"Total, vehicle type",14219,2019,4
2019-04-01,SAS,All fuel types,Passenger cars,2012,2019,4
2019-04-01,SAS,All fuel types,Pickup trucks,5326,2019,4
2019-04-01,SAS,All fuel types,Multi-purpose vehicles,6158,2019,4
2019-04-01,SAS,All fuel types,Vans,723,2019,4
2019-04-01,SAS,Gas,"Total, vehicle type",13267,2019,4
2019-04-01,SAS,Gas,Passenger cars,1915,2019,4
2019-04-01,SAS,Gas,Pickup trucks,4612,2019,4
2019-04-01,SAS,Gas,Multi-purpose vehicles,6032,2019,4
2019-04-01,SAS,Gas,Vans,708,2019,4
2019-04-01,SAS,Diesel,"Total, vehicle type",757,2019,4
2019-04-01,SAS,Diesel,Passenger cars,10,2019,4
2019-04-01,SAS,Diesel,Pickup trucks,714,2019,4
2019-04-01,SAS,Diesel,Multi-purpose vehicles,19,2019,4
2019-04-01,SAS,Diesel,Vans,14,2019,4
2019-04-01,SAS,All zero-emission vehicles,"Total, vehicle type",50,2019,4
2019-04-01,SAS,All zero-emission vehicles,Passenger cars,35,2019,4
2019-04-01,SAS,All zero-emission vehicles,Pickup trucks,0,2019,4
2019-04-01,SAS,All zero-emission vehicles,Multi-purpose vehicles,14,2019,4
2019-04-01,SAS,All zero-emission vehicles,Vans,1,2019,4
2019-04-01,SAS,Electric,"Total, vehicle type",30,2019,4
2019-04-01,SAS,Electric,Passenger cars,27,2019,4
2019-04-01,SAS,Electric,Pickup trucks,0,2019,4
2019-04-01,SAS,Electric,Multi-purpose vehicles,3,2019,4
2019-04-01,SAS,Electric,Vans,0,2019,4
2019-04-01,SAS,Hybrid Electric,"Total, vehicle type",20,2019,4
2019-04-01,SAS,Hybrid Electric,Passenger cars,8,2019,4
2019-04-01,SAS,Hybrid Electric,Pickup trucks,0,2019,4
2019-04-01,SAS,Hybrid Electric,Multi-purpose vehicles,11,2019,4
2019-04-01,SAS,Hybrid Electric,Vans,1,2019,4
2019-04-01,SAS,Hybrid Electric,"Total, vehicle type",145,2019,4
2019-04-01,SAS,Hybrid Electric,Passenger cars,52,2019,4
2019-04-01,SAS,Hybrid Electric,Pickup trucks,0,2019,4
2019-04-01,SAS,Hybrid Electric,Multi-purpose vehicles,93,2019,4
2019-04-01,SAS,Hybrid Electric,Vans,0,2019,4
2019-04-01,SAS,Other,"Total, vehicle type",0,2019,4
2019-04-01,SAS,Other,Passenger cars,0,2019,4
2019-04-01,SAS,Other,Pickup trucks,0,2019,4
2019-04-01,SAS,Other,Multi-purpose vehicles,0,2019,4
2019-04-01,SAS,Other,Vans,0,2019,4
2019-04-01,BC,All fuel types,"Total, vehicle type",65824,2019,4
2019-04-01,BC,All fuel types,Passenger cars,20593,2019,4
2019-04-01,BC,All fuel types,Pickup trucks,12834,2019,4
2019-04-01,BC,All fuel types,Multi-purpose vehicles,28501,2019,4
2019-04-01,BC,All fuel types,Vans,3896,2019,4
2019-04-01,BC,Gas,"Total, vehicle type",53081,2019,4
2019-04-01,BC,Gas,Passenger cars,13912,2019,4
2019-04-01,BC,Gas,Pickup trucks,10188,2019,4
2019-04-01,BC,Gas,Multi-purpose vehicles,25539,2019,4
2019-04-01,BC,Gas,Vans,3442,2019,4
2019-04-01,BC,Diesel,"Total, vehicle type",3143,2019,4
2019-04-01,BC,Diesel,Passenger cars,15,2019,4
2019-04-01,BC,Diesel,Pickup trucks,2646,2019,4
2019-04-01,BC,Diesel,Multi-purpose vehicles,154,2019,4
2019-04-01,BC,Diesel,Vans,328,2019,4
2019-04-01,BC,All zero-emission vehicles,"Total, vehicle type",6485,2019,4
2019-04-01,BC,All zero-emission vehicles,Passenger cars,5101,2019,4
2019-04-01,BC,All zero-emission vehicles,Pickup trucks,0,2019,4
2019-04-01,BC,All zero-emission vehicles,Multi-purpose vehicles,1258,2019,4
2019-04-01,BC,All zero-emission vehicles,Vans,126,2019,4
2019-04-01,BC,Electric,"Total, vehicle type",4765,2019,4
2019-04-01,BC,Electric,Passenger cars,4159,2019,4
2019-04-01,BC,Electric,Pickup trucks,0,2019,4
2019-04-01,BC,Electric,Multi-purpose vehicles,606,2019,4
2019-04-01,BC,Electric,Vans,0,2019,4
2019-04-01,BC,Hybrid Electric,"Total, vehicle type",1720,2019,4
2019-04-01,BC,Hybrid Electric,Passenger cars,942,2019,4
2019-04-01,BC,Hybrid Electric,Pickup trucks,0,2019,4
2019-04-01,BC,Hybrid Electric,Multi-purpose vehicles,652,2019,4
2019-04-01,BC,Hybrid Electric,Vans,126,2019,4
2019-04-01,BC,Hybrid Electric,"Total, vehicle type",3111,2019,4
2019-04-01,BC,Hybrid Electric,Passenger cars,1563,2019,4
2019-04-01,BC,Hybrid Electric,Pickup trucks,0,2019,4
2019-04-01,BC,Hybrid Electric,Multi-purpose vehicles,1548,2019,4
2019-04-01,BC,Hybrid Electric,Vans,0,2019,4
2019-04-01,BC,Other,"Total, vehicle type",4,2019,4
2019-04-01,BC,Other,Passenger cars,2,2019,4
2019-04-01,BC,Other,Pickup trucks,0,2019,4
2019-04-01,BC,Other,Multi-purpose vehicles,2,2019,4
2019-04-01,BC,Other,Vans,0,2019,4
2019-07-01,CAN,All fuel types,"Total, vehicle type",530607,2019,7
2019-07-01,CAN,All fuel types,Passenger cars,135176,2019,7
2019-07-01,CAN,All fuel types,Pickup trucks,114353,2019,7
2019-07-01,CAN,All fuel types,Multi-purpose vehicles,253124,2019,7
2019-07-01,CAN,All fuel types,Vans,27954,2019,7
2019-07-01,CAN,Gas,"Total, vehicle type",487211,2019,7
2019-07-01,CAN,Gas,Passenger cars,117561,2019,7
2019-07-01,CAN,Gas,Pickup trucks,99769,2019,7
2019-07-01,CAN,Gas,Multi-purpose vehicles,243589,2019,7
2019-07-01,CAN,Gas,Vans,26292,2019,7
2019-07-01,CAN,Diesel,"Total, vehicle type",16810,2019,7
2019-07-01,CAN,Diesel,Passenger cars,83,2019,7
2019-07-01,CAN,Diesel,Pickup trucks,14584,2019,7
2019-07-01,CAN,Diesel,Multi-purpose vehicles,620,2019,7
2019-07-01,CAN,Diesel,Vans,1523,2019,7
2019-07-01,CAN,All zero-emission vehicles,"Total, vehicle type",16186,2019,7
2019-07-01,CAN,All zero-emission vehicles,Passenger cars,12441,2019,7
2019-07-01,CAN,All zero-emission vehicles,Pickup trucks,0,2019,7
2019-07-01,CAN,All zero-emission vehicles,Multi-purpose vehicles,3647,2019,7
2019-07-01,CAN,All zero-emission vehicles,Vans,98,2019,7
2019-07-01,CAN,Electric,"Total, vehicle type",10120,2019,7
2019-07-01,CAN,Electric,Passenger cars,8260,2019,7
2019-07-01,CAN,Electric,Pickup trucks,0,2019,7
2019-07-01,CAN,Electric,Multi-purpose vehicles,1860,2019,7
2019-07-01,CAN,Electric,Vans,0,2019,7
2019-07-01,CAN,Hybrid Electric,"Total, vehicle type",6066,2019,7
2019-07-01,CAN,Hybrid Electric,Passenger cars,4181,2019,7
2019-07-01,CAN,Hybrid Electric,Pickup trucks,0,2019,7
2019-07-01,CAN,Hybrid Electric,Multi-purpose vehicles,1787,2019,7
2019-07-01,CAN,Hybrid Electric,Vans,98,2019,7
2019-07-01,CAN,Hybrid Electric,"Total, vehicle type",10349,2019,7
2019-07-01,CAN,Hybrid Electric,Passenger cars,5083,2019,7
2019-07-01,CAN,Hybrid Electric,Pickup trucks,0,2019,7
2019-07-01,CAN,Hybrid Electric,Multi-purpose vehicles,5266,2019,7
2019-07-01,CAN,Hybrid Electric,Vans,0,2019,7
2019-07-01,CAN,Other,"Total, vehicle type",51,2019,7
2019-07-01,CAN,Other,Passenger cars,8,2019,7
2019-07-01,CAN,Other,Pickup trucks,0,2019,7
2019-07-01,CAN,Other,Multi-purpose vehicles,2,2019,7
2019-07-01,CAN,Other,Vans,41,2019,7
2019-07-01,PEI,All fuel types,"Total, vehicle type",2170,2019,7
2019-07-01,PEI,All fuel types,Passenger cars,589,2019,7
2019-07-01,PEI,All fuel types,Pickup trucks,510,2019,7
2019-07-01,PEI,All fuel types,Multi-purpose vehicles,988,2019,7
2019-07-01,PEI,All fuel types,Vans,83,2019,7
2019-07-01,PEI,Gas,"Total, vehicle type",2098,2019,7
2019-07-01,PEI,Gas,Passenger cars,560,2019,7
2019-07-01,PEI,Gas,Pickup trucks,478,2019,7
2019-07-01,PEI,Gas,Multi-purpose vehicles,979,2019,7
2019-07-01,PEI,Gas,Vans,81,2019,7
2019-07-01,PEI,Diesel,"Total, vehicle type",34,2019,7
2019-07-01,PEI,Diesel,Passenger cars,0,2019,7
2019-07-01,PEI,Diesel,Pickup trucks,32,2019,7
2019-07-01,PEI,Diesel,Multi-purpose vehicles,0,2019,7
2019-07-01,PEI,Diesel,Vans,2,2019,7
2019-07-01,PEI,All zero-emission vehicles,"Total, vehicle type",15,2019,7
2019-07-01,PEI,All zero-emission vehicles,Passenger cars,15,2019,7
2019-07-01,PEI,All zero-emission vehicles,Pickup trucks,0,2019,7
2019-07-01,PEI,All zero-emission vehicles,Multi-purpose vehicles,0,2019,7
2019-07-01,PEI,All zero-emission vehicles,Vans,0,2019,7
2019-07-01,PEI,Electric,"Total, vehicle type",12,2019,7
2019-07-01,PEI,Electric,Passenger cars,12,2019,7
2019-07-01,PEI,Electric,Pickup trucks,0,2019,7
2019-07-01,PEI,Electric,Multi-purpose vehicles,0,2019,7
2019-07-01,PEI,Electric,Vans,0,2019,7
2019-07-01,PEI,Hybrid Electric,"Total, vehicle type",3,2019,7
2019-07-01,PEI,Hybrid Electric,Passenger cars,3,2019,7
2019-07-01,PEI,Hybrid Electric,Pickup trucks,0,2019,7
2019-07-01,PEI,Hybrid Electric,Multi-purpose vehicles,0,2019,7
2019-07-01,PEI,Hybrid Electric,Vans,0,2019,7
2019-07-01,PEI,Hybrid Electric,"Total, vehicle type",23,2019,7
2019-07-01,PEI,Hybrid Electric,Passenger cars,14,2019,7
2019-07-01,PEI,Hybrid Electric,Pickup trucks,0,2019,7
2019-07-01,PEI,Hybrid Electric,Multi-purpose vehicles,9,2019,7
2019-07-01,PEI,Hybrid Electric,Vans,0,2019,7
2019-07-01,PEI,Other,"Total, vehicle type",0,2019,7
2019-07-01,PEI,Other,Passenger cars,0,2019,7
2019-07-01,PEI,Other,Pickup trucks,0,2019,7
2019-07-01,PEI,Other,Multi-purpose vehicles,0,2019,7
2019-07-01,PEI,Other,Vans,0,2019,7
2019-07-01,NB,All fuel types,"Total, vehicle type",10672,2019,7
2019-07-01,NB,All fuel types,Passenger cars,2373,2019,7
2019-07-01,NB,All fuel types,Pickup trucks,2843,2019,7
2019-07-01,NB,All fuel types,Multi-purpose vehicles,5148,2019,7
2019-07-01,NB,All fuel types,Vans,308,2019,7
2019-07-01,NB,Gas,"Total, vehicle type",10228,2019,7
2019-07-01,NB,Gas,Passenger cars,2285,2019,7
2019-07-01,NB,Gas,Pickup trucks,2616,2019,7
2019-07-01,NB,Gas,Multi-purpose vehicles,5035,2019,7
2019-07-01,NB,Gas,Vans,292,2019,7
2019-07-01,NB,Diesel,"Total, vehicle type",246,2019,7
2019-07-01,NB,Diesel,Passenger cars,1,2019,7
2019-07-01,NB,Diesel,Pickup trucks,227,2019,7
2019-07-01,NB,Diesel,Multi-purpose vehicles,2,2019,7
2019-07-01,NB,Diesel,Vans,16,2019,7
2019-07-01,NB,All zero-emission vehicles,"Total, vehicle type",53,2019,7
2019-07-01,NB,All zero-emission vehicles,Passenger cars,34,2019,7
2019-07-01,NB,All zero-emission vehicles,Pickup trucks,0,2019,7
2019-07-01,NB,All zero-emission vehicles,Multi-purpose vehicles,19,2019,7
2019-07-01,NB,All zero-emission vehicles,Vans,0,2019,7
2019-07-01,NB,Electric,"Total, vehicle type",30,2019,7
2019-07-01,NB,Electric,Passenger cars,23,2019,7
2019-07-01,NB,Electric,Pickup trucks,0,2019,7
2019-07-01,NB,Electric,Multi-purpose vehicles,7,2019,7
2019-07-01,NB,Electric,Vans,0,2019,7
2019-07-01,NB,Hybrid Electric,"Total, vehicle type",23,2019,7
2019-07-01,NB,Hybrid Electric,Passenger cars,11,2019,7
2019-07-01,NB,Hybrid Electric,Pickup trucks,0,2019,7
2019-07-01,NB,Hybrid Electric,Multi-purpose vehicles,12,2019,7
2019-07-01,NB,Hybrid Electric,Vans,0,2019,7
2019-07-01,NB,Hybrid Electric,"Total, vehicle type",145,2019,7
2019-07-01,NB,Hybrid Electric,Passenger cars,53,2019,7
2019-07-01,NB,Hybrid Electric,Pickup trucks,0,2019,7
2019-07-01,NB,Hybrid Electric,Multi-purpose vehicles,92,2019,7
2019-07-01,NB,Hybrid Electric,Vans,0,2019,7
2019-07-01,NB,Other,"Total, vehicle type",0,2019,7
2019-07-01,NB,Other,Passenger cars,0,2019,7
2019-07-01,NB,Other,Pickup trucks,0,2019,7
2019-07-01,NB,Other,Multi-purpose vehicles,0,2019,7
2019-07-01,NB,Other,Vans,0,2019,7
2019-07-01,QUE,All fuel types,"Total, vehicle type",127213,2019,7
2019-07-01,QUE,All fuel types,Passenger cars,41635,2019,7
2019-07-01,QUE,All fuel types,Pickup trucks,19912,2019,7
2019-07-01,QUE,All fuel types,Multi-purpose vehicles,59286,2019,7
2019-07-01,QUE,All fuel types,Vans,6380,2019,7
2019-07-01,QUE,Gas,"Total, vehicle type",114145,2019,7
2019-07-01,QUE,Gas,Passenger cars,34406,2019,7
2019-07-01,QUE,Gas,Pickup trucks,17655,2019,7
2019-07-01,QUE,Gas,Multi-purpose vehicles,56175,2019,7
2019-07-01,QUE,Gas,Vans,5909,2019,7
2019-07-01,QUE,Diesel,"Total, vehicle type",2768,2019,7
2019-07-01,QUE,Diesel,Passenger cars,10,2019,7
2019-07-01,QUE,Diesel,Pickup trucks,2257,2019,7
2019-07-01,QUE,Diesel,Multi-purpose vehicles,87,2019,7
2019-07-01,QUE,Diesel,Vans,414,2019,7
2019-07-01,QUE,All zero-emission vehicles,"Total, vehicle type",7822,2019,7
2019-07-01,QUE,All zero-emission vehicles,Passenger cars,6065,2019,7
2019-07-01,QUE,All zero-emission vehicles,Pickup trucks,0,2019,7
2019-07-01,QUE,All zero-emission vehicles,Multi-purpose vehicles,1701,2019,7
2019-07-01,QUE,All zero-emission vehicles,Vans,56,2019,7
2019-07-01,QUE,Electric,"Total, vehicle type",4239,2019,7
2019-07-01,QUE,Electric,Passenger cars,3413,2019,7
2019-07-01,QUE,Electric,Pickup trucks,0,2019,7
2019-07-01,QUE,Electric,Multi-purpose vehicles,826,2019,7
2019-07-01,QUE,Electric,Vans,0,2019,7
2019-07-01,QUE,Hybrid Electric,"Total, vehicle type",3583,2019,7
2019-07-01,QUE,Hybrid Electric,Passenger cars,2652,2019,7
2019-07-01,QUE,Hybrid Electric,Pickup trucks,0,2019,7
2019-07-01,QUE,Hybrid Electric,Multi-purpose vehicles,875,2019,7
2019-07-01,QUE,Hybrid Electric,Vans,56,2019,7
2019-07-01,QUE,Hybrid Electric,"Total, vehicle type",2477,2019,7
2019-07-01,QUE,Hybrid Electric,Passenger cars,1154,2019,7
2019-07-01,QUE,Hybrid Electric,Pickup trucks,0,2019,7
2019-07-01,QUE,Hybrid Electric,Multi-purpose vehicles,1323,2019,7
2019-07-01,QUE,Hybrid Electric,Vans,0,2019,7
2019-07-01,QUE,Other,"Total, vehicle type",1,2019,7
2019-07-01,QUE,Other,Passenger cars,0,2019,7
2019-07-01,QUE,Other,Pickup trucks,0,2019,7
2019-07-01,QUE,Other,Multi-purpose vehicles,0,2019,7
2019-07-01,QUE,Other,Vans,1,2019,7
2019-07-01,ON,All fuel types,"Total, vehicle type",219577,2019,7
2019-07-01,ON,All fuel types,Passenger cars,56213,2019,7
2019-07-01,ON,All fuel types,Pickup trucks,42340,2019,7
2019-07-01,ON,All fuel types,Multi-purpose vehicles,108105,2019,7
2019-07-01,ON,All fuel types,Vans,12919,2019,7
2019-07-01,ON,Gas,"Total, vehicle type",207685,2019,7
2019-07-01,ON,Gas,Passenger cars,51543,2019,7
2019-07-01,ON,Gas,Pickup trucks,38514,2019,7
2019-07-01,ON,Gas,Multi-purpose vehicles,105364,2019,7
2019-07-01,ON,Gas,Vans,12264,2019,7
2019-07-01,ON,Diesel,"Total, vehicle type",4752,2019,7
2019-07-01,ON,Diesel,Passenger cars,32,2019,7
2019-07-01,ON,Diesel,Pickup trucks,3826,2019,7
2019-07-01,ON,Diesel,Multi-purpose vehicles,267,2019,7
2019-07-01,ON,Diesel,Vans,627,2019,7
2019-07-01,ON,All zero-emission vehicles,"Total, vehicle type",3148,2019,7
2019-07-01,ON,All zero-emission vehicles,Passenger cars,2488,2019,7
2019-07-01,ON,All zero-emission vehicles,Pickup trucks,0,2019,7
2019-07-01,ON,All zero-emission vehicles,Multi-purpose vehicles,642,2019,7
2019-07-01,ON,All zero-emission vehicles,Vans,18,2019,7
2019-07-01,ON,Electric,"Total, vehicle type",2180,2019,7
2019-07-01,ON,Electric,Passenger cars,1844,2019,7
2019-07-01,ON,Electric,Pickup trucks,0,2019,7
2019-07-01,ON,Electric,Multi-purpose vehicles,336,2019,7
2019-07-01,ON,Electric,Vans,0,2019,7
2019-07-01,ON,Hybrid Electric,"Total, vehicle type",968,2019,7
2019-07-01,ON,Hybrid Electric,Passenger cars,644,2019,7
2019-07-01,ON,Hybrid Electric,Pickup trucks,0,2019,7
2019-07-01,ON,Hybrid Electric,Multi-purpose vehicles,306,2019,7
2019-07-01,ON,Hybrid Electric,Vans,18,2019,7
2019-07-01,ON,Hybrid Electric,"Total, vehicle type",3982,2019,7
2019-07-01,ON,Hybrid Electric,Passenger cars,2150,2019,7
2019-07-01,ON,Hybrid Electric,Pickup trucks,0,2019,7
2019-07-01,ON,Hybrid Electric,Multi-purpose vehicles,1832,2019,7
2019-07-01,ON,Hybrid Electric,Vans,0,2019,7
2019-07-01,ON,Other,"Total, vehicle type",10,2019,7
2019-07-01,ON,Other,Passenger cars,0,2019,7
2019-07-01,ON,Other,Pickup trucks,0,2019,7
2019-07-01,ON,Other,Multi-purpose vehicles,0,2019,7
2019-07-01,ON,Other,Vans,10,2019,7
2019-07-01,MB,All fuel types,"Total, vehicle type",14631,2019,7
2019-07-01,MB,All fuel types,Passenger cars,2780,2019,7
2019-07-01,MB,All fuel types,Pickup trucks,4065,2019,7
2019-07-01,MB,All fuel types,Multi-purpose vehicles,7042,2019,7
2019-07-01,MB,All fuel types,Vans,744,2019,7
2019-07-01,MB,Gas,"Total, vehicle type",14015,2019,7
2019-07-01,MB,Gas,Passenger cars,2654,2019,7
2019-07-01,MB,Gas,Pickup trucks,3713,2019,7
2019-07-01,MB,Gas,Multi-purpose vehicles,6919,2019,7
2019-07-01,MB,Gas,Vans,729,2019,7
2019-07-01,MB,Diesel,"Total, vehicle type",371,2019,7
2019-07-01,MB,Diesel,Passenger cars,1,2019,7
2019-07-01,MB,Diesel,Pickup trucks,352,2019,7
2019-07-01,MB,Diesel,Multi-purpose vehicles,4,2019,7
2019-07-01,MB,Diesel,Vans,14,2019,7
2019-07-01,MB,All zero-emission vehicles,"Total, vehicle type",98,2019,7
2019-07-01,MB,All zero-emission vehicles,Passenger cars,64,2019,7
2019-07-01,MB,All zero-emission vehicles,Pickup trucks,0,2019,7
2019-07-01,MB,All zero-emission vehicles,Multi-purpose vehicles,34,2019,7
2019-07-01,MB,All zero-emission vehicles,Vans,0,2019,7
2019-07-01,MB,Electric,"Total, vehicle type",58,2019,7
2019-07-01,MB,Electric,Passenger cars,46,2019,7
2019-07-01,MB,Electric,Pickup trucks,0,2019,7
2019-07-01,MB,Electric,Multi-purpose vehicles,12,2019,7
2019-07-01,MB,Electric,Vans,0,2019,7
2019-07-01,MB,Hybrid Electric,"Total, vehicle type",40,2019,7
2019-07-01,MB,Hybrid Electric,Passenger cars,18,2019,7
2019-07-01,MB,Hybrid Electric,Pickup trucks,0,2019,7
2019-07-01,MB,Hybrid Electric,Multi-purpose vehicles,22,2019,7
2019-07-01,MB,Hybrid Electric,Vans,0,2019,7
2019-07-01,MB,Hybrid Electric,"Total, vehicle type",146,2019,7
2019-07-01,MB,Hybrid Electric,Passenger cars,61,2019,7
2019-07-01,MB,Hybrid Electric,Pickup trucks,0,2019,7
2019-07-01,MB,Hybrid Electric,Multi-purpose vehicles,85,2019,7
2019-07-01,MB,Hybrid Electric,Vans,0,2019,7
2019-07-01,MB,Other,"Total, vehicle type",1,2019,7
2019-07-01,MB,Other,Passenger cars,0,2019,7
2019-07-01,MB,Other,Pickup trucks,0,2019,7
2019-07-01,MB,Other,Multi-purpose vehicles,0,2019,7
2019-07-01,MB,Other,Vans,1,2019,7
2019-07-01,SAS,All fuel types,"Total, vehicle type",14034,2019,7
2019-07-01,SAS,All fuel types,Passenger cars,1783,2019,7
2019-07-01,SAS,All fuel types,Pickup trucks,5299,2019,7
2019-07-01,SAS,All fuel types,Multi-purpose vehicles,6283,2019,7
2019-07-01,SAS,All fuel types,Vans,669,2019,7
2019-07-01,SAS,Gas,"Total, vehicle type",12863,2019,7
2019-07-01,SAS,Gas,Passenger cars,1693,2019,7
2019-07-01,SAS,Gas,Pickup trucks,4354,2019,7
2019-07-01,SAS,Gas,Multi-purpose vehicles,6169,2019,7
2019-07-01,SAS,Gas,Vans,647,2019,7
2019-07-01,SAS,Diesel,"Total, vehicle type",1000,2019,7
2019-07-01,SAS,Diesel,Passenger cars,7,2019,7
2019-07-01,SAS,Diesel,Pickup trucks,945,2019,7
2019-07-01,SAS,Diesel,Multi-purpose vehicles,26,2019,7
2019-07-01,SAS,Diesel,Vans,22,2019,7
2019-07-01,SAS,All zero-emission vehicles,"Total, vehicle type",53,2019,7
2019-07-01,SAS,All zero-emission vehicles,Passenger cars,35,2019,7
2019-07-01,SAS,All zero-emission vehicles,Pickup trucks,0,2019,7
2019-07-01,SAS,All zero-emission vehicles,Multi-purpose vehicles,18,2019,7
2019-07-01,SAS,All zero-emission vehicles,Vans,0,2019,7
2019-07-01,SAS,Electric,"Total, vehicle type",35,2019,7
2019-07-01,SAS,Electric,Passenger cars,26,2019,7
2019-07-01,SAS,Electric,Pickup trucks,0,2019,7
2019-07-01,SAS,Electric,Multi-purpose vehicles,9,2019,7
2019-07-01,SAS,Electric,Vans,0,2019,7
2019-07-01,SAS,Hybrid Electric,"Total, vehicle type",18,2019,7
2019-07-01,SAS,Hybrid Electric,Passenger cars,9,2019,7
2019-07-01,SAS,Hybrid Electric,Pickup trucks,0,2019,7
2019-07-01,SAS,Hybrid Electric,Multi-purpose vehicles,9,2019,7
2019-07-01,SAS,Hybrid Electric,Vans,0,2019,7
2019-07-01,SAS,Hybrid Electric,"Total, vehicle type",118,2019,7
2019-07-01,SAS,Hybrid Electric,Passenger cars,48,2019,7
2019-07-01,SAS,Hybrid Electric,Pickup trucks,0,2019,7
2019-07-01,SAS,Hybrid Electric,Multi-purpose vehicles,70,2019,7
2019-07-01,SAS,Hybrid Electric,Vans,0,2019,7
2019-07-01,SAS,Other,"Total, vehicle type",0,2019,7
2019-07-01,SAS,Other,Passenger cars,0,2019,7
2019-07-01,SAS,Other,Pickup trucks,0,2019,7
2019-07-01,SAS,Other,Multi-purpose vehicles,0,2019,7
2019-07-01,SAS,Other,Vans,0,2019,7
2019-07-01,BC,All fuel types,"Total, vehicle type",58316,2019,7
2019-07-01,BC,All fuel types,Passenger cars,15546,2019,7
2019-07-01,BC,All fuel types,Pickup trucks,13326,2019,7
2019-07-01,BC,All fuel types,Multi-purpose vehicles,26320,2019,7
2019-07-01,BC,All fuel types,Vans,3124,2019,7
2019-07-01,BC,Gas,"Total, vehicle type",48474,2019,7
2019-07-01,BC,Gas,Passenger cars,11212,2019,7
2019-07-01,BC,Gas,Pickup trucks,10624,2019,7
2019-07-01,BC,Gas,Multi-purpose vehicles,23809,2019,7
2019-07-01,BC,Gas,Vans,2829,2019,7
2019-07-01,BC,Diesel,"Total, vehicle type",3131,2019,7
2019-07-01,BC,Diesel,Passenger cars,9,2019,7
2019-07-01,BC,Diesel,Pickup trucks,2702,2019,7
2019-07-01,BC,Diesel,Multi-purpose vehicles,155,2019,7
2019-07-01,BC,Diesel,Vans,265,2019,7
2019-07-01,BC,All zero-emission vehicles,"Total, vehicle type",4504,2019,7
2019-07-01,BC,All zero-emission vehicles,Passenger cars,3377,2019,7
2019-07-01,BC,All zero-emission vehicles,Pickup trucks,0,2019,7
2019-07-01,BC,All zero-emission vehicles,Multi-purpose vehicles,1106,2019,7
2019-07-01,BC,All zero-emission vehicles,Vans,21,2019,7
2019-07-01,BC,Electric,"Total, vehicle type",3235,2019,7
2019-07-01,BC,Electric,Passenger cars,2603,2019,7
2019-07-01,BC,Electric,Pickup trucks,0,2019,7
2019-07-01,BC,Electric,Multi-purpose vehicles,632,2019,7
2019-07-01,BC,Electric,Vans,0,2019,7
2019-07-01,BC,Hybrid Electric,"Total, vehicle type",1269,2019,7
2019-07-01,BC,Hybrid Electric,Passenger cars,774,2019,7
2019-07-01,BC,Hybrid Electric,Pickup trucks,0,2019,7
2019-07-01,BC,Hybrid Electric,Multi-purpose vehicles,474,2019,7
2019-07-01,BC,Hybrid Electric,Vans,21,2019,7
2019-07-01,BC,Hybrid Electric,"Total, vehicle type",2188,2019,7
2019-07-01,BC,Hybrid Electric,Passenger cars,940,2019,7
2019-07-01,BC,Hybrid Electric,Pickup trucks,0,2019,7
2019-07-01,BC,Hybrid Electric,Multi-purpose vehicles,1248,2019,7
2019-07-01,BC,Hybrid Electric,Vans,0,2019,7
2019-07-01,BC,Other,"Total, vehicle type",19,2019,7
2019-07-01,BC,Other,Passenger cars,8,2019,7
2019-07-01,BC,Other,Pickup trucks,0,2019,7
2019-07-01,BC,Other,Multi-purpose vehicles,2,2019,7
2019-07-01,BC,Other,Vans,9,2019,7
2019-10-01,CAN,All fuel types,"Total, vehicle type",421952,2019,10
2019-10-01,CAN,All fuel types,Passenger cars,95180,2019,10
2019-10-01,CAN,All fuel types,Pickup trucks,86564,2019,10
2019-10-01,CAN,All fuel types,Multi-purpose vehicles,219071,2019,10
2019-10-01,CAN,All fuel types,Vans,21137,2019,10
2019-10-01,CAN,Gas,"Total, vehicle type",388271,2019,10
2019-10-01,CAN,Gas,Passenger cars,82877,2019,10
2019-10-01,CAN,Gas,Pickup trucks,75251,2019,10
2019-10-01,CAN,Gas,Multi-purpose vehicles,210307,2019,10
2019-10-01,CAN,Gas,Vans,19836,2019,10
2019-10-01,CAN,Diesel,"Total, vehicle type",12998,2019,10
2019-10-01,CAN,Diesel,Passenger cars,34,2019,10
2019-10-01,CAN,Diesel,Pickup trucks,11313,2019,10
2019-10-01,CAN,Diesel,Multi-purpose vehicles,396,2019,10
2019-10-01,CAN,Diesel,Vans,1255,2019,10
2019-10-01,CAN,All zero-emission vehicles,"Total, vehicle type",12258,2019,10
2019-10-01,CAN,All zero-emission vehicles,Passenger cars,8609,2019,10
2019-10-01,CAN,All zero-emission vehicles,Pickup trucks,0,2019,10
2019-10-01,CAN,All zero-emission vehicles,Multi-purpose vehicles,3623,2019,10
2019-10-01,CAN,All zero-emission vehicles,Vans,26,2019,10
2019-10-01,CAN,Electric,"Total, vehicle type",7760,2019,10
2019-10-01,CAN,Electric,Passenger cars,5827,2019,10
2019-10-01,CAN,Electric,Pickup trucks,0,2019,10
2019-10-01,CAN,Electric,Multi-purpose vehicles,1933,2019,10
2019-10-01,CAN,Electric,Vans,0,2019,10
2019-10-01,CAN,Hybrid Electric,"Total, vehicle type",4498,2019,10
2019-10-01,CAN,Hybrid Electric,Passenger cars,2782,2019,10
2019-10-01,CAN,Hybrid Electric,Pickup trucks,0,2019,10
2019-10-01,CAN,Hybrid Electric,Multi-purpose vehicles,1690,2019,10
2019-10-01,CAN,Hybrid Electric,Vans,26,2019,10
2019-10-01,CAN,Hybrid Electric,"Total, vehicle type",8392,2019,10
2019-10-01,CAN,Hybrid Electric,Passenger cars,3648,2019,10
2019-10-01,CAN,Hybrid Electric,Pickup trucks,0,2019,10
2019-10-01,CAN,Hybrid Electric,Multi-purpose vehicles,4744,2019,10
2019-10-01,CAN,Hybrid Electric,Vans,0,2019,10
2019-10-01,CAN,Other,"Total, vehicle type",33,2019,10
2019-10-01,CAN,Other,Passenger cars,12,2019,10
2019-10-01,CAN,Other,Pickup trucks,0,2019,10
2019-10-01,CAN,Other,Multi-purpose vehicles,1,2019,10
2019-10-01,CAN,Other,Vans,20,2019,10
2019-10-01,PEI,All fuel types,"Total, vehicle type",1443,2019,10
2019-10-01,PEI,All fuel types,Passenger cars,273,2019,10
2019-10-01,PEI,All fuel types,Pickup trucks,427,2019,10
2019-10-01,PEI,All fuel types,Multi-purpose vehicles,694,2019,10
2019-10-01,PEI,All fuel types,Vans,49,2019,10
2019-10-01,PEI,Gas,"Total, vehicle type",1384,2019,10
2019-10-01,PEI,Gas,Passenger cars,264,2019,10
2019-10-01,PEI,Gas,Pickup trucks,392,2019,10
2019-10-01,PEI,Gas,Multi-purpose vehicles,681,2019,10
2019-10-01,PEI,Gas,Vans,47,2019,10
2019-10-01,PEI,Diesel,"Total, vehicle type",37,2019,10
2019-10-01,PEI,Diesel,Passenger cars,0,2019,10
2019-10-01,PEI,Diesel,Pickup trucks,35,2019,10
2019-10-01,PEI,Diesel,Multi-purpose vehicles,0,2019,10
2019-10-01,PEI,Diesel,Vans,2,2019,10
2019-10-01,PEI,All zero-emission vehicles,"Total, vehicle type",11,2019,10
2019-10-01,PEI,All zero-emission vehicles,Passenger cars,6,2019,10
2019-10-01,PEI,All zero-emission vehicles,Pickup trucks,0,2019,10
2019-10-01,PEI,All zero-emission vehicles,Multi-purpose vehicles,5,2019,10
2019-10-01,PEI,All zero-emission vehicles,Vans,0,2019,10
2019-10-01,PEI,Electric,"Total, vehicle type",4,2019,10
2019-10-01,PEI,Electric,Passenger cars,3,2019,10
2019-10-01,PEI,Electric,Pickup trucks,0,2019,10
2019-10-01,PEI,Electric,Multi-purpose vehicles,1,2019,10
2019-10-01,PEI,Electric,Vans,0,2019,10
2019-10-01,PEI,Hybrid Electric,"Total, vehicle type",7,2019,10
2019-10-01,PEI,Hybrid Electric,Passenger cars,3,2019,10
2019-10-01,PEI,Hybrid Electric,Pickup trucks,0,2019,10
2019-10-01,PEI,Hybrid Electric,Multi-purpose vehicles,4,2019,10
2019-10-01,PEI,Hybrid Electric,Vans,0,2019,10
2019-10-01,PEI,Hybrid Electric,"Total, vehicle type",11,2019,10
2019-10-01,PEI,Hybrid Electric,Passenger cars,3,2019,10
2019-10-01,PEI,Hybrid Electric,Pickup trucks,0,2019,10
2019-10-01,PEI,Hybrid Electric,Multi-purpose vehicles,8,2019,10
2019-10-01,PEI,Hybrid Electric,Vans,0,2019,10
2019-10-01,PEI,Other,"Total, vehicle type",0,2019,10
2019-10-01,PEI,Other,Passenger cars,0,2019,10
2019-10-01,PEI,Other,Pickup trucks,0,2019,10
2019-10-01,PEI,Other,Multi-purpose vehicles,0,2019,10
2019-10-01,PEI,Other,Vans,0,2019,10
2019-10-01,NB,All fuel types,"Total, vehicle type",8459,2019,10
2019-10-01,NB,All fuel types,Passenger cars,1546,2019,10
2019-10-01,NB,All fuel types,Pickup trucks,2325,2019,10
2019-10-01,NB,All fuel types,Multi-purpose vehicles,4333,2019,10
2019-10-01,NB,All fuel types,Vans,255,2019,10
2019-10-01,NB,Gas,"Total, vehicle type",8103,2019,10
2019-10-01,NB,Gas,Passenger cars,1492,2019,10
2019-10-01,NB,Gas,Pickup trucks,2135,2019,10
2019-10-01,NB,Gas,Multi-purpose vehicles,4228,2019,10
2019-10-01,NB,Gas,Vans,248,2019,10
2019-10-01,NB,Diesel,"Total, vehicle type",197,2019,10
2019-10-01,NB,Diesel,Passenger cars,1,2019,10
2019-10-01,NB,Diesel,Pickup trucks,190,2019,10
2019-10-01,NB,Diesel,Multi-purpose vehicles,0,2019,10
2019-10-01,NB,Diesel,Vans,6,2019,10
2019-10-01,NB,All zero-emission vehicles,"Total, vehicle type",40,2019,10
2019-10-01,NB,All zero-emission vehicles,Passenger cars,22,2019,10
2019-10-01,NB,All zero-emission vehicles,Pickup trucks,0,2019,10
2019-10-01,NB,All zero-emission vehicles,Multi-purpose vehicles,18,2019,10
2019-10-01,NB,All zero-emission vehicles,Vans,0,2019,10
2019-10-01,NB,Electric,"Total, vehicle type",21,2019,10
2019-10-01,NB,Electric,Passenger cars,11,2019,10
2019-10-01,NB,Electric,Pickup trucks,0,2019,10
2019-10-01,NB,Electric,Multi-purpose vehicles,10,2019,10
2019-10-01,NB,Electric,Vans,0,2019,10
2019-10-01,NB,Hybrid Electric,"Total, vehicle type",19,2019,10
2019-10-01,NB,Hybrid Electric,Passenger cars,11,2019,10
2019-10-01,NB,Hybrid Electric,Pickup trucks,0,2019,10
2019-10-01,NB,Hybrid Electric,Multi-purpose vehicles,8,2019,10
2019-10-01,NB,Hybrid Electric,Vans,0,2019,10
2019-10-01,NB,Hybrid Electric,"Total, vehicle type",118,2019,10
2019-10-01,NB,Hybrid Electric,Passenger cars,31,2019,10
2019-10-01,NB,Hybrid Electric,Pickup trucks,0,2019,10
2019-10-01,NB,Hybrid Electric,Multi-purpose vehicles,87,2019,10
2019-10-01,NB,Hybrid Electric,Vans,0,2019,10
2019-10-01,NB,Other,"Total, vehicle type",1,2019,10
2019-10-01,NB,Other,Passenger cars,0,2019,10
2019-10-01,NB,Other,Pickup trucks,0,2019,10
2019-10-01,NB,Other,Multi-purpose vehicles,0,2019,10
2019-10-01,NB,Other,Vans,1,2019,10
2019-10-01,QUE,All fuel types,"Total, vehicle type",100293,2019,10
2019-10-01,QUE,All fuel types,Passenger cars,29155,2019,10
2019-10-01,QUE,All fuel types,Pickup trucks,15093,2019,10
2019-10-01,QUE,All fuel types,Multi-purpose vehicles,51534,2019,10
2019-10-01,QUE,All fuel types,Vans,4511,2019,10
2019-10-01,QUE,Gas,"Total, vehicle type",90169,2019,10
2019-10-01,QUE,Gas,Passenger cars,23940,2019,10
2019-10-01,QUE,Gas,Pickup trucks,13247,2019,10
2019-10-01,QUE,Gas,Multi-purpose vehicles,48820,2019,10
2019-10-01,QUE,Gas,Vans,4162,2019,10
2019-10-01,QUE,Diesel,"Total, vehicle type",2244,2019,10
2019-10-01,QUE,Diesel,Passenger cars,6,2019,10
2019-10-01,QUE,Diesel,Pickup trucks,1846,2019,10
2019-10-01,QUE,Diesel,Multi-purpose vehicles,50,2019,10
2019-10-01,QUE,Diesel,Vans,342,2019,10
2019-10-01,QUE,All zero-emission vehicles,"Total, vehicle type",6085,2019,10
2019-10-01,QUE,All zero-emission vehicles,Passenger cars,4453,2019,10
2019-10-01,QUE,All zero-emission vehicles,Pickup trucks,0,2019,10
2019-10-01,QUE,All zero-emission vehicles,Multi-purpose vehicles,1627,2019,10
2019-10-01,QUE,All zero-emission vehicles,Vans,5,2019,10
2019-10-01,QUE,Electric,"Total, vehicle type",3650,2019,10
2019-10-01,QUE,Electric,Passenger cars,2744,2019,10
2019-10-01,QUE,Electric,Pickup trucks,0,2019,10
2019-10-01,QUE,Electric,Multi-purpose vehicles,906,2019,10
2019-10-01,QUE,Electric,Vans,0,2019,10
2019-10-01,QUE,Hybrid Electric,"Total, vehicle type",2435,2019,10
2019-10-01,QUE,Hybrid Electric,Passenger cars,1709,2019,10
2019-10-01,QUE,Hybrid Electric,Pickup trucks,0,2019,10
2019-10-01,QUE,Hybrid Electric,Multi-purpose vehicles,721,2019,10
2019-10-01,QUE,Hybrid Electric,Vans,5,2019,10
2019-10-01,QUE,Hybrid Electric,"Total, vehicle type",1790,2019,10
2019-10-01,QUE,Hybrid Electric,Passenger cars,754,2019,10
2019-10-01,QUE,Hybrid Electric,Pickup trucks,0,2019,10
2019-10-01,QUE,Hybrid Electric,Multi-purpose vehicles,1036,2019,10
2019-10-01,QUE,Hybrid Electric,Vans,0,2019,10
2019-10-01,QUE,Other,"Total, vehicle type",5,2019,10
2019-10-01,QUE,Other,Passenger cars,2,2019,10
2019-10-01,QUE,Other,Pickup trucks,0,2019,10
2019-10-01,QUE,Other,Multi-purpose vehicles,1,2019,10
2019-10-01,QUE,Other,Vans,2,2019,10
2019-10-01,ON,All fuel types,"Total, vehicle type",184747,2019,10
2019-10-01,ON,All fuel types,Passenger cars,42523,2019,10
2019-10-01,ON,All fuel types,Pickup trucks,33225,2019,10
2019-10-01,ON,All fuel types,Multi-purpose vehicles,98451,2019,10
2019-10-01,ON,All fuel types,Vans,10548,2019,10
2019-10-01,ON,Gas,"Total, vehicle type",174798,2019,10
2019-10-01,ON,Gas,Passenger cars,39079,2019,10
2019-10-01,ON,Gas,Pickup trucks,29897,2019,10
2019-10-01,ON,Gas,Multi-purpose vehicles,95783,2019,10
2019-10-01,ON,Gas,Vans,10039,2019,10
2019-10-01,ON,Diesel,"Total, vehicle type",4033,2019,10
2019-10-01,ON,Diesel,Passenger cars,16,2019,10
2019-10-01,ON,Diesel,Pickup trucks,3328,2019,10
2019-10-01,ON,Diesel,Multi-purpose vehicles,208,2019,10
2019-10-01,ON,Diesel,Vans,481,2019,10
2019-10-01,ON,All zero-emission vehicles,"Total, vehicle type",2394,2019,10
2019-10-01,ON,All zero-emission vehicles,Passenger cars,1636,2019,10
2019-10-01,ON,All zero-emission vehicles,Pickup trucks,0,2019,10
2019-10-01,ON,All zero-emission vehicles,Multi-purpose vehicles,745,2019,10
2019-10-01,ON,All zero-emission vehicles,Vans,13,2019,10
2019-10-01,ON,Electric,"Total, vehicle type",1538,2019,10
2019-10-01,ON,Electric,Passenger cars,1194,2019,10
2019-10-01,ON,Electric,Pickup trucks,0,2019,10
2019-10-01,ON,Electric,Multi-purpose vehicles,344,2019,10
2019-10-01,ON,Electric,Vans,0,2019,10
2019-10-01,ON,Hybrid Electric,"Total, vehicle type",856,2019,10
2019-10-01,ON,Hybrid Electric,Passenger cars,442,2019,10
2019-10-01,ON,Hybrid Electric,Pickup trucks,0,2019,10
2019-10-01,ON,Hybrid Electric,Multi-purpose vehicles,401,2019,10
2019-10-01,ON,Hybrid Electric,Vans,13,2019,10
2019-10-01,ON,Hybrid Electric,"Total, vehicle type",3507,2019,10
2019-10-01,ON,Hybrid Electric,Passenger cars,1792,2019,10
2019-10-01,ON,Hybrid Electric,Pickup trucks,0,2019,10
2019-10-01,ON,Hybrid Electric,Multi-purpose vehicles,1715,2019,10
2019-10-01,ON,Hybrid Electric,Vans,0,2019,10
2019-10-01,ON,Other,"Total, vehicle type",15,2019,10
2019-10-01,ON,Other,Passenger cars,0,2019,10
2019-10-01,ON,Other,Pickup trucks,0,2019,10
2019-10-01,ON,Other,Multi-purpose vehicles,0,2019,10
2019-10-01,ON,Other,Vans,15,2019,10
2019-10-01,MB,All fuel types,"Total, vehicle type",11371,2019,10
2019-10-01,MB,All fuel types,Passenger cars,1692,2019,10
2019-10-01,MB,All fuel types,Pickup trucks,3000,2019,10
2019-10-01,MB,All fuel types,Multi-purpose vehicles,6071,2019,10
2019-10-01,MB,All fuel types,Vans,608,2019,10
2019-10-01,MB,Gas,"Total, vehicle type",10866,2019,10
2019-10-01,MB,Gas,Passenger cars,1597,2019,10
2019-10-01,MB,Gas,Pickup trucks,2728,2019,10
2019-10-01,MB,Gas,Multi-purpose vehicles,5950,2019,10
2019-10-01,MB,Gas,Vans,591,2019,10
2019-10-01,MB,Diesel,"Total, vehicle type",292,2019,10
2019-10-01,MB,Diesel,Passenger cars,1,2019,10
2019-10-01,MB,Diesel,Pickup trucks,272,2019,10
2019-10-01,MB,Diesel,Multi-purpose vehicles,4,2019,10
2019-10-01,MB,Diesel,Vans,15,2019,10
2019-10-01,MB,All zero-emission vehicles,"Total, vehicle type",69,2019,10
2019-10-01,MB,All zero-emission vehicles,Passenger cars,47,2019,10
2019-10-01,MB,All zero-emission vehicles,Pickup trucks,0,2019,10
2019-10-01,MB,All zero-emission vehicles,Multi-purpose vehicles,20,2019,10
2019-10-01,MB,All zero-emission vehicles,Vans,2,2019,10
2019-10-01,MB,Electric,"Total, vehicle type",35,2019,10
2019-10-01,MB,Electric,Passenger cars,26,2019,10
2019-10-01,MB,Electric,Pickup trucks,0,2019,10
2019-10-01,MB,Electric,Multi-purpose vehicles,9,2019,10
2019-10-01,MB,Electric,Vans,0,2019,10
2019-10-01,MB,Hybrid Electric,"Total, vehicle type",34,2019,10
2019-10-01,MB,Hybrid Electric,Passenger cars,21,2019,10
2019-10-01,MB,Hybrid Electric,Pickup trucks,0,2019,10
2019-10-01,MB,Hybrid Electric,Multi-purpose vehicles,11,2019,10
2019-10-01,MB,Hybrid Electric,Vans,2,2019,10
2019-10-01,MB,Hybrid Electric,"Total, vehicle type",144,2019,10
2019-10-01,MB,Hybrid Electric,Passenger cars,47,2019,10
2019-10-01,MB,Hybrid Electric,Pickup trucks,0,2019,10
2019-10-01,MB,Hybrid Electric,Multi-purpose vehicles,97,2019,10
2019-10-01,MB,Hybrid Electric,Vans,0,2019,10
2019-10-01,MB,Other,"Total, vehicle type",0,2019,10
2019-10-01,MB,Other,Passenger cars,0,2019,10
2019-10-01,MB,Other,Pickup trucks,0,2019,10
2019-10-01,MB,Other,Multi-purpose vehicles,0,2019,10
2019-10-01,MB,Other,Vans,0,2019,10
2019-10-01,SAS,All fuel types,"Total, vehicle type",9918,2019,10
2019-10-01,SAS,All fuel types,Passenger cars,913,2019,10
2019-10-01,SAS,All fuel types,Pickup trucks,3703,2019,10
2019-10-01,SAS,All fuel types,Multi-purpose vehicles,4879,2019,10
2019-10-01,SAS,All fuel types,Vans,423,2019,10
2019-10-01,SAS,Gas,"Total, vehicle type",9141,2019,10
2019-10-01,SAS,Gas,Passenger cars,833,2019,10
2019-10-01,SAS,Gas,Pickup trucks,3096,2019,10
2019-10-01,SAS,Gas,Multi-purpose vehicles,4797,2019,10
2019-10-01,SAS,Gas,Vans,415,2019,10
2019-10-01,SAS,Diesel,"Total, vehicle type",629,2019,10
2019-10-01,SAS,Diesel,Passenger cars,3,2019,10
2019-10-01,SAS,Diesel,Pickup trucks,607,2019,10
2019-10-01,SAS,Diesel,Multi-purpose vehicles,11,2019,10
2019-10-01,SAS,Diesel,Vans,8,2019,10
2019-10-01,SAS,All zero-emission vehicles,"Total, vehicle type",57,2019,10
2019-10-01,SAS,All zero-emission vehicles,Passenger cars,35,2019,10
2019-10-01,SAS,All zero-emission vehicles,Pickup trucks,0,2019,10
2019-10-01,SAS,All zero-emission vehicles,Multi-purpose vehicles,22,2019,10
2019-10-01,SAS,All zero-emission vehicles,Vans,0,2019,10
2019-10-01,SAS,Electric,"Total, vehicle type",28,2019,10
2019-10-01,SAS,Electric,Passenger cars,22,2019,10
2019-10-01,SAS,Electric,Pickup trucks,0,2019,10
2019-10-01,SAS,Electric,Multi-purpose vehicles,6,2019,10
2019-10-01,SAS,Electric,Vans,0,2019,10
2019-10-01,SAS,Hybrid Electric,"Total, vehicle type",29,2019,10
2019-10-01,SAS,Hybrid Electric,Passenger cars,13,2019,10
2019-10-01,SAS,Hybrid Electric,Pickup trucks,0,2019,10
2019-10-01,SAS,Hybrid Electric,Multi-purpose vehicles,16,2019,10
2019-10-01,SAS,Hybrid Electric,Vans,0,2019,10
2019-10-01,SAS,Hybrid Electric,"Total, vehicle type",91,2019,10
2019-10-01,SAS,Hybrid Electric,Passenger cars,42,2019,10
2019-10-01,SAS,Hybrid Electric,Pickup trucks,0,2019,10
2019-10-01,SAS,Hybrid Electric,Multi-purpose vehicles,49,2019,10
2019-10-01,SAS,Hybrid Electric,Vans,0,2019,10
2019-10-01,SAS,Other,"Total, vehicle type",0,2019,10
2019-10-01,SAS,Other,Passenger cars,0,2019,10
2019-10-01,SAS,Other,Pickup trucks,0,2019,10
2019-10-01,SAS,Other,Multi-purpose vehicles,0,2019,10
2019-10-01,SAS,Other,Vans,0,2019,10
2019-10-01,BC,All fuel types,"Total, vehicle type",45555,2019,10
2019-10-01,BC,All fuel types,Passenger cars,10471,2019,10
2019-10-01,BC,All fuel types,Pickup trucks,9914,2019,10
2019-10-01,BC,All fuel types,Multi-purpose vehicles,22692,2019,10
2019-10-01,BC,All fuel types,Vans,2478,2019,10
2019-10-01,BC,Gas,"Total, vehicle type",38247,2019,10
2019-10-01,BC,Gas,Passenger cars,7688,2019,10
2019-10-01,BC,Gas,Pickup trucks,7951,2019,10
2019-10-01,BC,Gas,Multi-purpose vehicles,20413,2019,10
2019-10-01,BC,Gas,Vans,2195,2019,10
2019-10-01,BC,Diesel,"Total, vehicle type",2315,2019,10
2019-10-01,BC,Diesel,Passenger cars,4,2019,10
2019-10-01,BC,Diesel,Pickup trucks,1963,2019,10
2019-10-01,BC,Diesel,Multi-purpose vehicles,71,2019,10
2019-10-01,BC,Diesel,Vans,277,2019,10
2019-10-01,BC,All zero-emission vehicles,"Total, vehicle type",3206,2019,10
2019-10-01,BC,All zero-emission vehicles,Passenger cars,2189,2019,10
2019-10-01,BC,All zero-emission vehicles,Pickup trucks,0,2019,10
2019-10-01,BC,All zero-emission vehicles,Multi-purpose vehicles,1011,2019,10
2019-10-01,BC,All zero-emission vehicles,Vans,6,2019,10
2019-10-01,BC,Electric,"Total, vehicle type",2261,2019,10
2019-10-01,BC,Electric,Passenger cars,1666,2019,10
2019-10-01,BC,Electric,Pickup trucks,0,2019,10
2019-10-01,BC,Electric,Multi-purpose vehicles,595,2019,10
2019-10-01,BC,Electric,Vans,0,2019,10
2019-10-01,BC,Hybrid Electric,"Total, vehicle type",945,2019,10
2019-10-01,BC,Hybrid Electric,Passenger cars,523,2019,10
2019-10-01,BC,Hybrid Electric,Pickup trucks,0,2019,10
2019-10-01,BC,Hybrid Electric,Multi-purpose vehicles,416,2019,10
2019-10-01,BC,Hybrid Electric,Vans,6,2019,10
2019-10-01,BC,Hybrid Electric,"Total, vehicle type",1777,2019,10
2019-10-01,BC,Hybrid Electric,Passenger cars,580,2019,10
2019-10-01,BC,Hybrid Electric,Pickup trucks,0,2019,10
2019-10-01,BC,Hybrid Electric,Multi-purpose vehicles,1197,2019,10
2019-10-01,BC,Hybrid Electric,Vans,0,2019,10
2019-10-01,BC,Other,"Total, vehicle type",10,2019,10
2019-10-01,BC,Other,Passenger cars,10,2019,10
2019-10-01,BC,Other,Pickup trucks,0,2019,10
2019-10-01,BC,Other,Multi-purpose vehicles,0,2019,10
2019-10-01,BC,Other,Vans,0,2019,10
2020-01-01,CAN,All fuel types,"Total, vehicle type",336214,2020,1
2020-01-01,CAN,All fuel types,Passenger cars,73153,2020,1
2020-01-01,CAN,All fuel types,Pickup trucks,81950,2020,1
2020-01-01,CAN,All fuel types,Multi-purpose vehicles,163206,2020,1
2020-01-01,CAN,All fuel types,Vans,17905,2020,1
2020-01-01,CAN,Gas,"Total, vehicle type",303035,2020,1
2020-01-01,CAN,Gas,Passenger cars,60757,2020,1
2020-01-01,CAN,Gas,Pickup trucks,69771,2020,1
2020-01-01,CAN,Gas,Multi-purpose vehicles,155846,2020,1
2020-01-01,CAN,Gas,Vans,16661,2020,1
2020-01-01,CAN,Diesel,"Total, vehicle type",13567,2020,1
2020-01-01,CAN,Diesel,Passenger cars,22,2020,1
2020-01-01,CAN,Diesel,Pickup trucks,12179,2020,1
2020-01-01,CAN,Diesel,Multi-purpose vehicles,284,2020,1
2020-01-01,CAN,Diesel,Vans,1082,2020,1
2020-01-01,CAN,All zero-emission vehicles,"Total, vehicle type",11923,2020,1
2020-01-01,CAN,All zero-emission vehicles,Passenger cars,9068,2020,1
2020-01-01,CAN,All zero-emission vehicles,Pickup trucks,0,2020,1
2020-01-01,CAN,All zero-emission vehicles,Multi-purpose vehicles,2702,2020,1
2020-01-01,CAN,All zero-emission vehicles,Vans,153,2020,1
2020-01-01,CAN,Electric,"Total, vehicle type",8386,2020,1
2020-01-01,CAN,Electric,Passenger cars,6862,2020,1
2020-01-01,CAN,Electric,Pickup trucks,0,2020,1
2020-01-01,CAN,Electric,Multi-purpose vehicles,1524,2020,1
2020-01-01,CAN,Electric,Vans,0,2020,1
2020-01-01,CAN,Hybrid Electric,"Total, vehicle type",3537,2020,1
2020-01-01,CAN,Hybrid Electric,Passenger cars,2206,2020,1
2020-01-01,CAN,Hybrid Electric,Pickup trucks,0,2020,1
2020-01-01,CAN,Hybrid Electric,Multi-purpose vehicles,1178,2020,1
2020-01-01,CAN,Hybrid Electric,Vans,153,2020,1
2020-01-01,CAN,Hybrid Electric,"Total, vehicle type",7680,2020,1
2020-01-01,CAN,Hybrid Electric,Passenger cars,3306,2020,1
2020-01-01,CAN,Hybrid Electric,Pickup trucks,0,2020,1
2020-01-01,CAN,Hybrid Electric,Multi-purpose vehicles,4374,2020,1
2020-01-01,CAN,Hybrid Electric,Vans,0,2020,1
2020-01-01,CAN,Other,"Total, vehicle type",9,2020,1
2020-01-01,CAN,Other,Passenger cars,0,2020,1
2020-01-01,CAN,Other,Pickup trucks,0,2020,1
2020-01-01,CAN,Other,Multi-purpose vehicles,0,2020,1
2020-01-01,CAN,Other,Vans,9,2020,1
2020-01-01,PEI,All fuel types,"Total, vehicle type",1036,2020,1
2020-01-01,PEI,All fuel types,Passenger cars,161,2020,1
2020-01-01,PEI,All fuel types,Pickup trucks,342,2020,1
2020-01-01,PEI,All fuel types,Multi-purpose vehicles,485,2020,1
2020-01-01,PEI,All fuel types,Vans,48,2020,1
2020-01-01,PEI,Gas,"Total, vehicle type",990,2020,1
2020-01-01,PEI,Gas,Passenger cars,154,2020,1
2020-01-01,PEI,Gas,Pickup trucks,312,2020,1
2020-01-01,PEI,Gas,Multi-purpose vehicles,476,2020,1
2020-01-01,PEI,Gas,Vans,48,2020,1
2020-01-01,PEI,Diesel,"Total, vehicle type",31,2020,1
2020-01-01,PEI,Diesel,Passenger cars,0,2020,1
2020-01-01,PEI,Diesel,Pickup trucks,30,2020,1
2020-01-01,PEI,Diesel,Multi-purpose vehicles,1,2020,1
2020-01-01,PEI,Diesel,Vans,0,2020,1
2020-01-01,PEI,All zero-emission vehicles,"Total, vehicle type",7,2020,1
2020-01-01,PEI,All zero-emission vehicles,Passenger cars,5,2020,1
2020-01-01,PEI,All zero-emission vehicles,Pickup trucks,0,2020,1
2020-01-01,PEI,All zero-emission vehicles,Multi-purpose vehicles,2,2020,1
2020-01-01,PEI,All zero-emission vehicles,Vans,0,2020,1
2020-01-01,PEI,Electric,"Total, vehicle type",1,2020,1
2020-01-01,PEI,Electric,Passenger cars,1,2020,1
2020-01-01,PEI,Electric,Pickup trucks,0,2020,1
2020-01-01,PEI,Electric,Multi-purpose vehicles,0,2020,1
2020-01-01,PEI,Electric,Vans,0,2020,1
2020-01-01,PEI,Hybrid Electric,"Total, vehicle type",6,2020,1
2020-01-01,PEI,Hybrid Electric,Passenger cars,4,2020,1
2020-01-01,PEI,Hybrid Electric,Pickup trucks,0,2020,1
2020-01-01,PEI,Hybrid Electric,Multi-purpose vehicles,2,2020,1
2020-01-01,PEI,Hybrid Electric,Vans,0,2020,1
2020-01-01,PEI,Hybrid Electric,"Total, vehicle type",8,2020,1
2020-01-01,PEI,Hybrid Electric,Passenger cars,2,2020,1
2020-01-01,PEI,Hybrid Electric,Pickup trucks,0,2020,1
2020-01-01,PEI,Hybrid Electric,Multi-purpose vehicles,6,2020,1
2020-01-01,PEI,Hybrid Electric,Vans,0,2020,1
2020-01-01,PEI,Other,"Total, vehicle type",0,2020,1
2020-01-01,PEI,Other,Passenger cars,0,2020,1
2020-01-01,PEI,Other,Pickup trucks,0,2020,1
2020-01-01,PEI,Other,Multi-purpose vehicles,0,2020,1
2020-01-01,PEI,Other,Vans,0,2020,1
2020-01-01,NB,All fuel types,"Total, vehicle type",6746,2020,1
2020-01-01,NB,All fuel types,Passenger cars,1267,2020,1
2020-01-01,NB,All fuel types,Pickup trucks,1922,2020,1
2020-01-01,NB,All fuel types,Multi-purpose vehicles,3337,2020,1
2020-01-01,NB,All fuel types,Vans,220,2020,1
2020-01-01,NB,Gas,"Total, vehicle type",6393,2020,1
2020-01-01,NB,Gas,Passenger cars,1214,2020,1
2020-01-01,NB,Gas,Pickup trucks,1730,2020,1
2020-01-01,NB,Gas,Multi-purpose vehicles,3234,2020,1
2020-01-01,NB,Gas,Vans,215,2020,1
2020-01-01,NB,Diesel,"Total, vehicle type",199,2020,1
2020-01-01,NB,Diesel,Passenger cars,0,2020,1
2020-01-01,NB,Diesel,Pickup trucks,192,2020,1
2020-01-01,NB,Diesel,Multi-purpose vehicles,2,2020,1
2020-01-01,NB,Diesel,Vans,5,2020,1
2020-01-01,NB,All zero-emission vehicles,"Total, vehicle type",37,2020,1
2020-01-01,NB,All zero-emission vehicles,Passenger cars,27,2020,1
2020-01-01,NB,All zero-emission vehicles,Pickup trucks,0,2020,1
2020-01-01,NB,All zero-emission vehicles,Multi-purpose vehicles,10,2020,1
2020-01-01,NB,All zero-emission vehicles,Vans,0,2020,1
2020-01-01,NB,Electric,"Total, vehicle type",24,2020,1
2020-01-01,NB,Electric,Passenger cars,18,2020,1
2020-01-01,NB,Electric,Pickup trucks,0,2020,1
2020-01-01,NB,Electric,Multi-purpose vehicles,6,2020,1
2020-01-01,NB,Electric,Vans,0,2020,1
2020-01-01,NB,Hybrid Electric,"Total, vehicle type",13,2020,1
2020-01-01,NB,Hybrid Electric,Passenger cars,9,2020,1
2020-01-01,NB,Hybrid Electric,Pickup trucks,0,2020,1
2020-01-01,NB,Hybrid Electric,Multi-purpose vehicles,4,2020,1
2020-01-01,NB,Hybrid Electric,Vans,0,2020,1
2020-01-01,NB,Hybrid Electric,"Total, vehicle type",117,2020,1
2020-01-01,NB,Hybrid Electric,Passenger cars,26,2020,1
2020-01-01,NB,Hybrid Electric,Pickup trucks,0,2020,1
2020-01-01,NB,Hybrid Electric,Multi-purpose vehicles,91,2020,1
2020-01-01,NB,Hybrid Electric,Vans,0,2020,1
2020-01-01,NB,Other,"Total, vehicle type",0,2020,1
2020-01-01,NB,Other,Passenger cars,0,2020,1
2020-01-01,NB,Other,Pickup trucks,0,2020,1
2020-01-01,NB,Other,Multi-purpose vehicles,0,2020,1
2020-01-01,NB,Other,Vans,0,2020,1
2020-01-01,QUE,All fuel types,"Total, vehicle type",72177,2020,1
2020-01-01,QUE,All fuel types,Passenger cars,20758,2020,1
2020-01-01,QUE,All fuel types,Pickup trucks,12735,2020,1
2020-01-01,QUE,All fuel types,Multi-purpose vehicles,35379,2020,1
2020-01-01,QUE,All fuel types,Vans,3305,2020,1
2020-01-01,QUE,Gas,"Total, vehicle type",63104,2020,1
2020-01-01,QUE,Gas,Passenger cars,15735,2020,1
2020-01-01,QUE,Gas,Pickup trucks,10937,2020,1
2020-01-01,QUE,Gas,Multi-purpose vehicles,33380,2020,1
2020-01-01,QUE,Gas,Vans,3052,2020,1
2020-01-01,QUE,Diesel,"Total, vehicle type",2020,2020,1
2020-01-01,QUE,Diesel,Passenger cars,2,2020,1
2020-01-01,QUE,Diesel,Pickup trucks,1798,2020,1
2020-01-01,QUE,Diesel,Multi-purpose vehicles,40,2020,1
2020-01-01,QUE,Diesel,Vans,180,2020,1
2020-01-01,QUE,All zero-emission vehicles,"Total, vehicle type",5638,2020,1
2020-01-01,QUE,All zero-emission vehicles,Passenger cars,4465,2020,1
2020-01-01,QUE,All zero-emission vehicles,Pickup trucks,0,2020,1
2020-01-01,QUE,All zero-emission vehicles,Multi-purpose vehicles,1101,2020,1
2020-01-01,QUE,All zero-emission vehicles,Vans,72,2020,1
2020-01-01,QUE,Electric,"Total, vehicle type",3649,2020,1
2020-01-01,QUE,Electric,Passenger cars,3119,2020,1
2020-01-01,QUE,Electric,Pickup trucks,0,2020,1
2020-01-01,QUE,Electric,Multi-purpose vehicles,530,2020,1
2020-01-01,QUE,Electric,Vans,0,2020,1
2020-01-01,QUE,Hybrid Electric,"Total, vehicle type",1989,2020,1
2020-01-01,QUE,Hybrid Electric,Passenger cars,1346,2020,1
2020-01-01,QUE,Hybrid Electric,Pickup trucks,0,2020,1
2020-01-01,QUE,Hybrid Electric,Multi-purpose vehicles,571,2020,1
2020-01-01,QUE,Hybrid Electric,Vans,72,2020,1
2020-01-01,QUE,Hybrid Electric,"Total, vehicle type",1414,2020,1
2020-01-01,QUE,Hybrid Electric,Passenger cars,556,2020,1
2020-01-01,QUE,Hybrid Electric,Pickup trucks,0,2020,1
2020-01-01,QUE,Hybrid Electric,Multi-purpose vehicles,858,2020,1
2020-01-01,QUE,Hybrid Electric,Vans,0,2020,1
2020-01-01,QUE,Other,"Total, vehicle type",1,2020,1
2020-01-01,QUE,Other,Passenger cars,0,2020,1
2020-01-01,QUE,Other,Pickup trucks,0,2020,1
2020-01-01,QUE,Other,Multi-purpose vehicles,0,2020,1
2020-01-01,QUE,Other,Vans,1,2020,1
2020-01-01,ON,All fuel types,"Total, vehicle type",139116,2020,1
2020-01-01,ON,All fuel types,Passenger cars,30723,2020,1
2020-01-01,ON,All fuel types,Pickup trucks,30242,2020,1
2020-01-01,ON,All fuel types,Multi-purpose vehicles,69100,2020,1
2020-01-01,ON,All fuel types,Vans,9051,2020,1
2020-01-01,ON,Gas,"Total, vehicle type",129616,2020,1
2020-01-01,ON,Gas,Passenger cars,27654,2020,1
2020-01-01,ON,Gas,Pickup trucks,26908,2020,1
2020-01-01,ON,Gas,Multi-purpose vehicles,66605,2020,1
2020-01-01,ON,Gas,Vans,8449,2020,1
2020-01-01,ON,Diesel,"Total, vehicle type",4028,2020,1
2020-01-01,ON,Diesel,Passenger cars,7,2020,1
2020-01-01,ON,Diesel,Pickup trucks,3334,2020,1
2020-01-01,ON,Diesel,Multi-purpose vehicles,130,2020,1
2020-01-01,ON,Diesel,Vans,557,2020,1
2020-01-01,ON,All zero-emission vehicles,"Total, vehicle type",2102,2020,1
2020-01-01,ON,All zero-emission vehicles,Passenger cars,1539,2020,1
2020-01-01,ON,All zero-emission vehicles,Pickup trucks,0,2020,1
2020-01-01,ON,All zero-emission vehicles,Multi-purpose vehicles,523,2020,1
2020-01-01,ON,All zero-emission vehicles,Vans,40,2020,1
2020-01-01,ON,Electric,"Total, vehicle type",1554,2020,1
2020-01-01,ON,Electric,Passenger cars,1259,2020,1
2020-01-01,ON,Electric,Pickup trucks,0,2020,1
2020-01-01,ON,Electric,Multi-purpose vehicles,295,2020,1
2020-01-01,ON,Electric,Vans,0,2020,1
2020-01-01,ON,Hybrid Electric,"Total, vehicle type",548,2020,1
2020-01-01,ON,Hybrid Electric,Passenger cars,280,2020,1
2020-01-01,ON,Hybrid Electric,Pickup trucks,0,2020,1
2020-01-01,ON,Hybrid Electric,Multi-purpose vehicles,228,2020,1
2020-01-01,ON,Hybrid Electric,Vans,40,2020,1
2020-01-01,ON,Hybrid Electric,"Total, vehicle type",3365,2020,1
2020-01-01,ON,Hybrid Electric,Passenger cars,1523,2020,1
2020-01-01,ON,Hybrid Electric,Pickup trucks,0,2020,1
2020-01-01,ON,Hybrid Electric,Multi-purpose vehicles,1842,2020,1
2020-01-01,ON,Hybrid Electric,Vans,0,2020,1
2020-01-01,ON,Other,"Total, vehicle type",5,2020,1
2020-01-01,ON,Other,Passenger cars,0,2020,1
2020-01-01,ON,Other,Pickup trucks,0,2020,1
2020-01-01,ON,Other,Multi-purpose vehicles,0,2020,1
2020-01-01,ON,Other,Vans,5,2020,1
2020-01-01,MB,All fuel types,"Total, vehicle type",9814,2020,1
2020-01-01,MB,All fuel types,Passenger cars,1550,2020,1
2020-01-01,MB,All fuel types,Pickup trucks,2911,2020,1
2020-01-01,MB,All fuel types,Multi-purpose vehicles,4782,2020,1
2020-01-01,MB,All fuel types,Vans,571,2020,1
2020-01-01,MB,Gas,"Total, vehicle type",9342,2020,1
2020-01-01,MB,Gas,Passenger cars,1437,2020,1
2020-01-01,MB,Gas,Pickup trucks,2661,2020,1
2020-01-01,MB,Gas,Multi-purpose vehicles,4683,2020,1
2020-01-01,MB,Gas,Vans,561,2020,1
2020-01-01,MB,Diesel,"Total, vehicle type",263,2020,1
2020-01-01,MB,Diesel,Passenger cars,0,2020,1
2020-01-01,MB,Diesel,Pickup trucks,250,2020,1
2020-01-01,MB,Diesel,Multi-purpose vehicles,3,2020,1
2020-01-01,MB,Diesel,Vans,10,2020,1
2020-01-01,MB,All zero-emission vehicles,"Total, vehicle type",64,2020,1
2020-01-01,MB,All zero-emission vehicles,Passenger cars,45,2020,1
2020-01-01,MB,All zero-emission vehicles,Pickup trucks,0,2020,1
2020-01-01,MB,All zero-emission vehicles,Multi-purpose vehicles,19,2020,1
2020-01-01,MB,All zero-emission vehicles,Vans,0,2020,1
2020-01-01,MB,Electric,"Total, vehicle type",38,2020,1
2020-01-01,MB,Electric,Passenger cars,34,2020,1
2020-01-01,MB,Electric,Pickup trucks,0,2020,1
2020-01-01,MB,Electric,Multi-purpose vehicles,4,2020,1
2020-01-01,MB,Electric,Vans,0,2020,1
2020-01-01,MB,Hybrid Electric,"Total, vehicle type",26,2020,1
2020-01-01,MB,Hybrid Electric,Passenger cars,11,2020,1
2020-01-01,MB,Hybrid Electric,Pickup trucks,0,2020,1
2020-01-01,MB,Hybrid Electric,Multi-purpose vehicles,15,2020,1
2020-01-01,MB,Hybrid Electric,Vans,0,2020,1
2020-01-01,MB,Hybrid Electric,"Total, vehicle type",145,2020,1
2020-01-01,MB,Hybrid Electric,Passenger cars,68,2020,1
2020-01-01,MB,Hybrid Electric,Pickup trucks,0,2020,1
2020-01-01,MB,Hybrid Electric,Multi-purpose vehicles,77,2020,1
2020-01-01,MB,Hybrid Electric,Vans,0,2020,1
2020-01-01,MB,Other,"Total, vehicle type",0,2020,1
2020-01-01,MB,Other,Passenger cars,0,2020,1
2020-01-01,MB,Other,Pickup trucks,0,2020,1
2020-01-01,MB,Other,Multi-purpose vehicles,0,2020,1
2020-01-01,MB,Other,Vans,0,2020,1
2020-01-01,SAS,All fuel types,"Total, vehicle type",10282,2020,1
2020-01-01,SAS,All fuel types,Passenger cars,1002,2020,1
2020-01-01,SAS,All fuel types,Pickup trucks,4229,2020,1
2020-01-01,SAS,All fuel types,Multi-purpose vehicles,4627,2020,1
2020-01-01,SAS,All fuel types,Vans,424,2020,1
2020-01-01,SAS,Gas,"Total, vehicle type",9315,2020,1
2020-01-01,SAS,Gas,Passenger cars,937,2020,1
2020-01-01,SAS,Gas,Pickup trucks,3443,2020,1
2020-01-01,SAS,Gas,Multi-purpose vehicles,4523,2020,1
2020-01-01,SAS,Gas,Vans,412,2020,1
2020-01-01,SAS,Diesel,"Total, vehicle type",805,2020,1
2020-01-01,SAS,Diesel,Passenger cars,1,2020,1
2020-01-01,SAS,Diesel,Pickup trucks,786,2020,1
2020-01-01,SAS,Diesel,Multi-purpose vehicles,8,2020,1
2020-01-01,SAS,Diesel,Vans,10,2020,1
2020-01-01,SAS,All zero-emission vehicles,"Total, vehicle type",47,2020,1
2020-01-01,SAS,All zero-emission vehicles,Passenger cars,31,2020,1
2020-01-01,SAS,All zero-emission vehicles,Pickup trucks,0,2020,1
2020-01-01,SAS,All zero-emission vehicles,Multi-purpose vehicles,14,2020,1
2020-01-01,SAS,All zero-emission vehicles,Vans,2,2020,1
2020-01-01,SAS,Electric,"Total, vehicle type",22,2020,1
2020-01-01,SAS,Electric,Passenger cars,18,2020,1
2020-01-01,SAS,Electric,Pickup trucks,0,2020,1
2020-01-01,SAS,Electric,Multi-purpose vehicles,4,2020,1
2020-01-01,SAS,Electric,Vans,0,2020,1
2020-01-01,SAS,Hybrid Electric,"Total, vehicle type",25,2020,1
2020-01-01,SAS,Hybrid Electric,Passenger cars,13,2020,1
2020-01-01,SAS,Hybrid Electric,Pickup trucks,0,2020,1
2020-01-01,SAS,Hybrid Electric,Multi-purpose vehicles,10,2020,1
2020-01-01,SAS,Hybrid Electric,Vans,2,2020,1
2020-01-01,SAS,Hybrid Electric,"Total, vehicle type",115,2020,1
2020-01-01,SAS,Hybrid Electric,Passenger cars,33,2020,1
2020-01-01,SAS,Hybrid Electric,Pickup trucks,0,2020,1
2020-01-01,SAS,Hybrid Electric,Multi-purpose vehicles,82,2020,1
2020-01-01,SAS,Hybrid Electric,Vans,0,2020,1
2020-01-01,SAS,Other,"Total, vehicle type",0,2020,1
2020-01-01,SAS,Other,Passenger cars,0,2020,1
2020-01-01,SAS,Other,Pickup trucks,0,2020,1
2020-01-01,SAS,Other,Multi-purpose vehicles,0,2020,1
2020-01-01,SAS,Other,Vans,0,2020,1
2020-01-01,BC,All fuel types,"Total, vehicle type",40614,2020,1
2020-01-01,BC,All fuel types,Passenger cars,9784,2020,1
2020-01-01,BC,All fuel types,Pickup trucks,9687,2020,1
2020-01-01,BC,All fuel types,Multi-purpose vehicles,19187,2020,1
2020-01-01,BC,All fuel types,Vans,1956,2020,1
2020-01-01,BC,Gas,"Total, vehicle type",32709,2020,1
2020-01-01,BC,Gas,Passenger cars,6415,2020,1
2020-01-01,BC,Gas,Pickup trucks,7279,2020,1
2020-01-01,BC,Gas,Multi-purpose vehicles,17316,2020,1
2020-01-01,BC,Gas,Vans,1699,2020,1
2020-01-01,BC,Diesel,"Total, vehicle type",2695,2020,1
2020-01-01,BC,Diesel,Passenger cars,4,2020,1
2020-01-01,BC,Diesel,Pickup trucks,2408,2020,1
2020-01-01,BC,Diesel,Multi-purpose vehicles,64,2020,1
2020-01-01,BC,Diesel,Vans,219,2020,1
2020-01-01,BC,All zero-emission vehicles,"Total, vehicle type",3705,2020,1
2020-01-01,BC,All zero-emission vehicles,Passenger cars,2719,2020,1
2020-01-01,BC,All zero-emission vehicles,Pickup trucks,0,2020,1
2020-01-01,BC,All zero-emission vehicles,Multi-purpose vehicles,951,2020,1
2020-01-01,BC,All zero-emission vehicles,Vans,35,2020,1
2020-01-01,BC,Electric,"Total, vehicle type",2895,2020,1
2020-01-01,BC,Electric,Passenger cars,2249,2020,1
2020-01-01,BC,Electric,Pickup trucks,0,2020,1
2020-01-01,BC,Electric,Multi-purpose vehicles,646,2020,1
2020-01-01,BC,Electric,Vans,0,2020,1
2020-01-01,BC,Hybrid Electric,"Total, vehicle type",810,2020,1
2020-01-01,BC,Hybrid Electric,Passenger cars,470,2020,1
2020-01-01,BC,Hybrid Electric,Pickup trucks,0,2020,1
2020-01-01,BC,Hybrid Electric,Multi-purpose vehicles,305,2020,1
2020-01-01,BC,Hybrid Electric,Vans,35,2020,1
2020-01-01,BC,Hybrid Electric,"Total, vehicle type",1502,2020,1
2020-01-01,BC,Hybrid Electric,Passenger cars,646,2020,1
2020-01-01,BC,Hybrid Electric,Pickup trucks,0,2020,1
2020-01-01,BC,Hybrid Electric,Multi-purpose vehicles,856,2020,1
2020-01-01,BC,Hybrid Electric,Vans,0,2020,1
2020-01-01,BC,Other,"Total, vehicle type",3,2020,1
2020-01-01,BC,Other,Passenger cars,0,2020,1
2020-01-01,BC,Other,Pickup trucks,0,2020,1
2020-01-01,BC,Other,Multi-purpose vehicles,0,2020,1
2020-01-01,BC,Other,Vans,3,2020,1
2020-04-01,CAN,All fuel types,"Total, vehicle type",305911,2020,4
2020-04-01,CAN,All fuel types,Passenger cars,66812,2020,4
2020-04-01,CAN,All fuel types,Pickup trucks,78950,2020,4
2020-04-01,CAN,All fuel types,Multi-purpose vehicles,144871,2020,4
2020-04-01,CAN,All fuel types,Vans,15278,2020,4
2020-04-01,CAN,Gas,"Total, vehicle type",277460,2020,4
2020-04-01,CAN,Gas,Passenger cars,58184,2020,4
2020-04-01,CAN,Gas,Pickup trucks,67245,2020,4
2020-04-01,CAN,Gas,Multi-purpose vehicles,137854,2020,4
2020-04-01,CAN,Gas,Vans,14177,2020,4
2020-04-01,CAN,Diesel,"Total, vehicle type",12867,2020,4
2020-04-01,CAN,Diesel,Passenger cars,7,2020,4
2020-04-01,CAN,Diesel,Pickup trucks,11705,2020,4
2020-04-01,CAN,Diesel,Multi-purpose vehicles,218,2020,4
2020-04-01,CAN,Diesel,Vans,937,2020,4
2020-04-01,CAN,All zero-emission vehicles,"Total, vehicle type",9203,2020,4
2020-04-01,CAN,All zero-emission vehicles,Passenger cars,6249,2020,4
2020-04-01,CAN,All zero-emission vehicles,Pickup trucks,0,2020,4
2020-04-01,CAN,All zero-emission vehicles,Multi-purpose vehicles,2797,2020,4
2020-04-01,CAN,All zero-emission vehicles,Vans,157,2020,4
2020-04-01,CAN,Electric,"Total, vehicle type",6088,2020,4
2020-04-01,CAN,Electric,Passenger cars,4366,2020,4
2020-04-01,CAN,Electric,Pickup trucks,0,2020,4
2020-04-01,CAN,Electric,Multi-purpose vehicles,1722,2020,4
2020-04-01,CAN,Electric,Vans,0,2020,4
2020-04-01,CAN,Hybrid Electric,"Total, vehicle type",3115,2020,4
2020-04-01,CAN,Hybrid Electric,Passenger cars,1883,2020,4
2020-04-01,CAN,Hybrid Electric,Pickup trucks,0,2020,4
2020-04-01,CAN,Hybrid Electric,Multi-purpose vehicles,1075,2020,4
2020-04-01,CAN,Hybrid Electric,Vans,157,2020,4
2020-04-01,CAN,Hybrid Electric,"Total, vehicle type",6367,2020,4
2020-04-01,CAN,Hybrid Electric,Passenger cars,2369,2020,4
2020-04-01,CAN,Hybrid Electric,Pickup trucks,0,2020,4
2020-04-01,CAN,Hybrid Electric,Multi-purpose vehicles,3998,2020,4
2020-04-01,CAN,Hybrid Electric,Vans,0,2020,4
2020-04-01,CAN,Other,"Total, vehicle type",14,2020,4
2020-04-01,CAN,Other,Passenger cars,3,2020,4
2020-04-01,CAN,Other,Pickup trucks,0,2020,4
2020-04-01,CAN,Other,Multi-purpose vehicles,4,2020,4
2020-04-01,CAN,Other,Vans,7,2020,4
2020-04-01,PEI,All fuel types,"Total, vehicle type",1103,2020,4
2020-04-01,PEI,All fuel types,Passenger cars,202,2020,4
2020-04-01,PEI,All fuel types,Pickup trucks,322,2020,4
2020-04-01,PEI,All fuel types,Multi-purpose vehicles,520,2020,4
2020-04-01,PEI,All fuel types,Vans,59,2020,4
2020-04-01,PEI,Gas,"Total, vehicle type",1054,2020,4
2020-04-01,PEI,Gas,Passenger cars,195,2020,4
2020-04-01,PEI,Gas,Pickup trucks,294,2020,4
2020-04-01,PEI,Gas,Multi-purpose vehicles,506,2020,4
2020-04-01,PEI,Gas,Vans,59,2020,4
2020-04-01,PEI,Diesel,"Total, vehicle type",28,2020,4
2020-04-01,PEI,Diesel,Passenger cars,0,2020,4
2020-04-01,PEI,Diesel,Pickup trucks,28,2020,4
2020-04-01,PEI,Diesel,Multi-purpose vehicles,0,2020,4
2020-04-01,PEI,Diesel,Vans,0,2020,4
2020-04-01,PEI,All zero-emission vehicles,"Total, vehicle type",5,2020,4
2020-04-01,PEI,All zero-emission vehicles,Passenger cars,5,2020,4
2020-04-01,PEI,All zero-emission vehicles,Pickup trucks,0,2020,4
2020-04-01,PEI,All zero-emission vehicles,Multi-purpose vehicles,0,2020,4
2020-04-01,PEI,All zero-emission vehicles,Vans,0,2020,4
2020-04-01,PEI,Electric,"Total, vehicle type",1,2020,4
2020-04-01,PEI,Electric,Passenger cars,1,2020,4
2020-04-01,PEI,Electric,Pickup trucks,0,2020,4
2020-04-01,PEI,Electric,Multi-purpose vehicles,0,2020,4
2020-04-01,PEI,Electric,Vans,0,2020,4
2020-04-01,PEI,Hybrid Electric,"Total, vehicle type",4,2020,4
2020-04-01,PEI,Hybrid Electric,Passenger cars,4,2020,4
2020-04-01,PEI,Hybrid Electric,Pickup trucks,0,2020,4
2020-04-01,PEI,Hybrid Electric,Multi-purpose vehicles,0,2020,4
2020-04-01,PEI,Hybrid Electric,Vans,0,2020,4
2020-04-01,PEI,Hybrid Electric,"Total, vehicle type",16,2020,4
2020-04-01,PEI,Hybrid Electric,Passenger cars,2,2020,4
2020-04-01,PEI,Hybrid Electric,Pickup trucks,0,2020,4
2020-04-01,PEI,Hybrid Electric,Multi-purpose vehicles,14,2020,4
2020-04-01,PEI,Hybrid Electric,Vans,0,2020,4
2020-04-01,PEI,Other,"Total, vehicle type",0,2020,4
2020-04-01,PEI,Other,Passenger cars,0,2020,4
2020-04-01,PEI,Other,Pickup trucks,0,2020,4
2020-04-01,PEI,Other,Multi-purpose vehicles,0,2020,4
2020-04-01,PEI,Other,Vans,0,2020,4
2020-04-01,NB,All fuel types,"Total, vehicle type",7171,2020,4
2020-04-01,NB,All fuel types,Passenger cars,1411,2020,4
2020-04-01,NB,All fuel types,Pickup trucks,1996,2020,4
2020-04-01,NB,All fuel types,Multi-purpose vehicles,3529,2020,4
2020-04-01,NB,All fuel types,Vans,235,2020,4
2020-04-01,NB,Gas,"Total, vehicle type",6878,2020,4
2020-04-01,NB,Gas,Passenger cars,1365,2020,4
2020-04-01,NB,Gas,Pickup trucks,1841,2020,4
2020-04-01,NB,Gas,Multi-purpose vehicles,3446,2020,4
2020-04-01,NB,Gas,Vans,226,2020,4
2020-04-01,NB,Diesel,"Total, vehicle type",164,2020,4
2020-04-01,NB,Diesel,Passenger cars,0,2020,4
2020-04-01,NB,Diesel,Pickup trucks,155,2020,4
2020-04-01,NB,Diesel,Multi-purpose vehicles,1,2020,4
2020-04-01,NB,Diesel,Vans,8,2020,4
2020-04-01,NB,All zero-emission vehicles,"Total, vehicle type",31,2020,4
2020-04-01,NB,All zero-emission vehicles,Passenger cars,16,2020,4
2020-04-01,NB,All zero-emission vehicles,Pickup trucks,0,2020,4
2020-04-01,NB,All zero-emission vehicles,Multi-purpose vehicles,14,2020,4
2020-04-01,NB,All zero-emission vehicles,Vans,1,2020,4
2020-04-01,NB,Electric,"Total, vehicle type",17,2020,4
2020-04-01,NB,Electric,Passenger cars,9,2020,4
2020-04-01,NB,Electric,Pickup trucks,0,2020,4
2020-04-01,NB,Electric,Multi-purpose vehicles,8,2020,4
2020-04-01,NB,Electric,Vans,0,2020,4
2020-04-01,NB,Hybrid Electric,"Total, vehicle type",14,2020,4
2020-04-01,NB,Hybrid Electric,Passenger cars,7,2020,4
2020-04-01,NB,Hybrid Electric,Pickup trucks,0,2020,4
2020-04-01,NB,Hybrid Electric,Multi-purpose vehicles,6,2020,4
2020-04-01,NB,Hybrid Electric,Vans,1,2020,4
2020-04-01,NB,Hybrid Electric,"Total, vehicle type",98,2020,4
2020-04-01,NB,Hybrid Electric,Passenger cars,30,2020,4
2020-04-01,NB,Hybrid Electric,Pickup trucks,0,2020,4
2020-04-01,NB,Hybrid Electric,Multi-purpose vehicles,68,2020,4
2020-04-01,NB,Hybrid Electric,Vans,0,2020,4
2020-04-01,NB,Other,"Total, vehicle type",0,2020,4
2020-04-01,NB,Other,Passenger cars,0,2020,4
2020-04-01,NB,Other,Pickup trucks,0,2020,4
2020-04-01,NB,Other,Multi-purpose vehicles,0,2020,4
2020-04-01,NB,Other,Vans,0,2020,4
2020-04-01,QUE,All fuel types,"Total, vehicle type",80276,2020,4
2020-04-01,QUE,All fuel types,Passenger cars,23414,2020,4
2020-04-01,QUE,All fuel types,Pickup trucks,14561,2020,4
2020-04-01,QUE,All fuel types,Multi-purpose vehicles,38147,2020,4
2020-04-01,QUE,All fuel types,Vans,4154,2020,4
2020-04-01,QUE,Gas,"Total, vehicle type",72245,2020,4
2020-04-01,QUE,Gas,Passenger cars,19720,2020,4
2020-04-01,QUE,Gas,Pickup trucks,12574,2020,4
2020-04-01,QUE,Gas,Multi-purpose vehicles,36148,2020,4
2020-04-01,QUE,Gas,Vans,3803,2020,4
2020-04-01,QUE,Diesel,"Total, vehicle type",2260,2020,4
2020-04-01,QUE,Diesel,Passenger cars,1,2020,4
2020-04-01,QUE,Diesel,Pickup trucks,1987,2020,4
2020-04-01,QUE,Diesel,Multi-purpose vehicles,28,2020,4
2020-04-01,QUE,Diesel,Vans,244,2020,4
2020-04-01,QUE,All zero-emission vehicles,"Total, vehicle type",4472,2020,4
2020-04-01,QUE,All zero-emission vehicles,Passenger cars,3224,2020,4
2020-04-01,QUE,All zero-emission vehicles,Pickup trucks,0,2020,4
2020-04-01,QUE,All zero-emission vehicles,Multi-purpose vehicles,1143,2020,4
2020-04-01,QUE,All zero-emission vehicles,Vans,105,2020,4
2020-04-01,QUE,Electric,"Total, vehicle type",2502,2020,4
2020-04-01,QUE,Electric,Passenger cars,1889,2020,4
2020-04-01,QUE,Electric,Pickup trucks,0,2020,4
2020-04-01,QUE,Electric,Multi-purpose vehicles,613,2020,4
2020-04-01,QUE,Electric,Vans,0,2020,4
2020-04-01,QUE,Hybrid Electric,"Total, vehicle type",1970,2020,4
2020-04-01,QUE,Hybrid Electric,Passenger cars,1335,2020,4
2020-04-01,QUE,Hybrid Electric,Pickup trucks,0,2020,4
2020-04-01,QUE,Hybrid Electric,Multi-purpose vehicles,530,2020,4
2020-04-01,QUE,Hybrid Electric,Vans,105,2020,4
2020-04-01,QUE,Hybrid Electric,"Total, vehicle type",1296,2020,4
2020-04-01,QUE,Hybrid Electric,Passenger cars,468,2020,4
2020-04-01,QUE,Hybrid Electric,Pickup trucks,0,2020,4
2020-04-01,QUE,Hybrid Electric,Multi-purpose vehicles,828,2020,4
2020-04-01,QUE,Hybrid Electric,Vans,0,2020,4
2020-04-01,QUE,Other,"Total, vehicle type",3,2020,4
2020-04-01,QUE,Other,Passenger cars,1,2020,4
2020-04-01,QUE,Other,Pickup trucks,0,2020,4
2020-04-01,QUE,Other,Multi-purpose vehicles,0,2020,4
2020-04-01,QUE,Other,Vans,2,2020,4
2020-04-01,ON,All fuel types,"Total, vehicle type",109197,2020,4
2020-04-01,ON,All fuel types,Passenger cars,23550,2020,4
2020-04-01,ON,All fuel types,Pickup trucks,25679,2020,4
2020-04-01,ON,All fuel types,Multi-purpose vehicles,53780,2020,4
2020-04-01,ON,All fuel types,Vans,6188,2020,4
2020-04-01,ON,Gas,"Total, vehicle type",101882,2020,4
2020-04-01,ON,Gas,Passenger cars,21559,2020,4
2020-04-01,ON,Gas,Pickup trucks,23088,2020,4
2020-04-01,ON,Gas,Multi-purpose vehicles,51428,2020,4
2020-04-01,ON,Gas,Vans,5807,2020,4
2020-04-01,ON,Diesel,"Total, vehicle type",3061,2020,4
2020-04-01,ON,Diesel,Passenger cars,3,2020,4
2020-04-01,ON,Diesel,Pickup trucks,2591,2020,4
2020-04-01,ON,Diesel,Multi-purpose vehicles,109,2020,4
2020-04-01,ON,Diesel,Vans,358,2020,4
2020-04-01,ON,All zero-emission vehicles,"Total, vehicle type",1640,2020,4
2020-04-01,ON,All zero-emission vehicles,Passenger cars,1010,2020,4
2020-04-01,ON,All zero-emission vehicles,Pickup trucks,0,2020,4
2020-04-01,ON,All zero-emission vehicles,Multi-purpose vehicles,609,2020,4
2020-04-01,ON,All zero-emission vehicles,Vans,21,2020,4
2020-04-01,ON,Electric,"Total, vehicle type",1217,2020,4
2020-04-01,ON,Electric,Passenger cars,819,2020,4
2020-04-01,ON,Electric,Pickup trucks,0,2020,4
2020-04-01,ON,Electric,Multi-purpose vehicles,398,2020,4
2020-04-01,ON,Electric,Vans,0,2020,4
2020-04-01,ON,Hybrid Electric,"Total, vehicle type",423,2020,4
2020-04-01,ON,Hybrid Electric,Passenger cars,191,2020,4
2020-04-01,ON,Hybrid Electric,Pickup trucks,0,2020,4
2020-04-01,ON,Hybrid Electric,Multi-purpose vehicles,211,2020,4
2020-04-01,ON,Hybrid Electric,Vans,21,2020,4
2020-04-01,ON,Hybrid Electric,"Total, vehicle type",2612,2020,4
2020-04-01,ON,Hybrid Electric,Passenger cars,978,2020,4
2020-04-01,ON,Hybrid Electric,Pickup trucks,0,2020,4
2020-04-01,ON,Hybrid Electric,Multi-purpose vehicles,1634,2020,4
2020-04-01,ON,Hybrid Electric,Vans,0,2020,4
2020-04-01,ON,Other,"Total, vehicle type",2,2020,4
2020-04-01,ON,Other,Passenger cars,0,2020,4
2020-04-01,ON,Other,Pickup trucks,0,2020,4
2020-04-01,ON,Other,Multi-purpose vehicles,0,2020,4
2020-04-01,ON,Other,Vans,2,2020,4
2020-04-01,MB,All fuel types,"Total, vehicle type",9395,2020,4
2020-04-01,MB,All fuel types,Passenger cars,1533,2020,4
2020-04-01,MB,All fuel types,Pickup trucks,3032,2020,4
2020-04-01,MB,All fuel types,Multi-purpose vehicles,4498,2020,4
2020-04-01,MB,All fuel types,Vans,332,2020,4
2020-04-01,MB,Gas,"Total, vehicle type",8890,2020,4
2020-04-01,MB,Gas,Passenger cars,1442,2020,4
2020-04-01,MB,Gas,Pickup trucks,2728,2020,4
2020-04-01,MB,Gas,Multi-purpose vehicles,4396,2020,4
2020-04-01,MB,Gas,Vans,324,2020,4
2020-04-01,MB,Diesel,"Total, vehicle type",311,2020,4
2020-04-01,MB,Diesel,Passenger cars,0,2020,4
2020-04-01,MB,Diesel,Pickup trucks,304,2020,4
2020-04-01,MB,Diesel,Multi-purpose vehicles,0,2020,4
2020-04-01,MB,Diesel,Vans,7,2020,4
2020-04-01,MB,All zero-emission vehicles,"Total, vehicle type",65,2020,4
2020-04-01,MB,All zero-emission vehicles,Passenger cars,49,2020,4
2020-04-01,MB,All zero-emission vehicles,Pickup trucks,0,2020,4
2020-04-01,MB,All zero-emission vehicles,Multi-purpose vehicles,15,2020,4
2020-04-01,MB,All zero-emission vehicles,Vans,1,2020,4
2020-04-01,MB,Electric,"Total, vehicle type",44,2020,4
2020-04-01,MB,Electric,Passenger cars,35,2020,4
2020-04-01,MB,Electric,Pickup trucks,0,2020,4
2020-04-01,MB,Electric,Multi-purpose vehicles,9,2020,4
2020-04-01,MB,Electric,Vans,0,2020,4
2020-04-01,MB,Hybrid Electric,"Total, vehicle type",21,2020,4
2020-04-01,MB,Hybrid Electric,Passenger cars,14,2020,4
2020-04-01,MB,Hybrid Electric,Pickup trucks,0,2020,4
2020-04-01,MB,Hybrid Electric,Multi-purpose vehicles,6,2020,4
2020-04-01,MB,Hybrid Electric,Vans,1,2020,4
2020-04-01,MB,Hybrid Electric,"Total, vehicle type",129,2020,4
2020-04-01,MB,Hybrid Electric,Passenger cars,42,2020,4
2020-04-01,MB,Hybrid Electric,Pickup trucks,0,2020,4
2020-04-01,MB,Hybrid Electric,Multi-purpose vehicles,87,2020,4
2020-04-01,MB,Hybrid Electric,Vans,0,2020,4
2020-04-01,MB,Other,"Total, vehicle type",0,2020,4
2020-04-01,MB,Other,Passenger cars,0,2020,4
2020-04-01,MB,Other,Pickup trucks,0,2020,4
2020-04-01,MB,Other,Multi-purpose vehicles,0,2020,4
2020-04-01,MB,Other,Vans,0,2020,4
2020-04-01,SAS,All fuel types,"Total, vehicle type",9698,2020,4
2020-04-01,SAS,All fuel types,Passenger cars,1136,2020,4
2020-04-01,SAS,All fuel types,Pickup trucks,4030,2020,4
2020-04-01,SAS,All fuel types,Multi-purpose vehicles,4177,2020,4
2020-04-01,SAS,All fuel types,Vans,355,2020,4
2020-04-01,SAS,Gas,"Total, vehicle type",8769,2020,4
2020-04-01,SAS,Gas,Passenger cars,1080,2020,4
2020-04-01,SAS,Gas,Pickup trucks,3254,2020,4
2020-04-01,SAS,Gas,Multi-purpose vehicles,4093,2020,4
2020-04-01,SAS,Gas,Vans,342,2020,4
2020-04-01,SAS,Diesel,"Total, vehicle type",791,2020,4
2020-04-01,SAS,Diesel,Passenger cars,0,2020,4
2020-04-01,SAS,Diesel,Pickup trucks,776,2020,4
2020-04-01,SAS,Diesel,Multi-purpose vehicles,3,2020,4
2020-04-01,SAS,Diesel,Vans,12,2020,4
2020-04-01,SAS,All zero-emission vehicles,"Total, vehicle type",35,2020,4
2020-04-01,SAS,All zero-emission vehicles,Passenger cars,23,2020,4
2020-04-01,SAS,All zero-emission vehicles,Pickup trucks,0,2020,4
2020-04-01,SAS,All zero-emission vehicles,Multi-purpose vehicles,11,2020,4
2020-04-01,SAS,All zero-emission vehicles,Vans,1,2020,4
2020-04-01,SAS,Electric,"Total, vehicle type",22,2020,4
2020-04-01,SAS,Electric,Passenger cars,18,2020,4
2020-04-01,SAS,Electric,Pickup trucks,0,2020,4
2020-04-01,SAS,Electric,Multi-purpose vehicles,4,2020,4
2020-04-01,SAS,Electric,Vans,0,2020,4
2020-04-01,SAS,Hybrid Electric,"Total, vehicle type",13,2020,4
2020-04-01,SAS,Hybrid Electric,Passenger cars,5,2020,4
2020-04-01,SAS,Hybrid Electric,Pickup trucks,0,2020,4
2020-04-01,SAS,Hybrid Electric,Multi-purpose vehicles,7,2020,4
2020-04-01,SAS,Hybrid Electric,Vans,1,2020,4
2020-04-01,SAS,Hybrid Electric,"Total, vehicle type",103,2020,4
2020-04-01,SAS,Hybrid Electric,Passenger cars,33,2020,4
2020-04-01,SAS,Hybrid Electric,Pickup trucks,0,2020,4
2020-04-01,SAS,Hybrid Electric,Multi-purpose vehicles,70,2020,4
2020-04-01,SAS,Hybrid Electric,Vans,0,2020,4
2020-04-01,SAS,Other,"Total, vehicle type",0,2020,4
2020-04-01,SAS,Other,Passenger cars,0,2020,4
2020-04-01,SAS,Other,Pickup trucks,0,2020,4
2020-04-01,SAS,Other,Multi-purpose vehicles,0,2020,4
2020-04-01,SAS,Other,Vans,0,2020,4
2020-04-01,BC,All fuel types,"Total, vehicle type",36328,2020,4
2020-04-01,BC,All fuel types,Passenger cars,7884,2020,4
2020-04-01,BC,All fuel types,Pickup trucks,11009,2020,4
2020-04-01,BC,All fuel types,Multi-purpose vehicles,15644,2020,4
2020-04-01,BC,All fuel types,Vans,1791,2020,4
2020-04-01,BC,Gas,"Total, vehicle type",29488,2020,4
2020-04-01,BC,Gas,Passenger cars,5667,2020,4
2020-04-01,BC,Gas,Pickup trucks,8306,2020,4
2020-04-01,BC,Gas,Multi-purpose vehicles,13947,2020,4
2020-04-01,BC,Gas,Vans,1568,2020,4
2020-04-01,BC,Diesel,"Total, vehicle type",2952,2020,4
2020-04-01,BC,Diesel,Passenger cars,2,2020,4
2020-04-01,BC,Diesel,Pickup trucks,2703,2020,4
2020-04-01,BC,Diesel,Multi-purpose vehicles,50,2020,4
2020-04-01,BC,Diesel,Vans,197,2020,4
2020-04-01,BC,All zero-emission vehicles,"Total, vehicle type",2593,2020,4
2020-04-01,BC,All zero-emission vehicles,Passenger cars,1701,2020,4
2020-04-01,BC,All zero-emission vehicles,Pickup trucks,0,2020,4
2020-04-01,BC,All zero-emission vehicles,Multi-purpose vehicles,869,2020,4
2020-04-01,BC,All zero-emission vehicles,Vans,23,2020,4
2020-04-01,BC,Electric,"Total, vehicle type",2043,2020,4
2020-04-01,BC,Electric,Passenger cars,1428,2020,4
2020-04-01,BC,Electric,Pickup trucks,0,2020,4
2020-04-01,BC,Electric,Multi-purpose vehicles,615,2020,4
2020-04-01,BC,Electric,Vans,0,2020,4
2020-04-01,BC,Hybrid Electric,"Total, vehicle type",550,2020,4
2020-04-01,BC,Hybrid Electric,Passenger cars,273,2020,4
2020-04-01,BC,Hybrid Electric,Pickup trucks,0,2020,4
2020-04-01,BC,Hybrid Electric,Multi-purpose vehicles,254,2020,4
2020-04-01,BC,Hybrid Electric,Vans,23,2020,4
2020-04-01,BC,Hybrid Electric,"Total, vehicle type",1286,2020,4
2020-04-01,BC,Hybrid Electric,Passenger cars,512,2020,4
2020-04-01,BC,Hybrid Electric,Pickup trucks,0,2020,4
2020-04-01,BC,Hybrid Electric,Multi-purpose vehicles,774,2020,4
2020-04-01,BC,Hybrid Electric,Vans,0,2020,4
2020-04-01,BC,Other,"Total, vehicle type",9,2020,4
2020-04-01,BC,Other,Passenger cars,2,2020,4
2020-04-01,BC,Other,Pickup trucks,0,2020,4
2020-04-01,BC,Other,Multi-purpose vehicles,4,2020,4
2020-04-01,BC,Other,Vans,3,2020,4
2020-07-01,CAN,All fuel types,"Total, vehicle type",508642,2020,7
2020-07-01,CAN,All fuel types,Passenger cars,107340,2020,7
2020-07-01,CAN,All fuel types,Pickup trucks,115726,2020,7
2020-07-01,CAN,All fuel types,Multi-purpose vehicles,258826,2020,7
2020-07-01,CAN,All fuel types,Vans,26750,2020,7
2020-07-01,CAN,Gas,"Total, vehicle type",457057,2020,7
2020-07-01,CAN,Gas,Passenger cars,94168,2020,7
2020-07-01,CAN,Gas,Pickup trucks,98192,2020,7
2020-07-01,CAN,Gas,Multi-purpose vehicles,239641,2020,7
2020-07-01,CAN,Gas,Vans,25056,2020,7
2020-07-01,CAN,Diesel,"Total, vehicle type",19494,2020,7
2020-07-01,CAN,Diesel,Passenger cars,11,2020,7
2020-07-01,CAN,Diesel,Pickup trucks,17534,2020,7
2020-07-01,CAN,Diesel,Multi-purpose vehicles,493,2020,7
2020-07-01,CAN,Diesel,Vans,1456,2020,7
2020-07-01,CAN,All zero-emission vehicles,"Total, vehicle type",17299,2020,7
2020-07-01,CAN,All zero-emission vehicles,Passenger cars,9768,2020,7
2020-07-01,CAN,All zero-emission vehicles,Pickup trucks,0,2020,7
2020-07-01,CAN,All zero-emission vehicles,Multi-purpose vehicles,7301,2020,7
2020-07-01,CAN,All zero-emission vehicles,Vans,230,2020,7
2020-07-01,CAN,Electric,"Total, vehicle type",12601,2020,7
2020-07-01,CAN,Electric,Passenger cars,7220,2020,7
2020-07-01,CAN,Electric,Pickup trucks,0,2020,7
2020-07-01,CAN,Electric,Multi-purpose vehicles,5381,2020,7
2020-07-01,CAN,Electric,Vans,0,2020,7
2020-07-01,CAN,Hybrid Electric,"Total, vehicle type",4698,2020,7
2020-07-01,CAN,Hybrid Electric,Passenger cars,2548,2020,7
2020-07-01,CAN,Hybrid Electric,Pickup trucks,0,2020,7
2020-07-01,CAN,Hybrid Electric,Multi-purpose vehicles,1920,2020,7
2020-07-01,CAN,Hybrid Electric,Vans,230,2020,7
2020-07-01,CAN,Hybrid Electric,"Total, vehicle type",14782,2020,7
2020-07-01,CAN,Hybrid Electric,Passenger cars,3391,2020,7
2020-07-01,CAN,Hybrid Electric,Pickup trucks,0,2020,7
2020-07-01,CAN,Hybrid Electric,Multi-purpose vehicles,11391,2020,7
2020-07-01,CAN,Hybrid Electric,Vans,0,2020,7
2020-07-01,CAN,Other,"Total, vehicle type",10,2020,7
2020-07-01,CAN,Other,Passenger cars,2,2020,7
2020-07-01,CAN,Other,Pickup trucks,0,2020,7
2020-07-01,CAN,Other,Multi-purpose vehicles,0,2020,7
2020-07-01,CAN,Other,Vans,8,2020,7
2020-07-01,PEI,All fuel types,"Total, vehicle type",2485,2020,7
2020-07-01,PEI,All fuel types,Passenger cars,504,2020,7
2020-07-01,PEI,All fuel types,Pickup trucks,611,2020,7
2020-07-01,PEI,All fuel types,Multi-purpose vehicles,1284,2020,7
2020-07-01,PEI,All fuel types,Vans,86,2020,7
2020-07-01,PEI,Gas,"Total, vehicle type",2323,2020,7
2020-07-01,PEI,Gas,Passenger cars,473,2020,7
2020-07-01,PEI,Gas,Pickup trucks,528,2020,7
2020-07-01,PEI,Gas,Multi-purpose vehicles,1237,2020,7
2020-07-01,PEI,Gas,Vans,85,2020,7
2020-07-01,PEI,Diesel,"Total, vehicle type",84,2020,7
2020-07-01,PEI,Diesel,Passenger cars,0,2020,7
2020-07-01,PEI,Diesel,Pickup trucks,83,2020,7
2020-07-01,PEI,Diesel,Multi-purpose vehicles,0,2020,7
2020-07-01,PEI,Diesel,Vans,1,2020,7
2020-07-01,PEI,All zero-emission vehicles,"Total, vehicle type",27,2020,7
2020-07-01,PEI,All zero-emission vehicles,Passenger cars,17,2020,7
2020-07-01,PEI,All zero-emission vehicles,Pickup trucks,0,2020,7
2020-07-01,PEI,All zero-emission vehicles,Multi-purpose vehicles,10,2020,7
2020-07-01,PEI,All zero-emission vehicles,Vans,0,2020,7
2020-07-01,PEI,Electric,"Total, vehicle type",19,2020,7
2020-07-01,PEI,Electric,Passenger cars,12,2020,7
2020-07-01,PEI,Electric,Pickup trucks,0,2020,7
2020-07-01,PEI,Electric,Multi-purpose vehicles,7,2020,7
2020-07-01,PEI,Electric,Vans,0,2020,7
2020-07-01,PEI,Hybrid Electric,"Total, vehicle type",8,2020,7
2020-07-01,PEI,Hybrid Electric,Passenger cars,5,2020,7
2020-07-01,PEI,Hybrid Electric,Pickup trucks,0,2020,7
2020-07-01,PEI,Hybrid Electric,Multi-purpose vehicles,3,2020,7
2020-07-01,PEI,Hybrid Electric,Vans,0,2020,7
2020-07-01,PEI,Hybrid Electric,"Total, vehicle type",51,2020,7
2020-07-01,PEI,Hybrid Electric,Passenger cars,14,2020,7
2020-07-01,PEI,Hybrid Electric,Pickup trucks,0,2020,7
2020-07-01,PEI,Hybrid Electric,Multi-purpose vehicles,37,2020,7
2020-07-01,PEI,Hybrid Electric,Vans,0,2020,7
2020-07-01,PEI,Other,"Total, vehicle type",0,2020,7
2020-07-01,PEI,Other,Passenger cars,0,2020,7
2020-07-01,PEI,Other,Pickup trucks,0,2020,7
2020-07-01,PEI,Other,Multi-purpose vehicles,0,2020,7
2020-07-01,PEI,Other,Vans,0,2020,7
2020-07-01,NB,All fuel types,"Total, vehicle type",11431,2020,7
2020-07-01,NB,All fuel types,Passenger cars,2205,2020,7
2020-07-01,NB,All fuel types,Pickup trucks,3093,2020,7
2020-07-01,NB,All fuel types,Multi-purpose vehicles,5747,2020,7
2020-07-01,NB,All fuel types,Vans,386,2020,7
2020-07-01,NB,Gas,"Total, vehicle type",10810,2020,7
2020-07-01,NB,Gas,Passenger cars,2121,2020,7
2020-07-01,NB,Gas,Pickup trucks,2826,2020,7
2020-07-01,NB,Gas,Multi-purpose vehicles,5482,2020,7
2020-07-01,NB,Gas,Vans,381,2020,7
2020-07-01,NB,Diesel,"Total, vehicle type",276,2020,7
2020-07-01,NB,Diesel,Passenger cars,0,2020,7
2020-07-01,NB,Diesel,Pickup trucks,267,2020,7
2020-07-01,NB,Diesel,Multi-purpose vehicles,4,2020,7
2020-07-01,NB,Diesel,Vans,5,2020,7
2020-07-01,NB,All zero-emission vehicles,"Total, vehicle type",66,2020,7
2020-07-01,NB,All zero-emission vehicles,Passenger cars,32,2020,7
2020-07-01,NB,All zero-emission vehicles,Pickup trucks,0,2020,7
2020-07-01,NB,All zero-emission vehicles,Multi-purpose vehicles,34,2020,7
2020-07-01,NB,All zero-emission vehicles,Vans,0,2020,7
2020-07-01,NB,Electric,"Total, vehicle type",42,2020,7
2020-07-01,NB,Electric,Passenger cars,21,2020,7
2020-07-01,NB,Electric,Pickup trucks,0,2020,7
2020-07-01,NB,Electric,Multi-purpose vehicles,21,2020,7
2020-07-01,NB,Electric,Vans,0,2020,7
2020-07-01,NB,Hybrid Electric,"Total, vehicle type",24,2020,7
2020-07-01,NB,Hybrid Electric,Passenger cars,11,2020,7
2020-07-01,NB,Hybrid Electric,Pickup trucks,0,2020,7
2020-07-01,NB,Hybrid Electric,Multi-purpose vehicles,13,2020,7
2020-07-01,NB,Hybrid Electric,Vans,0,2020,7
2020-07-01,NB,Hybrid Electric,"Total, vehicle type",279,2020,7
2020-07-01,NB,Hybrid Electric,Passenger cars,52,2020,7
2020-07-01,NB,Hybrid Electric,Pickup trucks,0,2020,7
2020-07-01,NB,Hybrid Electric,Multi-purpose vehicles,227,2020,7
2020-07-01,NB,Hybrid Electric,Vans,0,2020,7
2020-07-01,NB,Other,"Total, vehicle type",0,2020,7
2020-07-01,NB,Other,Passenger cars,0,2020,7
2020-07-01,NB,Other,Pickup trucks,0,2020,7
2020-07-01,NB,Other,Multi-purpose vehicles,0,2020,7
2020-07-01,NB,Other,Vans,0,2020,7
2020-07-01,QUE,All fuel types,"Total, vehicle type",132680,2020,7
2020-07-01,QUE,All fuel types,Passenger cars,36457,2020,7
2020-07-01,QUE,All fuel types,Pickup trucks,20691,2020,7
2020-07-01,QUE,All fuel types,Multi-purpose vehicles,68796,2020,7
2020-07-01,QUE,All fuel types,Vans,6736,2020,7
2020-07-01,QUE,Gas,"Total, vehicle type",116826,2020,7
2020-07-01,QUE,Gas,Passenger cars,30601,2020,7
2020-07-01,QUE,Gas,Pickup trucks,17401,2020,7
2020-07-01,QUE,Gas,Multi-purpose vehicles,62638,2020,7
2020-07-01,QUE,Gas,Vans,6186,2020,7
2020-07-01,QUE,Diesel,"Total, vehicle type",3766,2020,7
2020-07-01,QUE,Diesel,Passenger cars,1,2020,7
2020-07-01,QUE,Diesel,Pickup trucks,3290,2020,7
2020-07-01,QUE,Diesel,Multi-purpose vehicles,86,2020,7
2020-07-01,QUE,Diesel,Vans,389,2020,7
2020-07-01,QUE,All zero-emission vehicles,"Total, vehicle type",8618,2020,7
2020-07-01,QUE,All zero-emission vehicles,Passenger cars,5210,2020,7
2020-07-01,QUE,All zero-emission vehicles,Pickup trucks,0,2020,7
2020-07-01,QUE,All zero-emission vehicles,Multi-purpose vehicles,3247,2020,7
2020-07-01,QUE,All zero-emission vehicles,Vans,161,2020,7
2020-07-01,QUE,Electric,"Total, vehicle type",5807,2020,7
2020-07-01,QUE,Electric,Passenger cars,3465,2020,7
2020-07-01,QUE,Electric,Pickup trucks,0,2020,7
2020-07-01,QUE,Electric,Multi-purpose vehicles,2342,2020,7
2020-07-01,QUE,Electric,Vans,0,2020,7
2020-07-01,QUE,Hybrid Electric,"Total, vehicle type",2811,2020,7
2020-07-01,QUE,Hybrid Electric,Passenger cars,1745,2020,7
2020-07-01,QUE,Hybrid Electric,Pickup trucks,0,2020,7
2020-07-01,QUE,Hybrid Electric,Multi-purpose vehicles,905,2020,7
2020-07-01,QUE,Hybrid Electric,Vans,161,2020,7
2020-07-01,QUE,Hybrid Electric,"Total, vehicle type",3470,2020,7
2020-07-01,QUE,Hybrid Electric,Passenger cars,645,2020,7
2020-07-01,QUE,Hybrid Electric,Pickup trucks,0,2020,7
2020-07-01,QUE,Hybrid Electric,Multi-purpose vehicles,2825,2020,7
2020-07-01,QUE,Hybrid Electric,Vans,0,2020,7
2020-07-01,QUE,Other,"Total, vehicle type",0,2020,7
2020-07-01,QUE,Other,Passenger cars,0,2020,7
2020-07-01,QUE,Other,Pickup trucks,0,2020,7
2020-07-01,QUE,Other,Multi-purpose vehicles,0,2020,7
2020-07-01,QUE,Other,Vans,0,2020,7
2020-07-01,ON,All fuel types,"Total, vehicle type",198406,2020,7
2020-07-01,ON,All fuel types,Passenger cars,41219,2020,7
2020-07-01,ON,All fuel types,Pickup trucks,41892,2020,7
2020-07-01,ON,All fuel types,Multi-purpose vehicles,103833,2020,7
2020-07-01,ON,All fuel types,Vans,11462,2020,7
2020-07-01,ON,Gas,"Total, vehicle type",183921,2020,7
2020-07-01,ON,Gas,Passenger cars,38176,2020,7
2020-07-01,ON,Gas,Pickup trucks,37196,2020,7
2020-07-01,ON,Gas,Multi-purpose vehicles,97720,2020,7
2020-07-01,ON,Gas,Vans,10829,2020,7
2020-07-01,ON,Diesel,"Total, vehicle type",5520,2020,7
2020-07-01,ON,Diesel,Passenger cars,1,2020,7
2020-07-01,ON,Diesel,Pickup trucks,4696,2020,7
2020-07-01,ON,Diesel,Multi-purpose vehicles,230,2020,7
2020-07-01,ON,Diesel,Vans,593,2020,7
2020-07-01,ON,All zero-emission vehicles,"Total, vehicle type",3296,2020,7
2020-07-01,ON,All zero-emission vehicles,Passenger cars,1574,2020,7
2020-07-01,ON,All zero-emission vehicles,Pickup trucks,0,2020,7
2020-07-01,ON,All zero-emission vehicles,Multi-purpose vehicles,1688,2020,7
2020-07-01,ON,All zero-emission vehicles,Vans,34,2020,7
2020-07-01,ON,Electric,"Total, vehicle type",2554,2020,7
2020-07-01,ON,Electric,Passenger cars,1258,2020,7
2020-07-01,ON,Electric,Pickup trucks,0,2020,7
2020-07-01,ON,Electric,Multi-purpose vehicles,1296,2020,7
2020-07-01,ON,Electric,Vans,0,2020,7
2020-07-01,ON,Hybrid Electric,"Total, vehicle type",742,2020,7
2020-07-01,ON,Hybrid Electric,Passenger cars,316,2020,7
2020-07-01,ON,Hybrid Electric,Pickup trucks,0,2020,7
2020-07-01,ON,Hybrid Electric,Multi-purpose vehicles,392,2020,7
2020-07-01,ON,Hybrid Electric,Vans,34,2020,7
2020-07-01,ON,Hybrid Electric,"Total, vehicle type",5663,2020,7
2020-07-01,ON,Hybrid Electric,Passenger cars,1468,2020,7
2020-07-01,ON,Hybrid Electric,Pickup trucks,0,2020,7
2020-07-01,ON,Hybrid Electric,Multi-purpose vehicles,4195,2020,7
2020-07-01,ON,Hybrid Electric,Vans,0,2020,7
2020-07-01,ON,Other,"Total, vehicle type",6,2020,7
2020-07-01,ON,Other,Passenger cars,0,2020,7
2020-07-01,ON,Other,Pickup trucks,0,2020,7
2020-07-01,ON,Other,Multi-purpose vehicles,0,2020,7
2020-07-01,ON,Other,Vans,6,2020,7
2020-07-01,MB,All fuel types,"Total, vehicle type",13919,2020,7
2020-07-01,MB,All fuel types,Passenger cars,2149,2020,7
2020-07-01,MB,All fuel types,Pickup trucks,3978,2020,7
2020-07-01,MB,All fuel types,Multi-purpose vehicles,7051,2020,7
2020-07-01,MB,All fuel types,Vans,741,2020,7
2020-07-01,MB,Gas,"Total, vehicle type",13148,2020,7
2020-07-01,MB,Gas,Passenger cars,2055,2020,7
2020-07-01,MB,Gas,Pickup trucks,3626,2020,7
2020-07-01,MB,Gas,Multi-purpose vehicles,6748,2020,7
2020-07-01,MB,Gas,Vans,719,2020,7
2020-07-01,MB,Diesel,"Total, vehicle type",375,2020,7
2020-07-01,MB,Diesel,Passenger cars,0,2020,7
2020-07-01,MB,Diesel,Pickup trucks,352,2020,7
2020-07-01,MB,Diesel,Multi-purpose vehicles,3,2020,7
2020-07-01,MB,Diesel,Vans,20,2020,7
2020-07-01,MB,All zero-emission vehicles,"Total, vehicle type",101,2020,7
2020-07-01,MB,All zero-emission vehicles,Passenger cars,52,2020,7
2020-07-01,MB,All zero-emission vehicles,Pickup trucks,0,2020,7
2020-07-01,MB,All zero-emission vehicles,Multi-purpose vehicles,47,2020,7
2020-07-01,MB,All zero-emission vehicles,Vans,2,2020,7
2020-07-01,MB,Electric,"Total, vehicle type",77,2020,7
2020-07-01,MB,Electric,Passenger cars,43,2020,7
2020-07-01,MB,Electric,Pickup trucks,0,2020,7
2020-07-01,MB,Electric,Multi-purpose vehicles,34,2020,7
2020-07-01,MB,Electric,Vans,0,2020,7
2020-07-01,MB,Hybrid Electric,"Total, vehicle type",24,2020,7
2020-07-01,MB,Hybrid Electric,Passenger cars,9,2020,7
2020-07-01,MB,Hybrid Electric,Pickup trucks,0,2020,7
2020-07-01,MB,Hybrid Electric,Multi-purpose vehicles,13,2020,7
2020-07-01,MB,Hybrid Electric,Vans,2,2020,7
2020-07-01,MB,Hybrid Electric,"Total, vehicle type",295,2020,7
2020-07-01,MB,Hybrid Electric,Passenger cars,42,2020,7
2020-07-01,MB,Hybrid Electric,Pickup trucks,0,2020,7
2020-07-01,MB,Hybrid Electric,Multi-purpose vehicles,253,2020,7
2020-07-01,MB,Hybrid Electric,Vans,0,2020,7
2020-07-01,MB,Other,"Total, vehicle type",0,2020,7
2020-07-01,MB,Other,Passenger cars,0,2020,7
2020-07-01,MB,Other,Pickup trucks,0,2020,7
2020-07-01,MB,Other,Multi-purpose vehicles,0,2020,7
2020-07-01,MB,Other,Vans,0,2020,7
2020-07-01,SAS,All fuel types,"Total, vehicle type",13962,2020,7
2020-07-01,SAS,All fuel types,Passenger cars,1391,2020,7
2020-07-01,SAS,All fuel types,Pickup trucks,5500,2020,7
2020-07-01,SAS,All fuel types,Multi-purpose vehicles,6462,2020,7
2020-07-01,SAS,All fuel types,Vans,609,2020,7
2020-07-01,SAS,Gas,"Total, vehicle type",12677,2020,7
2020-07-01,SAS,Gas,Passenger cars,1323,2020,7
2020-07-01,SAS,Gas,Pickup trucks,4531,2020,7
2020-07-01,SAS,Gas,Multi-purpose vehicles,6232,2020,7
2020-07-01,SAS,Gas,Vans,591,2020,7
2020-07-01,SAS,Diesel,"Total, vehicle type",998,2020,7
2020-07-01,SAS,Diesel,Passenger cars,1,2020,7
2020-07-01,SAS,Diesel,Pickup trucks,969,2020,7
2020-07-01,SAS,Diesel,Multi-purpose vehicles,10,2020,7
2020-07-01,SAS,Diesel,Vans,18,2020,7
2020-07-01,SAS,All zero-emission vehicles,"Total, vehicle type",76,2020,7
2020-07-01,SAS,All zero-emission vehicles,Passenger cars,32,2020,7
2020-07-01,SAS,All zero-emission vehicles,Pickup trucks,0,2020,7
2020-07-01,SAS,All zero-emission vehicles,Multi-purpose vehicles,44,2020,7
2020-07-01,SAS,All zero-emission vehicles,Vans,0,2020,7
2020-07-01,SAS,Electric,"Total, vehicle type",58,2020,7
2020-07-01,SAS,Electric,Passenger cars,24,2020,7
2020-07-01,SAS,Electric,Pickup trucks,0,2020,7
2020-07-01,SAS,Electric,Multi-purpose vehicles,34,2020,7
2020-07-01,SAS,Electric,Vans,0,2020,7
2020-07-01,SAS,Hybrid Electric,"Total, vehicle type",18,2020,7
2020-07-01,SAS,Hybrid Electric,Passenger cars,8,2020,7
2020-07-01,SAS,Hybrid Electric,Pickup trucks,0,2020,7
2020-07-01,SAS,Hybrid Electric,Multi-purpose vehicles,10,2020,7
2020-07-01,SAS,Hybrid Electric,Vans,0,2020,7
2020-07-01,SAS,Hybrid Electric,"Total, vehicle type",211,2020,7
2020-07-01,SAS,Hybrid Electric,Passenger cars,35,2020,7
2020-07-01,SAS,Hybrid Electric,Pickup trucks,0,2020,7
2020-07-01,SAS,Hybrid Electric,Multi-purpose vehicles,176,2020,7
2020-07-01,SAS,Hybrid Electric,Vans,0,2020,7
2020-07-01,SAS,Other,"Total, vehicle type",0,2020,7
2020-07-01,SAS,Other,Passenger cars,0,2020,7
2020-07-01,SAS,Other,Pickup trucks,0,2020,7
2020-07-01,SAS,Other,Multi-purpose vehicles,0,2020,7
2020-07-01,SAS,Other,Vans,0,2020,7
2020-07-01,BC,All fuel types,"Total, vehicle type",54733,2020,7
2020-07-01,BC,All fuel types,Passenger cars,11693,2020,7
2020-07-01,BC,All fuel types,Pickup trucks,13894,2020,7
2020-07-01,BC,All fuel types,Multi-purpose vehicles,26227,2020,7
2020-07-01,BC,All fuel types,Vans,2919,2020,7
2020-07-01,BC,Gas,"Total, vehicle type",43595,2020,7
2020-07-01,BC,Gas,Passenger cars,8241,2020,7
2020-07-01,BC,Gas,Pickup trucks,10756,2020,7
2020-07-01,BC,Gas,Multi-purpose vehicles,21975,2020,7
2020-07-01,BC,Gas,Vans,2623,2020,7
2020-07-01,BC,Diesel,"Total, vehicle type",3504,2020,7
2020-07-01,BC,Diesel,Passenger cars,1,2020,7
2020-07-01,BC,Diesel,Pickup trucks,3138,2020,7
2020-07-01,BC,Diesel,Multi-purpose vehicles,102,2020,7
2020-07-01,BC,Diesel,Vans,263,2020,7
2020-07-01,BC,All zero-emission vehicles,"Total, vehicle type",4517,2020,7
2020-07-01,BC,All zero-emission vehicles,Passenger cars,2618,2020,7
2020-07-01,BC,All zero-emission vehicles,Pickup trucks,0,2020,7
2020-07-01,BC,All zero-emission vehicles,Multi-purpose vehicles,1868,2020,7
2020-07-01,BC,All zero-emission vehicles,Vans,31,2020,7
2020-07-01,BC,Electric,"Total, vehicle type",3610,2020,7
2020-07-01,BC,Electric,Passenger cars,2223,2020,7
2020-07-01,BC,Electric,Pickup trucks,0,2020,7
2020-07-01,BC,Electric,Multi-purpose vehicles,1387,2020,7
2020-07-01,BC,Electric,Vans,0,2020,7
2020-07-01,BC,Hybrid Electric,"Total, vehicle type",907,2020,7
2020-07-01,BC,Hybrid Electric,Passenger cars,395,2020,7
2020-07-01,BC,Hybrid Electric,Pickup trucks,0,2020,7
2020-07-01,BC,Hybrid Electric,Multi-purpose vehicles,481,2020,7
2020-07-01,BC,Hybrid Electric,Vans,31,2020,7
2020-07-01,BC,Hybrid Electric,"Total, vehicle type",3113,2020,7
2020-07-01,BC,Hybrid Electric,Passenger cars,831,2020,7
2020-07-01,BC,Hybrid Electric,Pickup trucks,0,2020,7
2020-07-01,BC,Hybrid Electric,Multi-purpose vehicles,2282,2020,7
2020-07-01,BC,Hybrid Electric,Vans,0,2020,7
2020-07-01,BC,Other,"Total, vehicle type",4,2020,7
2020-07-01,BC,Other,Passenger cars,2,2020,7
2020-07-01,BC,Other,Pickup trucks,0,2020,7
2020-07-01,BC,Other,Multi-purpose vehicles,0,2020,7
2020-07-01,BC,Other,Vans,2,2020,7
2020-10-01,CAN,All fuel types,"Total, vehicle type",394794,2020,10
2020-10-01,CAN,All fuel types,Passenger cars,72811,2020,10
2020-10-01,CAN,All fuel types,Pickup trucks,85955,2020,10
2020-10-01,CAN,All fuel types,Multi-purpose vehicles,216145,2020,10
2020-10-01,CAN,All fuel types,Vans,19883,2020,10
2020-10-01,CAN,Gas,"Total, vehicle type",347376,2020,10
2020-10-01,CAN,Gas,Passenger cars,61170,2020,10
2020-10-01,CAN,Gas,Pickup trucks,68859,2020,10
2020-10-01,CAN,Gas,Multi-purpose vehicles,199017,2020,10
2020-10-01,CAN,Gas,Vans,18330,2020,10
2020-10-01,CAN,Diesel,"Total, vehicle type",18841,2020,10
2020-10-01,CAN,Diesel,Passenger cars,8,2020,10
2020-10-01,CAN,Diesel,Pickup trucks,17084,2020,10
2020-10-01,CAN,Diesel,Multi-purpose vehicles,438,2020,10
2020-10-01,CAN,Diesel,Vans,1311,2020,10
2020-10-01,CAN,All zero-emission vehicles,"Total, vehicle type",15928,2020,10
2020-10-01,CAN,All zero-emission vehicles,Passenger cars,8960,2020,10
2020-10-01,CAN,All zero-emission vehicles,Pickup trucks,0,2020,10
2020-10-01,CAN,All zero-emission vehicles,Multi-purpose vehicles,6735,2020,10
2020-10-01,CAN,All zero-emission vehicles,Vans,233,2020,10
2020-10-01,CAN,Electric,"Total, vehicle type",11961,2020,10
2020-10-01,CAN,Electric,Passenger cars,7039,2020,10
2020-10-01,CAN,Electric,Pickup trucks,0,2020,10
2020-10-01,CAN,Electric,Multi-purpose vehicles,4922,2020,10
2020-10-01,CAN,Electric,Vans,0,2020,10
2020-10-01,CAN,Hybrid Electric,"Total, vehicle type",3967,2020,10
2020-10-01,CAN,Hybrid Electric,Passenger cars,1921,2020,10
2020-10-01,CAN,Hybrid Electric,Pickup trucks,0,2020,10
2020-10-01,CAN,Hybrid Electric,Multi-purpose vehicles,1813,2020,10
2020-10-01,CAN,Hybrid Electric,Vans,233,2020,10
2020-10-01,CAN,Hybrid Electric,"Total, vehicle type",12624,2020,10
2020-10-01,CAN,Hybrid Electric,Passenger cars,2659,2020,10
2020-10-01,CAN,Hybrid Electric,Pickup trucks,12,2020,10
2020-10-01,CAN,Hybrid Electric,Multi-purpose vehicles,9953,2020,10
2020-10-01,CAN,Hybrid Electric,Vans,0,2020,10
2020-10-01,CAN,Other,"Total, vehicle type",25,2020,10
2020-10-01,CAN,Other,Passenger cars,14,2020,10
2020-10-01,CAN,Other,Pickup trucks,0,2020,10
2020-10-01,CAN,Other,Multi-purpose vehicles,2,2020,10
2020-10-01,CAN,Other,Vans,9,2020,10
2020-10-01,PEI,All fuel types,"Total, vehicle type",889,2020,10
2020-10-01,PEI,All fuel types,Passenger cars,134,2020,10
2020-10-01,PEI,All fuel types,Pickup trucks,215,2020,10
2020-10-01,PEI,All fuel types,Multi-purpose vehicles,504,2020,10
2020-10-01,PEI,All fuel types,Vans,36,2020,10
2020-10-01,PEI,Gas,"Total, vehicle type",815,2020,10
2020-10-01,PEI,Gas,Passenger cars,130,2020,10
2020-10-01,PEI,Gas,Pickup trucks,168,2020,10
2020-10-01,PEI,Gas,Multi-purpose vehicles,483,2020,10
2020-10-01,PEI,Gas,Vans,34,2020,10
2020-10-01,PEI,Diesel,"Total, vehicle type",49,2020,10
2020-10-01,PEI,Diesel,Passenger cars,0,2020,10
2020-10-01,PEI,Diesel,Pickup trucks,47,2020,10
2020-10-01,PEI,Diesel,Multi-purpose vehicles,0,2020,10
2020-10-01,PEI,Diesel,Vans,2,2020,10
2020-10-01,PEI,All zero-emission vehicles,"Total, vehicle type",6,2020,10
2020-10-01,PEI,All zero-emission vehicles,Passenger cars,2,2020,10
2020-10-01,PEI,All zero-emission vehicles,Pickup trucks,0,2020,10
2020-10-01,PEI,All zero-emission vehicles,Multi-purpose vehicles,4,2020,10
2020-10-01,PEI,All zero-emission vehicles,Vans,0,2020,10
2020-10-01,PEI,Electric,"Total, vehicle type",3,2020,10
2020-10-01,PEI,Electric,Passenger cars,1,2020,10
2020-10-01,PEI,Electric,Pickup trucks,0,2020,10
2020-10-01,PEI,Electric,Multi-purpose vehicles,2,2020,10
2020-10-01,PEI,Electric,Vans,0,2020,10
2020-10-01,PEI,Hybrid Electric,"Total, vehicle type",3,2020,10
2020-10-01,PEI,Hybrid Electric,Passenger cars,1,2020,10
2020-10-01,PEI,Hybrid Electric,Pickup trucks,0,2020,10
2020-10-01,PEI,Hybrid Electric,Multi-purpose vehicles,2,2020,10
2020-10-01,PEI,Hybrid Electric,Vans,0,2020,10
2020-10-01,PEI,Hybrid Electric,"Total, vehicle type",19,2020,10
2020-10-01,PEI,Hybrid Electric,Passenger cars,2,2020,10
2020-10-01,PEI,Hybrid Electric,Pickup trucks,0,2020,10
2020-10-01,PEI,Hybrid Electric,Multi-purpose vehicles,17,2020,10
2020-10-01,PEI,Hybrid Electric,Vans,0,2020,10
2020-10-01,PEI,Other,"Total, vehicle type",0,2020,10
2020-10-01,PEI,Other,Passenger cars,0,2020,10
2020-10-01,PEI,Other,Pickup trucks,0,2020,10
2020-10-01,PEI,Other,Multi-purpose vehicles,0,2020,10
2020-10-01,PEI,Other,Vans,0,2020,10
2020-10-01,NB,All fuel types,"Total, vehicle type",8830,2020,10
2020-10-01,NB,All fuel types,Passenger cars,1360,2020,10
2020-10-01,NB,All fuel types,Pickup trucks,2385,2020,10
2020-10-01,NB,All fuel types,Multi-purpose vehicles,4840,2020,10
2020-10-01,NB,All fuel types,Vans,245,2020,10
2020-10-01,NB,Gas,"Total, vehicle type",8290,2020,10
2020-10-01,NB,Gas,Passenger cars,1317,2020,10
2020-10-01,NB,Gas,Pickup trucks,2087,2020,10
2020-10-01,NB,Gas,Multi-purpose vehicles,4647,2020,10
2020-10-01,NB,Gas,Vans,239,2020,10
2020-10-01,NB,Diesel,"Total, vehicle type",309,2020,10
2020-10-01,NB,Diesel,Passenger cars,0,2020,10
2020-10-01,NB,Diesel,Pickup trucks,298,2020,10
2020-10-01,NB,Diesel,Multi-purpose vehicles,5,2020,10
2020-10-01,NB,Diesel,Vans,6,2020,10
2020-10-01,NB,All zero-emission vehicles,"Total, vehicle type",46,2020,10
2020-10-01,NB,All zero-emission vehicles,Passenger cars,10,2020,10
2020-10-01,NB,All zero-emission vehicles,Pickup trucks,0,2020,10
2020-10-01,NB,All zero-emission vehicles,Multi-purpose vehicles,36,2020,10
2020-10-01,NB,All zero-emission vehicles,Vans,0,2020,10
2020-10-01,NB,Electric,"Total, vehicle type",27,2020,10
2020-10-01,NB,Electric,Passenger cars,5,2020,10
2020-10-01,NB,Electric,Pickup trucks,0,2020,10
2020-10-01,NB,Electric,Multi-purpose vehicles,22,2020,10
2020-10-01,NB,Electric,Vans,0,2020,10
2020-10-01,NB,Hybrid Electric,"Total, vehicle type",19,2020,10
2020-10-01,NB,Hybrid Electric,Passenger cars,5,2020,10
2020-10-01,NB,Hybrid Electric,Pickup trucks,0,2020,10
2020-10-01,NB,Hybrid Electric,Multi-purpose vehicles,14,2020,10
2020-10-01,NB,Hybrid Electric,Vans,0,2020,10
2020-10-01,NB,Hybrid Electric,"Total, vehicle type",185,2020,10
2020-10-01,NB,Hybrid Electric,Passenger cars,33,2020,10
2020-10-01,NB,Hybrid Electric,Pickup trucks,0,2020,10
2020-10-01,NB,Hybrid Electric,Multi-purpose vehicles,152,2020,10
2020-10-01,NB,Hybrid Electric,Vans,0,2020,10
2020-10-01,NB,Other,"Total, vehicle type",0,2020,10
2020-10-01,NB,Other,Passenger cars,0,2020,10
2020-10-01,NB,Other,Pickup trucks,0,2020,10
2020-10-01,NB,Other,Multi-purpose vehicles,0,2020,10
2020-10-01,NB,Other,Vans,0,2020,10
2020-10-01,QUE,All fuel types,"Total, vehicle type",98128,2020,10
2020-10-01,QUE,All fuel types,Passenger cars,22395,2020,10
2020-10-01,QUE,All fuel types,Pickup trucks,15312,2020,10
2020-10-01,QUE,All fuel types,Multi-purpose vehicles,55792,2020,10
2020-10-01,QUE,All fuel types,Vans,4629,2020,10
2020-10-01,QUE,Gas,"Total, vehicle type",84724,2020,10
2020-10-01,QUE,Gas,Passenger cars,17306,2020,10
2020-10-01,QUE,Gas,Pickup trucks,12046,2020,10
2020-10-01,QUE,Gas,Multi-purpose vehicles,51249,2020,10
2020-10-01,QUE,Gas,Vans,4123,2020,10
2020-10-01,QUE,Diesel,"Total, vehicle type",3683,2020,10
2020-10-01,QUE,Diesel,Passenger cars,2,2020,10
2020-10-01,QUE,Diesel,Pickup trucks,3266,2020,10
2020-10-01,QUE,Diesel,Multi-purpose vehicles,74,2020,10
2020-10-01,QUE,Diesel,Vans,341,2020,10
2020-10-01,QUE,All zero-emission vehicles,"Total, vehicle type",7374,2020,10
2020-10-01,QUE,All zero-emission vehicles,Passenger cars,4549,2020,10
2020-10-01,QUE,All zero-emission vehicles,Pickup trucks,0,2020,10
2020-10-01,QUE,All zero-emission vehicles,Multi-purpose vehicles,2660,2020,10
2020-10-01,QUE,All zero-emission vehicles,Vans,165,2020,10
2020-10-01,QUE,Electric,"Total, vehicle type",5109,2020,10
2020-10-01,QUE,Electric,Passenger cars,3241,2020,10
2020-10-01,QUE,Electric,Pickup trucks,0,2020,10
2020-10-01,QUE,Electric,Multi-purpose vehicles,1868,2020,10
2020-10-01,QUE,Electric,Vans,0,2020,10
2020-10-01,QUE,Hybrid Electric,"Total, vehicle type",2265,2020,10
2020-10-01,QUE,Hybrid Electric,Passenger cars,1308,2020,10
2020-10-01,QUE,Hybrid Electric,Pickup trucks,0,2020,10
2020-10-01,QUE,Hybrid Electric,Multi-purpose vehicles,792,2020,10
2020-10-01,QUE,Hybrid Electric,Vans,165,2020,10
2020-10-01,QUE,Hybrid Electric,"Total, vehicle type",2346,2020,10
2020-10-01,QUE,Hybrid Electric,Passenger cars,537,2020,10
2020-10-01,QUE,Hybrid Electric,Pickup trucks,0,2020,10
2020-10-01,QUE,Hybrid Electric,Multi-purpose vehicles,1809,2020,10
2020-10-01,QUE,Hybrid Electric,Vans,0,2020,10
2020-10-01,QUE,Other,"Total, vehicle type",1,2020,10
2020-10-01,QUE,Other,Passenger cars,1,2020,10
2020-10-01,QUE,Other,Pickup trucks,0,2020,10
2020-10-01,QUE,Other,Multi-purpose vehicles,0,2020,10
2020-10-01,QUE,Other,Vans,0,2020,10
2020-10-01,ON,All fuel types,"Total, vehicle type",153907,2020,10
2020-10-01,ON,All fuel types,Passenger cars,29160,2020,10
2020-10-01,ON,All fuel types,Pickup trucks,29957,2020,10
2020-10-01,ON,All fuel types,Multi-purpose vehicles,86256,2020,10
2020-10-01,ON,All fuel types,Vans,8534,2020,10
2020-10-01,ON,Gas,"Total, vehicle type",140084,2020,10
2020-10-01,ON,Gas,Passenger cars,26386,2020,10
2020-10-01,ON,Gas,Pickup trucks,25468,2020,10
2020-10-01,ON,Gas,Multi-purpose vehicles,80260,2020,10
2020-10-01,ON,Gas,Vans,7970,2020,10
2020-10-01,ON,Diesel,"Total, vehicle type",5178,2020,10
2020-10-01,ON,Diesel,Passenger cars,1,2020,10
2020-10-01,ON,Diesel,Pickup trucks,4479,2020,10
2020-10-01,ON,Diesel,Multi-purpose vehicles,174,2020,10
2020-10-01,ON,Diesel,Vans,524,2020,10
2020-10-01,ON,All zero-emission vehicles,"Total, vehicle type",3477,2020,10
2020-10-01,ON,All zero-emission vehicles,Passenger cars,1576,2020,10
2020-10-01,ON,All zero-emission vehicles,Pickup trucks,0,2020,10
2020-10-01,ON,All zero-emission vehicles,Multi-purpose vehicles,1861,2020,10
2020-10-01,ON,All zero-emission vehicles,Vans,40,2020,10
2020-10-01,ON,Electric,"Total, vehicle type",2833,2020,10
2020-10-01,ON,Electric,Passenger cars,1357,2020,10
2020-10-01,ON,Electric,Pickup trucks,0,2020,10
2020-10-01,ON,Electric,Multi-purpose vehicles,1476,2020,10
2020-10-01,ON,Electric,Vans,0,2020,10
2020-10-01,ON,Hybrid Electric,"Total, vehicle type",644,2020,10
2020-10-01,ON,Hybrid Electric,Passenger cars,219,2020,10
2020-10-01,ON,Hybrid Electric,Pickup trucks,0,2020,10
2020-10-01,ON,Hybrid Electric,Multi-purpose vehicles,385,2020,10
2020-10-01,ON,Hybrid Electric,Vans,40,2020,10
2020-10-01,ON,Hybrid Electric,"Total, vehicle type",5167,2020,10
2020-10-01,ON,Hybrid Electric,Passenger cars,1196,2020,10
2020-10-01,ON,Hybrid Electric,Pickup trucks,10,2020,10
2020-10-01,ON,Hybrid Electric,Multi-purpose vehicles,3961,2020,10
2020-10-01,ON,Hybrid Electric,Vans,0,2020,10
2020-10-01,ON,Other,"Total, vehicle type",1,2020,10
2020-10-01,ON,Other,Passenger cars,1,2020,10
2020-10-01,ON,Other,Pickup trucks,0,2020,10
2020-10-01,ON,Other,Multi-purpose vehicles,0,2020,10
2020-10-01,ON,Other,Vans,0,2020,10
2020-10-01,MB,All fuel types,"Total, vehicle type",11526,2020,10
2020-10-01,MB,All fuel types,Passenger cars,1508,2020,10
2020-10-01,MB,All fuel types,Pickup trucks,3392,2020,10
2020-10-01,MB,All fuel types,Multi-purpose vehicles,6089,2020,10
2020-10-01,MB,All fuel types,Vans,537,2020,10
2020-10-01,MB,Gas,"Total, vehicle type",10692,2020,10
2020-10-01,MB,Gas,Passenger cars,1415,2020,10
2020-10-01,MB,Gas,Pickup trucks,2967,2020,10
2020-10-01,MB,Gas,Multi-purpose vehicles,5789,2020,10
2020-10-01,MB,Gas,Vans,521,2020,10
2020-10-01,MB,Diesel,"Total, vehicle type",439,2020,10
2020-10-01,MB,Diesel,Passenger cars,0,2020,10
2020-10-01,MB,Diesel,Pickup trucks,425,2020,10
2020-10-01,MB,Diesel,Multi-purpose vehicles,0,2020,10
2020-10-01,MB,Diesel,Vans,14,2020,10
2020-10-01,MB,All zero-emission vehicles,"Total, vehicle type",81,2020,10
2020-10-01,MB,All zero-emission vehicles,Passenger cars,40,2020,10
2020-10-01,MB,All zero-emission vehicles,Pickup trucks,0,2020,10
2020-10-01,MB,All zero-emission vehicles,Multi-purpose vehicles,39,2020,10
2020-10-01,MB,All zero-emission vehicles,Vans,2,2020,10
2020-10-01,MB,Electric,"Total, vehicle type",52,2020,10
2020-10-01,MB,Electric,Passenger cars,29,2020,10
2020-10-01,MB,Electric,Pickup trucks,0,2020,10
2020-10-01,MB,Electric,Multi-purpose vehicles,23,2020,10
2020-10-01,MB,Electric,Vans,0,2020,10
2020-10-01,MB,Hybrid Electric,"Total, vehicle type",29,2020,10
2020-10-01,MB,Hybrid Electric,Passenger cars,11,2020,10
2020-10-01,MB,Hybrid Electric,Pickup trucks,0,2020,10
2020-10-01,MB,Hybrid Electric,Multi-purpose vehicles,16,2020,10
2020-10-01,MB,Hybrid Electric,Vans,2,2020,10
2020-10-01,MB,Hybrid Electric,"Total, vehicle type",314,2020,10
2020-10-01,MB,Hybrid Electric,Passenger cars,53,2020,10
2020-10-01,MB,Hybrid Electric,Pickup trucks,0,2020,10
2020-10-01,MB,Hybrid Electric,Multi-purpose vehicles,261,2020,10
2020-10-01,MB,Hybrid Electric,Vans,0,2020,10
2020-10-01,MB,Other,"Total, vehicle type",0,2020,10
2020-10-01,MB,Other,Passenger cars,0,2020,10
2020-10-01,MB,Other,Pickup trucks,0,2020,10
2020-10-01,MB,Other,Multi-purpose vehicles,0,2020,10
2020-10-01,MB,Other,Vans,0,2020,10
2020-10-01,SAS,All fuel types,"Total, vehicle type",10742,2020,10
2020-10-01,SAS,All fuel types,Passenger cars,848,2020,10
2020-10-01,SAS,All fuel types,Pickup trucks,4251,2020,10
2020-10-01,SAS,All fuel types,Multi-purpose vehicles,5199,2020,10
2020-10-01,SAS,All fuel types,Vans,444,2020,10
2020-10-01,SAS,Gas,"Total, vehicle type",9458,2020,10
2020-10-01,SAS,Gas,Passenger cars,804,2020,10
2020-10-01,SAS,Gas,Pickup trucks,3197,2020,10
2020-10-01,SAS,Gas,Multi-purpose vehicles,5024,2020,10
2020-10-01,SAS,Gas,Vans,433,2020,10
2020-10-01,SAS,Diesel,"Total, vehicle type",1069,2020,10
2020-10-01,SAS,Diesel,Passenger cars,0,2020,10
2020-10-01,SAS,Diesel,Pickup trucks,1054,2020,10
2020-10-01,SAS,Diesel,Multi-purpose vehicles,4,2020,10
2020-10-01,SAS,Diesel,Vans,11,2020,10
2020-10-01,SAS,All zero-emission vehicles,"Total, vehicle type",41,2020,10
2020-10-01,SAS,All zero-emission vehicles,Passenger cars,18,2020,10
2020-10-01,SAS,All zero-emission vehicles,Pickup trucks,0,2020,10
2020-10-01,SAS,All zero-emission vehicles,Multi-purpose vehicles,23,2020,10
2020-10-01,SAS,All zero-emission vehicles,Vans,0,2020,10
2020-10-01,SAS,Electric,"Total, vehicle type",23,2020,10
2020-10-01,SAS,Electric,Passenger cars,11,2020,10
2020-10-01,SAS,Electric,Pickup trucks,0,2020,10
2020-10-01,SAS,Electric,Multi-purpose vehicles,12,2020,10
2020-10-01,SAS,Electric,Vans,0,2020,10
2020-10-01,SAS,Hybrid Electric,"Total, vehicle type",18,2020,10
2020-10-01,SAS,Hybrid Electric,Passenger cars,7,2020,10
2020-10-01,SAS,Hybrid Electric,Pickup trucks,0,2020,10
2020-10-01,SAS,Hybrid Electric,Multi-purpose vehicles,11,2020,10
2020-10-01,SAS,Hybrid Electric,Vans,0,2020,10
2020-10-01,SAS,Hybrid Electric,"Total, vehicle type",174,2020,10
2020-10-01,SAS,Hybrid Electric,Passenger cars,26,2020,10
2020-10-01,SAS,Hybrid Electric,Pickup trucks,0,2020,10
2020-10-01,SAS,Hybrid Electric,Multi-purpose vehicles,148,2020,10
2020-10-01,SAS,Hybrid Electric,Vans,0,2020,10
2020-10-01,SAS,Other,"Total, vehicle type",0,2020,10
2020-10-01,SAS,Other,Passenger cars,0,2020,10
2020-10-01,SAS,Other,Pickup trucks,0,2020,10
2020-10-01,SAS,Other,Multi-purpose vehicles,0,2020,10
2020-10-01,SAS,Other,Vans,0,2020,10
2020-10-01,BC,All fuel types,"Total, vehicle type",49508,2020,10
2020-10-01,BC,All fuel types,Passenger cars,9811,2020,10
2020-10-01,BC,All fuel types,Pickup trucks,11232,2020,10
2020-10-01,BC,All fuel types,Multi-purpose vehicles,25676,2020,10
2020-10-01,BC,All fuel types,Vans,2789,2020,10
2020-10-01,BC,Gas,"Total, vehicle type",38795,2020,10
2020-10-01,BC,Gas,Passenger cars,6667,2020,10
2020-10-01,BC,Gas,Pickup trucks,8115,2020,10
2020-10-01,BC,Gas,Multi-purpose vehicles,21495,2020,10
2020-10-01,BC,Gas,Vans,2518,2020,10
2020-10-01,BC,Diesel,"Total, vehicle type",3489,2020,10
2020-10-01,BC,Diesel,Passenger cars,0,2020,10
2020-10-01,BC,Diesel,Pickup trucks,3117,2020,10
2020-10-01,BC,Diesel,Multi-purpose vehicles,122,2020,10
2020-10-01,BC,Diesel,Vans,250,2020,10
2020-10-01,BC,All zero-emission vehicles,"Total, vehicle type",4396,2020,10
2020-10-01,BC,All zero-emission vehicles,Passenger cars,2559,2020,10
2020-10-01,BC,All zero-emission vehicles,Pickup trucks,0,2020,10
2020-10-01,BC,All zero-emission vehicles,Multi-purpose vehicles,1816,2020,10
2020-10-01,BC,All zero-emission vehicles,Vans,21,2020,10
2020-10-01,BC,Electric,"Total, vehicle type",3539,2020,10
2020-10-01,BC,Electric,Passenger cars,2233,2020,10
2020-10-01,BC,Electric,Pickup trucks,0,2020,10
2020-10-01,BC,Electric,Multi-purpose vehicles,1306,2020,10
2020-10-01,BC,Electric,Vans,0,2020,10
2020-10-01,BC,Hybrid Electric,"Total, vehicle type",857,2020,10
2020-10-01,BC,Hybrid Electric,Passenger cars,326,2020,10
2020-10-01,BC,Hybrid Electric,Pickup trucks,0,2020,10
2020-10-01,BC,Hybrid Electric,Multi-purpose vehicles,510,2020,10
2020-10-01,BC,Hybrid Electric,Vans,21,2020,10
2020-10-01,BC,Hybrid Electric,"Total, vehicle type",2814,2020,10
2020-10-01,BC,Hybrid Electric,Passenger cars,573,2020,10
2020-10-01,BC,Hybrid Electric,Pickup trucks,0,2020,10
2020-10-01,BC,Hybrid Electric,Multi-purpose vehicles,2241,2020,10
2020-10-01,BC,Hybrid Electric,Vans,0,2020,10
2020-10-01,BC,Other,"Total, vehicle type",14,2020,10
2020-10-01,BC,Other,Passenger cars,12,2020,10
2020-10-01,BC,Other,Pickup trucks,0,2020,10
2020-10-01,BC,Other,Multi-purpose vehicles,2,2020,10
2020-10-01,BC,Other,Vans,0,2020,10
2021-01-01,CAN,All fuel types,"Total, vehicle type",375826,2021,1
2021-01-01,CAN,All fuel types,Passenger cars,63440,2021,1
2021-01-01,CAN,All fuel types,Pickup trucks,90471,2021,1
2021-01-01,CAN,All fuel types,Multi-purpose vehicles,203757,2021,1
2021-01-01,CAN,All fuel types,Vans,18158,2021,1
2021-01-01,CAN,Gas,"Total, vehicle type",326146,2021,1
2021-01-01,CAN,Gas,Passenger cars,53122,2021,1
2021-01-01,CAN,Gas,Pickup trucks,73215,2021,1
2021-01-01,CAN,Gas,Multi-purpose vehicles,185053,2021,1
2021-01-01,CAN,Gas,Vans,14756,2021,1
2021-01-01,CAN,Diesel,"Total, vehicle type",18112,2021,1
2021-01-01,CAN,Diesel,Passenger cars,0,2021,1
2021-01-01,CAN,Diesel,Pickup trucks,16156,2021,1
2021-01-01,CAN,Diesel,Multi-purpose vehicles,523,2021,1
2021-01-01,CAN,Diesel,Vans,1433,2021,1
2021-01-01,CAN,All zero-emission vehicles,"Total, vehicle type",17285,2021,1
2021-01-01,CAN,All zero-emission vehicles,Passenger cars,7191,2021,1
2021-01-01,CAN,All zero-emission vehicles,Pickup trucks,0,2021,1
2021-01-01,CAN,All zero-emission vehicles,Multi-purpose vehicles,9806,2021,1
2021-01-01,CAN,All zero-emission vehicles,Vans,288,2021,1
2021-01-01,CAN,Electric,"Total, vehicle type",12693,2021,1
2021-01-01,CAN,Electric,Passenger cars,5840,2021,1
2021-01-01,CAN,Electric,Pickup trucks,0,2021,1
2021-01-01,CAN,Electric,Multi-purpose vehicles,6853,2021,1
2021-01-01,CAN,Electric,Vans,0,2021,1
2021-01-01,CAN,Hybrid Electric,"Total, vehicle type",4592,2021,1
2021-01-01,CAN,Hybrid Electric,Passenger cars,1351,2021,1
2021-01-01,CAN,Hybrid Electric,Pickup trucks,0,2021,1
2021-01-01,CAN,Hybrid Electric,Multi-purpose vehicles,2953,2021,1
2021-01-01,CAN,Hybrid Electric,Vans,288,2021,1
2021-01-01,CAN,Hybrid Electric,"Total, vehicle type",14278,2021,1
2021-01-01,CAN,Hybrid Electric,Passenger cars,3126,2021,1
2021-01-01,CAN,Hybrid Electric,Pickup trucks,1100,2021,1
2021-01-01,CAN,Hybrid Electric,Multi-purpose vehicles,8375,2021,1
2021-01-01,CAN,Hybrid Electric,Vans,1677,2021,1
2021-01-01,CAN,Other,"Total, vehicle type",5,2021,1
2021-01-01,CAN,Other,Passenger cars,1,2021,1
2021-01-01,CAN,Other,Pickup trucks,0,2021,1
2021-01-01,CAN,Other,Multi-purpose vehicles,0,2021,1
2021-01-01,CAN,Other,Vans,4,2021,1
2021-01-01,PEI,All fuel types,"Total, vehicle type",1759,2021,1
2021-01-01,PEI,All fuel types,Passenger cars,284,2021,1
2021-01-01,PEI,All fuel types,Pickup trucks,453,2021,1
2021-01-01,PEI,All fuel types,Multi-purpose vehicles,953,2021,1
2021-01-01,PEI,All fuel types,Vans,69,2021,1
2021-01-01,PEI,Gas,"Total, vehicle type",1609,2021,1
2021-01-01,PEI,Gas,Passenger cars,266,2021,1
2021-01-01,PEI,Gas,Pickup trucks,380,2021,1
2021-01-01,PEI,Gas,Multi-purpose vehicles,900,2021,1
2021-01-01,PEI,Gas,Vans,63,2021,1
2021-01-01,PEI,Diesel,"Total, vehicle type",69,2021,1
2021-01-01,PEI,Diesel,Passenger cars,0,2021,1
2021-01-01,PEI,Diesel,Pickup trucks,68,2021,1
2021-01-01,PEI,Diesel,Multi-purpose vehicles,1,2021,1
2021-01-01,PEI,Diesel,Vans,0,2021,1
2021-01-01,PEI,All zero-emission vehicles,"Total, vehicle type",21,2021,1
2021-01-01,PEI,All zero-emission vehicles,Passenger cars,8,2021,1
2021-01-01,PEI,All zero-emission vehicles,Pickup trucks,0,2021,1
2021-01-01,PEI,All zero-emission vehicles,Multi-purpose vehicles,12,2021,1
2021-01-01,PEI,All zero-emission vehicles,Vans,1,2021,1
2021-01-01,PEI,Electric,"Total, vehicle type",12,2021,1
2021-01-01,PEI,Electric,Passenger cars,6,2021,1
2021-01-01,PEI,Electric,Pickup trucks,0,2021,1
2021-01-01,PEI,Electric,Multi-purpose vehicles,6,2021,1
2021-01-01,PEI,Electric,Vans,0,2021,1
2021-01-01,PEI,Hybrid Electric,"Total, vehicle type",9,2021,1
2021-01-01,PEI,Hybrid Electric,Passenger cars,2,2021,1
2021-01-01,PEI,Hybrid Electric,Pickup trucks,0,2021,1
2021-01-01,PEI,Hybrid Electric,Multi-purpose vehicles,6,2021,1
2021-01-01,PEI,Hybrid Electric,Vans,1,2021,1
2021-01-01,PEI,Hybrid Electric,"Total, vehicle type",60,2021,1
2021-01-01,PEI,Hybrid Electric,Passenger cars,10,2021,1
2021-01-01,PEI,Hybrid Electric,Pickup trucks,5,2021,1
2021-01-01,PEI,Hybrid Electric,Multi-purpose vehicles,40,2021,1
2021-01-01,PEI,Hybrid Electric,Vans,5,2021,1
2021-01-01,PEI,Other,"Total, vehicle type",0,2021,1
2021-01-01,PEI,Other,Passenger cars,0,2021,1
2021-01-01,PEI,Other,Pickup trucks,0,2021,1
2021-01-01,PEI,Other,Multi-purpose vehicles,0,2021,1
2021-01-01,PEI,Other,Vans,0,2021,1
2021-01-01,NB,All fuel types,"Total, vehicle type",8105,2021,1
2021-01-01,NB,All fuel types,Passenger cars,1303,2021,1
2021-01-01,NB,All fuel types,Pickup trucks,2034,2021,1
2021-01-01,NB,All fuel types,Multi-purpose vehicles,4546,2021,1
2021-01-01,NB,All fuel types,Vans,222,2021,1
2021-01-01,NB,Gas,"Total, vehicle type",7521,2021,1
2021-01-01,NB,Gas,Passenger cars,1223,2021,1
2021-01-01,NB,Gas,Pickup trucks,1730,2021,1
2021-01-01,NB,Gas,Multi-purpose vehicles,4372,2021,1
2021-01-01,NB,Gas,Vans,196,2021,1
2021-01-01,NB,Diesel,"Total, vehicle type",281,2021,1
2021-01-01,NB,Diesel,Passenger cars,0,2021,1
2021-01-01,NB,Diesel,Pickup trucks,274,2021,1
2021-01-01,NB,Diesel,Multi-purpose vehicles,4,2021,1
2021-01-01,NB,Diesel,Vans,3,2021,1
2021-01-01,NB,All zero-emission vehicles,"Total, vehicle type",67,2021,1
2021-01-01,NB,All zero-emission vehicles,Passenger cars,26,2021,1
2021-01-01,NB,All zero-emission vehicles,Pickup trucks,0,2021,1
2021-01-01,NB,All zero-emission vehicles,Multi-purpose vehicles,40,2021,1
2021-01-01,NB,All zero-emission vehicles,Vans,1,2021,1
2021-01-01,NB,Electric,"Total, vehicle type",37,2021,1
2021-01-01,NB,Electric,Passenger cars,19,2021,1
2021-01-01,NB,Electric,Pickup trucks,0,2021,1
2021-01-01,NB,Electric,Multi-purpose vehicles,18,2021,1
2021-01-01,NB,Electric,Vans,0,2021,1
2021-01-01,NB,Hybrid Electric,"Total, vehicle type",30,2021,1
2021-01-01,NB,Hybrid Electric,Passenger cars,7,2021,1
2021-01-01,NB,Hybrid Electric,Pickup trucks,0,2021,1
2021-01-01,NB,Hybrid Electric,Multi-purpose vehicles,22,2021,1
2021-01-01,NB,Hybrid Electric,Vans,1,2021,1
2021-01-01,NB,Hybrid Electric,"Total, vehicle type",236,2021,1
2021-01-01,NB,Hybrid Electric,Passenger cars,54,2021,1
2021-01-01,NB,Hybrid Electric,Pickup trucks,30,2021,1
2021-01-01,NB,Hybrid Electric,Multi-purpose vehicles,130,2021,1
2021-01-01,NB,Hybrid Electric,Vans,22,2021,1
2021-01-01,NB,Other,"Total, vehicle type",0,2021,1
2021-01-01,NB,Other,Passenger cars,0,2021,1
2021-01-01,NB,Other,Pickup trucks,0,2021,1
2021-01-01,NB,Other,Multi-purpose vehicles,0,2021,1
2021-01-01,NB,Other,Vans,0,2021,1
2021-01-01,QUE,All fuel types,"Total, vehicle type",85486,2021,1
2021-01-01,QUE,All fuel types,Passenger cars,17100,2021,1
2021-01-01,QUE,All fuel types,Pickup trucks,16696,2021,1
2021-01-01,QUE,All fuel types,Multi-purpose vehicles,47922,2021,1
2021-01-01,QUE,All fuel types,Vans,3768,2021,1
2021-01-01,QUE,Gas,"Total, vehicle type",72272,2021,1
2021-01-01,QUE,Gas,Passenger cars,13350,2021,1
2021-01-01,QUE,Gas,Pickup trucks,13373,2021,1
2021-01-01,QUE,Gas,Multi-purpose vehicles,42719,2021,1
2021-01-01,QUE,Gas,Vans,2830,2021,1
2021-01-01,QUE,Diesel,"Total, vehicle type",3651,2021,1
2021-01-01,QUE,Diesel,Passenger cars,0,2021,1
2021-01-01,QUE,Diesel,Pickup trucks,3116,2021,1
2021-01-01,QUE,Diesel,Multi-purpose vehicles,61,2021,1
2021-01-01,QUE,Diesel,Vans,474,2021,1
2021-01-01,QUE,All zero-emission vehicles,"Total, vehicle type",6901,2021,1
2021-01-01,QUE,All zero-emission vehicles,Passenger cars,3172,2021,1
2021-01-01,QUE,All zero-emission vehicles,Pickup trucks,0,2021,1
2021-01-01,QUE,All zero-emission vehicles,Multi-purpose vehicles,3606,2021,1
2021-01-01,QUE,All zero-emission vehicles,Vans,123,2021,1
2021-01-01,QUE,Electric,"Total, vehicle type",4708,2021,1
2021-01-01,QUE,Electric,Passenger cars,2414,2021,1
2021-01-01,QUE,Electric,Pickup trucks,0,2021,1
2021-01-01,QUE,Electric,Multi-purpose vehicles,2294,2021,1
2021-01-01,QUE,Electric,Vans,0,2021,1
2021-01-01,QUE,Hybrid Electric,"Total, vehicle type",2193,2021,1
2021-01-01,QUE,Hybrid Electric,Passenger cars,758,2021,1
2021-01-01,QUE,Hybrid Electric,Pickup trucks,0,2021,1
2021-01-01,QUE,Hybrid Electric,Multi-purpose vehicles,1312,2021,1
2021-01-01,QUE,Hybrid Electric,Vans,123,2021,1
2021-01-01,QUE,Hybrid Electric,"Total, vehicle type",2661,2021,1
2021-01-01,QUE,Hybrid Electric,Passenger cars,577,2021,1
2021-01-01,QUE,Hybrid Electric,Pickup trucks,207,2021,1
2021-01-01,QUE,Hybrid Electric,Multi-purpose vehicles,1536,2021,1
2021-01-01,QUE,Hybrid Electric,Vans,341,2021,1
2021-01-01,QUE,Other,"Total, vehicle type",1,2021,1
2021-01-01,QUE,Other,Passenger cars,1,2021,1
2021-01-01,QUE,Other,Pickup trucks,0,2021,1
2021-01-01,QUE,Other,Multi-purpose vehicles,0,2021,1
2021-01-01,QUE,Other,Vans,0,2021,1
2021-01-01,ON,All fuel types,"Total, vehicle type",141788,2021,1
2021-01-01,ON,All fuel types,Passenger cars,24678,2021,1
2021-01-01,ON,All fuel types,Pickup trucks,31358,2021,1
2021-01-01,ON,All fuel types,Multi-purpose vehicles,77953,2021,1
2021-01-01,ON,All fuel types,Vans,7799,2021,1
2021-01-01,ON,Gas,"Total, vehicle type",127636,2021,1
2021-01-01,ON,Gas,Passenger cars,22230,2021,1
2021-01-01,ON,Gas,Pickup trucks,26718,2021,1
2021-01-01,ON,Gas,Multi-purpose vehicles,72356,2021,1
2021-01-01,ON,Gas,Vans,6332,2021,1
2021-01-01,ON,Diesel,"Total, vehicle type",4973,2021,1
2021-01-01,ON,Diesel,Passenger cars,0,2021,1
2021-01-01,ON,Diesel,Pickup trucks,4172,2021,1
2021-01-01,ON,Diesel,Multi-purpose vehicles,215,2021,1
2021-01-01,ON,Diesel,Vans,586,2021,1
2021-01-01,ON,All zero-emission vehicles,"Total, vehicle type",3329,2021,1
2021-01-01,ON,All zero-emission vehicles,Passenger cars,1171,2021,1
2021-01-01,ON,All zero-emission vehicles,Pickup trucks,0,2021,1
2021-01-01,ON,All zero-emission vehicles,Multi-purpose vehicles,2091,2021,1
2021-01-01,ON,All zero-emission vehicles,Vans,67,2021,1
2021-01-01,ON,Electric,"Total, vehicle type",2568,2021,1
2021-01-01,ON,Electric,Passenger cars,989,2021,1
2021-01-01,ON,Electric,Pickup trucks,0,2021,1
2021-01-01,ON,Electric,Multi-purpose vehicles,1579,2021,1
2021-01-01,ON,Electric,Vans,0,2021,1
2021-01-01,ON,Hybrid Electric,"Total, vehicle type",761,2021,1
2021-01-01,ON,Hybrid Electric,Passenger cars,182,2021,1
2021-01-01,ON,Hybrid Electric,Pickup trucks,0,2021,1
2021-01-01,ON,Hybrid Electric,Multi-purpose vehicles,512,2021,1
2021-01-01,ON,Hybrid Electric,Vans,67,2021,1
2021-01-01,ON,Hybrid Electric,"Total, vehicle type",5850,2021,1
2021-01-01,ON,Hybrid Electric,Passenger cars,1277,2021,1
2021-01-01,ON,Hybrid Electric,Pickup trucks,468,2021,1
2021-01-01,ON,Hybrid Electric,Multi-purpose vehicles,3291,2021,1
2021-01-01,ON,Hybrid Electric,Vans,814,2021,1
2021-01-01,ON,Other,"Total, vehicle type",0,2021,1
2021-01-01,ON,Other,Passenger cars,0,2021,1
2021-01-01,ON,Other,Pickup trucks,0,2021,1
2021-01-01,ON,Other,Multi-purpose vehicles,0,2021,1
2021-01-01,ON,Other,Vans,0,2021,1
2021-01-01,MB,All fuel types,"Total, vehicle type",11697,2021,1
2021-01-01,MB,All fuel types,Passenger cars,1638,2021,1
2021-01-01,MB,All fuel types,Pickup trucks,3276,2021,1
2021-01-01,MB,All fuel types,Multi-purpose vehicles,6102,2021,1
2021-01-01,MB,All fuel types,Vans,681,2021,1
2021-01-01,MB,Gas,"Total, vehicle type",10867,2021,1
2021-01-01,MB,Gas,Passenger cars,1537,2021,1
2021-01-01,MB,Gas,Pickup trucks,2865,2021,1
2021-01-01,MB,Gas,Multi-purpose vehicles,5833,2021,1
2021-01-01,MB,Gas,Vans,632,2021,1
2021-01-01,MB,Diesel,"Total, vehicle type",399,2021,1
2021-01-01,MB,Diesel,Passenger cars,0,2021,1
2021-01-01,MB,Diesel,Pickup trucks,387,2021,1
2021-01-01,MB,Diesel,Multi-purpose vehicles,4,2021,1
2021-01-01,MB,Diesel,Vans,8,2021,1
2021-01-01,MB,All zero-emission vehicles,"Total, vehicle type",99,2021,1
2021-01-01,MB,All zero-emission vehicles,Passenger cars,39,2021,1
2021-01-01,MB,All zero-emission vehicles,Pickup trucks,0,2021,1
2021-01-01,MB,All zero-emission vehicles,Multi-purpose vehicles,59,2021,1
2021-01-01,MB,All zero-emission vehicles,Vans,1,2021,1
2021-01-01,MB,Electric,"Total, vehicle type",53,2021,1
2021-01-01,MB,Electric,Passenger cars,29,2021,1
2021-01-01,MB,Electric,Pickup trucks,0,2021,1
2021-01-01,MB,Electric,Multi-purpose vehicles,24,2021,1
2021-01-01,MB,Electric,Vans,0,2021,1
2021-01-01,MB,Hybrid Electric,"Total, vehicle type",46,2021,1
2021-01-01,MB,Hybrid Electric,Passenger cars,10,2021,1
2021-01-01,MB,Hybrid Electric,Pickup trucks,0,2021,1
2021-01-01,MB,Hybrid Electric,Multi-purpose vehicles,35,2021,1
2021-01-01,MB,Hybrid Electric,Vans,1,2021,1
2021-01-01,MB,Hybrid Electric,"Total, vehicle type",332,2021,1
2021-01-01,MB,Hybrid Electric,Passenger cars,62,2021,1
2021-01-01,MB,Hybrid Electric,Pickup trucks,24,2021,1
2021-01-01,MB,Hybrid Electric,Multi-purpose vehicles,206,2021,1
2021-01-01,MB,Hybrid Electric,Vans,40,2021,1
2021-01-01,MB,Other,"Total, vehicle type",0,2021,1
2021-01-01,MB,Other,Passenger cars,0,2021,1
2021-01-01,MB,Other,Pickup trucks,0,2021,1
2021-01-01,MB,Other,Multi-purpose vehicles,0,2021,1
2021-01-01,MB,Other,Vans,0,2021,1
2021-01-01,SAS,All fuel types,"Total, vehicle type",11506,2021,1
2021-01-01,SAS,All fuel types,Passenger cars,1127,2021,1
2021-01-01,SAS,All fuel types,Pickup trucks,4274,2021,1
2021-01-01,SAS,All fuel types,Multi-purpose vehicles,5647,2021,1
2021-01-01,SAS,All fuel types,Vans,458,2021,1
2021-01-01,SAS,Gas,"Total, vehicle type",10159,2021,1
2021-01-01,SAS,Gas,Passenger cars,1049,2021,1
2021-01-01,SAS,Gas,Pickup trucks,3282,2021,1
2021-01-01,SAS,Gas,Multi-purpose vehicles,5397,2021,1
2021-01-01,SAS,Gas,Vans,431,2021,1
2021-01-01,SAS,Diesel,"Total, vehicle type",982,2021,1
2021-01-01,SAS,Diesel,Passenger cars,0,2021,1
2021-01-01,SAS,Diesel,Pickup trucks,961,2021,1
2021-01-01,SAS,Diesel,Multi-purpose vehicles,17,2021,1
2021-01-01,SAS,Diesel,Vans,4,2021,1
2021-01-01,SAS,All zero-emission vehicles,"Total, vehicle type",104,2021,1
2021-01-01,SAS,All zero-emission vehicles,Passenger cars,39,2021,1
2021-01-01,SAS,All zero-emission vehicles,Pickup trucks,0,2021,1
2021-01-01,SAS,All zero-emission vehicles,Multi-purpose vehicles,62,2021,1
2021-01-01,SAS,All zero-emission vehicles,Vans,3,2021,1
2021-01-01,SAS,Electric,"Total, vehicle type",70,2021,1
2021-01-01,SAS,Electric,Passenger cars,31,2021,1
2021-01-01,SAS,Electric,Pickup trucks,0,2021,1
2021-01-01,SAS,Electric,Multi-purpose vehicles,39,2021,1
2021-01-01,SAS,Electric,Vans,0,2021,1
2021-01-01,SAS,Hybrid Electric,"Total, vehicle type",34,2021,1
2021-01-01,SAS,Hybrid Electric,Passenger cars,8,2021,1
2021-01-01,SAS,Hybrid Electric,Pickup trucks,0,2021,1
2021-01-01,SAS,Hybrid Electric,Multi-purpose vehicles,23,2021,1
2021-01-01,SAS,Hybrid Electric,Vans,3,2021,1
2021-01-01,SAS,Hybrid Electric,"Total, vehicle type",261,2021,1
2021-01-01,SAS,Hybrid Electric,Passenger cars,39,2021,1
2021-01-01,SAS,Hybrid Electric,Pickup trucks,31,2021,1
2021-01-01,SAS,Hybrid Electric,Multi-purpose vehicles,171,2021,1
2021-01-01,SAS,Hybrid Electric,Vans,20,2021,1
2021-01-01,SAS,Other,"Total, vehicle type",0,2021,1
2021-01-01,SAS,Other,Passenger cars,0,2021,1
2021-01-01,SAS,Other,Pickup trucks,0,2021,1
2021-01-01,SAS,Other,Multi-purpose vehicles,0,2021,1
2021-01-01,SAS,Other,Vans,0,2021,1
2021-01-01,BC,All fuel types,"Total, vehicle type",50973,2021,1
2021-01-01,BC,All fuel types,Passenger cars,9989,2021,1
2021-01-01,BC,All fuel types,Pickup trucks,11135,2021,1
2021-01-01,BC,All fuel types,Multi-purpose vehicles,27375,2021,1
2021-01-01,BC,All fuel types,Vans,2474,2021,1
2021-01-01,BC,Gas,"Total, vehicle type",38656,2021,1
2021-01-01,BC,Gas,Passenger cars,6680,2021,1
2021-01-01,BC,Gas,Pickup trucks,8129,2021,1
2021-01-01,BC,Gas,Multi-purpose vehicles,21950,2021,1
2021-01-01,BC,Gas,Vans,1897,2021,1
2021-01-01,BC,Diesel,"Total, vehicle type",3271,2021,1
2021-01-01,BC,Diesel,Passenger cars,0,2021,1
2021-01-01,BC,Diesel,Pickup trucks,2892,2021,1
2021-01-01,BC,Diesel,Multi-purpose vehicles,129,2021,1
2021-01-01,BC,Diesel,Vans,250,2021,1
2021-01-01,BC,All zero-emission vehicles,"Total, vehicle type",6119,2021,1
2021-01-01,BC,All zero-emission vehicles,Passenger cars,2517,2021,1
2021-01-01,BC,All zero-emission vehicles,Pickup trucks,0,2021,1
2021-01-01,BC,All zero-emission vehicles,Multi-purpose vehicles,3517,2021,1
2021-01-01,BC,All zero-emission vehicles,Vans,85,2021,1
2021-01-01,BC,Electric,"Total, vehicle type",4826,2021,1
2021-01-01,BC,Electric,Passenger cars,2194,2021,1
2021-01-01,BC,Electric,Pickup trucks,0,2021,1
2021-01-01,BC,Electric,Multi-purpose vehicles,2632,2021,1
2021-01-01,BC,Electric,Vans,0,2021,1
2021-01-01,BC,Hybrid Electric,"Total, vehicle type",1293,2021,1
2021-01-01,BC,Hybrid Electric,Passenger cars,323,2021,1
2021-01-01,BC,Hybrid Electric,Pickup trucks,0,2021,1
2021-01-01,BC,Hybrid Electric,Multi-purpose vehicles,885,2021,1
2021-01-01,BC,Hybrid Electric,Vans,85,2021,1
2021-01-01,BC,Hybrid Electric,"Total, vehicle type",2927,2021,1
2021-01-01,BC,Hybrid Electric,Passenger cars,792,2021,1
2021-01-01,BC,Hybrid Electric,Pickup trucks,114,2021,1
2021-01-01,BC,Hybrid Electric,Multi-purpose vehicles,1779,2021,1
2021-01-01,BC,Hybrid Electric,Vans,242,2021,1
2021-01-01,BC,Other,"Total, vehicle type",0,2021,1
2021-01-01,BC,Other,Passenger cars,0,2021,1
2021-01-01,BC,Other,Pickup trucks,0,2021,1
2021-01-01,BC,Other,Multi-purpose vehicles,0,2021,1
2021-01-01,BC,Other,Vans,0,2021,1
2021-04-01,CAN,All fuel types,"Total, vehicle type",486592,2021,4
2021-04-01,CAN,All fuel types,Passenger cars,102115,2021,4
2021-04-01,CAN,All fuel types,Pickup trucks,92701,2021,4
2021-04-01,CAN,All fuel types,Multi-purpose vehicles,271492,2021,4
2021-04-01,CAN,All fuel types,Vans,20284,2021,4
2021-04-01,CAN,Gas,"Total, vehicle type",416441,2021,4
2021-04-01,CAN,Gas,Passenger cars,86472,2021,4
2021-04-01,CAN,Gas,Pickup trucks,73009,2021,4
2021-04-01,CAN,Gas,Multi-purpose vehicles,241019,2021,4
2021-04-01,CAN,Gas,Vans,15941,2021,4
2021-04-01,CAN,Diesel,"Total, vehicle type",20057,2021,4
2021-04-01,CAN,Diesel,Passenger cars,1,2021,4
2021-04-01,CAN,Diesel,Pickup trucks,18217,2021,4
2021-04-01,CAN,Diesel,Multi-purpose vehicles,963,2021,4
2021-04-01,CAN,Diesel,Vans,876,2021,4
2021-04-01,CAN,All zero-emission vehicles,"Total, vehicle type",24006,2021,4
2021-04-01,CAN,All zero-emission vehicles,Passenger cars,10142,2021,4
2021-04-01,CAN,All zero-emission vehicles,Pickup trucks,1,2021,4
2021-04-01,CAN,All zero-emission vehicles,Multi-purpose vehicles,13518,2021,4
2021-04-01,CAN,All zero-emission vehicles,Vans,345,2021,4
2021-04-01,CAN,Electric,"Total, vehicle type",16167,2021,4
2021-04-01,CAN,Electric,Passenger cars,7755,2021,4
2021-04-01,CAN,Electric,Pickup trucks,0,2021,4
2021-04-01,CAN,Electric,Multi-purpose vehicles,8412,2021,4
2021-04-01,CAN,Electric,Vans,0,2021,4
2021-04-01,CAN,Hybrid Electric,"Total, vehicle type",7839,2021,4
2021-04-01,CAN,Hybrid Electric,Passenger cars,2387,2021,4
2021-04-01,CAN,Hybrid Electric,Pickup trucks,1,2021,4
2021-04-01,CAN,Hybrid Electric,Multi-purpose vehicles,5106,2021,4
2021-04-01,CAN,Hybrid Electric,Vans,345,2021,4
2021-04-01,CAN,Hybrid Electric,"Total, vehicle type",26088,2021,4
2021-04-01,CAN,Hybrid Electric,Passenger cars,5500,2021,4
2021-04-01,CAN,Hybrid Electric,Pickup trucks,1474,2021,4
2021-04-01,CAN,Hybrid Electric,Multi-purpose vehicles,15992,2021,4
2021-04-01,CAN,Hybrid Electric,Vans,3122,2021,4
2021-04-01,CAN,Other,"Total, vehicle type",0,2021,4
2021-04-01,CAN,Other,Passenger cars,0,2021,4
2021-04-01,CAN,Other,Pickup trucks,0,2021,4
2021-04-01,CAN,Other,Multi-purpose vehicles,0,2021,4
2021-04-01,CAN,Other,Vans,0,2021,4
2021-04-01,PEI,All fuel types,"Total, vehicle type",2644,2021,4
2021-04-01,PEI,All fuel types,Passenger cars,475,2021,4
2021-04-01,PEI,All fuel types,Pickup trucks,686,2021,4
2021-04-01,PEI,All fuel types,Multi-purpose vehicles,1376,2021,4
2021-04-01,PEI,All fuel types,Vans,107,2021,4
2021-04-01,PEI,Gas,"Total, vehicle type",2431,2021,4
2021-04-01,PEI,Gas,Passenger cars,445,2021,4
2021-04-01,PEI,Gas,Pickup trucks,586,2021,4
2021-04-01,PEI,Gas,Multi-purpose vehicles,1293,2021,4
2021-04-01,PEI,Gas,Vans,107,2021,4
2021-04-01,PEI,Diesel,"Total, vehicle type",100,2021,4
2021-04-01,PEI,Diesel,Passenger cars,0,2021,4
2021-04-01,PEI,Diesel,Pickup trucks,100,2021,4
2021-04-01,PEI,Diesel,Multi-purpose vehicles,0,2021,4
2021-04-01,PEI,Diesel,Vans,0,2021,4
2021-04-01,PEI,All zero-emission vehicles,"Total, vehicle type",21,2021,4
2021-04-01,PEI,All zero-emission vehicles,Passenger cars,21,2021,4
2021-04-01,PEI,All zero-emission vehicles,Pickup trucks,0,2021,4
2021-04-01,PEI,All zero-emission vehicles,Multi-purpose vehicles,0,2021,4
2021-04-01,PEI,All zero-emission vehicles,Vans,0,2021,4
2021-04-01,PEI,Electric,"Total, vehicle type",2,2021,4
2021-04-01,PEI,Electric,Passenger cars,2,2021,4
2021-04-01,PEI,Electric,Pickup trucks,0,2021,4
2021-04-01,PEI,Electric,Multi-purpose vehicles,0,2021,4
2021-04-01,PEI,Electric,Vans,0,2021,4
2021-04-01,PEI,Hybrid Electric,"Total, vehicle type",19,2021,4
2021-04-01,PEI,Hybrid Electric,Passenger cars,19,2021,4
2021-04-01,PEI,Hybrid Electric,Pickup trucks,0,2021,4
2021-04-01,PEI,Hybrid Electric,Multi-purpose vehicles,0,2021,4
2021-04-01,PEI,Hybrid Electric,Vans,0,2021,4
2021-04-01,PEI,Hybrid Electric,"Total, vehicle type",92,2021,4
2021-04-01,PEI,Hybrid Electric,Passenger cars,9,2021,4
2021-04-01,PEI,Hybrid Electric,Pickup trucks,0,2021,4
2021-04-01,PEI,Hybrid Electric,Multi-purpose vehicles,83,2021,4
2021-04-01,PEI,Hybrid Electric,Vans,0,2021,4
2021-04-01,PEI,Other,"Total, vehicle type",0,2021,4
2021-04-01,PEI,Other,Passenger cars,0,2021,4
2021-04-01,PEI,Other,Pickup trucks,0,2021,4
2021-04-01,PEI,Other,Multi-purpose vehicles,0,2021,4
2021-04-01,PEI,Other,Vans,0,2021,4
2021-04-01,NB,All fuel types,"Total, vehicle type",11172,2021,4
2021-04-01,NB,All fuel types,Passenger cars,2112,2021,4
2021-04-01,NB,All fuel types,Pickup trucks,2508,2021,4
2021-04-01,NB,All fuel types,Multi-purpose vehicles,6296,2021,4
2021-04-01,NB,All fuel types,Vans,256,2021,4
2021-04-01,NB,Gas,"Total, vehicle type",10213,2021,4
2021-04-01,NB,Gas,Passenger cars,1976,2021,4
2021-04-01,NB,Gas,Pickup trucks,2137,2021,4
2021-04-01,NB,Gas,Multi-purpose vehicles,5883,2021,4
2021-04-01,NB,Gas,Vans,217,2021,4
2021-04-01,NB,Diesel,"Total, vehicle type",327,2021,4
2021-04-01,NB,Diesel,Passenger cars,0,2021,4
2021-04-01,NB,Diesel,Pickup trucks,320,2021,4
2021-04-01,NB,Diesel,Multi-purpose vehicles,1,2021,4
2021-04-01,NB,Diesel,Vans,6,2021,4
2021-04-01,NB,All zero-emission vehicles,"Total, vehicle type",117,2021,4
2021-04-01,NB,All zero-emission vehicles,Passenger cars,39,2021,4
2021-04-01,NB,All zero-emission vehicles,Pickup trucks,0,2021,4
2021-04-01,NB,All zero-emission vehicles,Multi-purpose vehicles,77,2021,4
2021-04-01,NB,All zero-emission vehicles,Vans,1,2021,4
2021-04-01,NB,Electric,"Total, vehicle type",48,2021,4
2021-04-01,NB,Electric,Passenger cars,20,2021,4
2021-04-01,NB,Electric,Pickup trucks,0,2021,4
2021-04-01,NB,Electric,Multi-purpose vehicles,28,2021,4
2021-04-01,NB,Electric,Vans,0,2021,4
2021-04-01,NB,Hybrid Electric,"Total, vehicle type",69,2021,4
2021-04-01,NB,Hybrid Electric,Passenger cars,19,2021,4
2021-04-01,NB,Hybrid Electric,Pickup trucks,0,2021,4
2021-04-01,NB,Hybrid Electric,Multi-purpose vehicles,49,2021,4
2021-04-01,NB,Hybrid Electric,Vans,1,2021,4
2021-04-01,NB,Hybrid Electric,"Total, vehicle type",515,2021,4
2021-04-01,NB,Hybrid Electric,Passenger cars,97,2021,4
2021-04-01,NB,Hybrid Electric,Pickup trucks,51,2021,4
2021-04-01,NB,Hybrid Electric,Multi-purpose vehicles,335,2021,4
2021-04-01,NB,Hybrid Electric,Vans,32,2021,4
2021-04-01,NB,Other,"Total, vehicle type",0,2021,4
2021-04-01,NB,Other,Passenger cars,0,2021,4
2021-04-01,NB,Other,Pickup trucks,0,2021,4
2021-04-01,NB,Other,Multi-purpose vehicles,0,2021,4
2021-04-01,NB,Other,Vans,0,2021,4
2021-04-01,QUE,All fuel types,"Total, vehicle type",131084,2021,4
2021-04-01,QUE,All fuel types,Passenger cars,32038,2021,4
2021-04-01,QUE,All fuel types,Pickup trucks,18301,2021,4
2021-04-01,QUE,All fuel types,Multi-purpose vehicles,75473,2021,4
2021-04-01,QUE,All fuel types,Vans,5272,2021,4
2021-04-01,QUE,Gas,"Total, vehicle type",109717,2021,4
2021-04-01,QUE,Gas,Passenger cars,25658,2021,4
2021-04-01,QUE,Gas,Pickup trucks,14156,2021,4
2021-04-01,QUE,Gas,Multi-purpose vehicles,65787,2021,4
2021-04-01,QUE,Gas,Vans,4116,2021,4
2021-04-01,QUE,Diesel,"Total, vehicle type",4320,2021,4
2021-04-01,QUE,Diesel,Passenger cars,0,2021,4
2021-04-01,QUE,Diesel,Pickup trucks,3878,2021,4
2021-04-01,QUE,Diesel,Multi-purpose vehicles,138,2021,4
2021-04-01,QUE,Diesel,Vans,304,2021,4
2021-04-01,QUE,All zero-emission vehicles,"Total, vehicle type",11784,2021,4
2021-04-01,QUE,All zero-emission vehicles,Passenger cars,5187,2021,4
2021-04-01,QUE,All zero-emission vehicles,Pickup trucks,0,2021,4
2021-04-01,QUE,All zero-emission vehicles,Multi-purpose vehicles,6386,2021,4
2021-04-01,QUE,All zero-emission vehicles,Vans,211,2021,4
2021-04-01,QUE,Electric,"Total, vehicle type",7429,2021,4
2021-04-01,QUE,Electric,Passenger cars,3624,2021,4
2021-04-01,QUE,Electric,Pickup trucks,0,2021,4
2021-04-01,QUE,Electric,Multi-purpose vehicles,3805,2021,4
2021-04-01,QUE,Electric,Vans,0,2021,4
2021-04-01,QUE,Hybrid Electric,"Total, vehicle type",4355,2021,4
2021-04-01,QUE,Hybrid Electric,Passenger cars,1563,2021,4
2021-04-01,QUE,Hybrid Electric,Pickup trucks,0,2021,4
2021-04-01,QUE,Hybrid Electric,Multi-purpose vehicles,2581,2021,4
2021-04-01,QUE,Hybrid Electric,Vans,211,2021,4
2021-04-01,QUE,Hybrid Electric,"Total, vehicle type",5263,2021,4
2021-04-01,QUE,Hybrid Electric,Passenger cars,1193,2021,4
2021-04-01,QUE,Hybrid Electric,Pickup trucks,267,2021,4
2021-04-01,QUE,Hybrid Electric,Multi-purpose vehicles,3162,2021,4
2021-04-01,QUE,Hybrid Electric,Vans,641,2021,4
2021-04-01,QUE,Other,"Total, vehicle type",0,2021,4
2021-04-01,QUE,Other,Passenger cars,0,2021,4
2021-04-01,QUE,Other,Pickup trucks,0,2021,4
2021-04-01,QUE,Other,Multi-purpose vehicles,0,2021,4
2021-04-01,QUE,Other,Vans,0,2021,4
2021-04-01,ON,All fuel types,"Total, vehicle type",180118,2021,4
2021-04-01,ON,All fuel types,Passenger cars,38742,2021,4
2021-04-01,ON,All fuel types,Pickup trucks,30651,2021,4
2021-04-01,ON,All fuel types,Multi-purpose vehicles,102427,2021,4
2021-04-01,ON,All fuel types,Vans,8298,2021,4
2021-04-01,ON,Gas,"Total, vehicle type",158589,2021,4
2021-04-01,ON,Gas,Passenger cars,34676,2021,4
2021-04-01,ON,Gas,Pickup trucks,25458,2021,4
2021-04-01,ON,Gas,Multi-purpose vehicles,92162,2021,4
2021-04-01,ON,Gas,Vans,6293,2021,4
2021-04-01,ON,Diesel,"Total, vehicle type",5355,2021,4
2021-04-01,ON,Diesel,Passenger cars,1,2021,4
2021-04-01,ON,Diesel,Pickup trucks,4647,2021,4
2021-04-01,ON,Diesel,Multi-purpose vehicles,366,2021,4
2021-04-01,ON,Diesel,Vans,341,2021,4
2021-04-01,ON,All zero-emission vehicles,"Total, vehicle type",5096,2021,4
2021-04-01,ON,All zero-emission vehicles,Passenger cars,1915,2021,4
2021-04-01,ON,All zero-emission vehicles,Pickup trucks,0,2021,4
2021-04-01,ON,All zero-emission vehicles,Multi-purpose vehicles,3125,2021,4
2021-04-01,ON,All zero-emission vehicles,Vans,56,2021,4
2021-04-01,ON,Electric,"Total, vehicle type",3710,2021,4
2021-04-01,ON,Electric,Passenger cars,1648,2021,4
2021-04-01,ON,Electric,Pickup trucks,0,2021,4
2021-04-01,ON,Electric,Multi-purpose vehicles,2062,2021,4
2021-04-01,ON,Electric,Vans,0,2021,4
2021-04-01,ON,Hybrid Electric,"Total, vehicle type",1386,2021,4
2021-04-01,ON,Hybrid Electric,Passenger cars,267,2021,4
2021-04-01,ON,Hybrid Electric,Pickup trucks,0,2021,4
2021-04-01,ON,Hybrid Electric,Multi-purpose vehicles,1063,2021,4
2021-04-01,ON,Hybrid Electric,Vans,56,2021,4
2021-04-01,ON,Hybrid Electric,"Total, vehicle type",11078,2021,4
2021-04-01,ON,Hybrid Electric,Passenger cars,2150,2021,4
2021-04-01,ON,Hybrid Electric,Pickup trucks,546,2021,4
2021-04-01,ON,Hybrid Electric,Multi-purpose vehicles,6774,2021,4
2021-04-01,ON,Hybrid Electric,Vans,1608,2021,4
2021-04-01,ON,Other,"Total, vehicle type",0,2021,4
2021-04-01,ON,Other,Passenger cars,0,2021,4
2021-04-01,ON,Other,Pickup trucks,0,2021,4
2021-04-01,ON,Other,Multi-purpose vehicles,0,2021,4
2021-04-01,ON,Other,Vans,0,2021,4
2021-04-01,MB,All fuel types,"Total, vehicle type",12984,2021,4
2021-04-01,MB,All fuel types,Passenger cars,2091,2021,4
2021-04-01,MB,All fuel types,Pickup trucks,3354,2021,4
2021-04-01,MB,All fuel types,Multi-purpose vehicles,6954,2021,4
2021-04-01,MB,All fuel types,Vans,585,2021,4
2021-04-01,MB,Gas,"Total, vehicle type",11785,2021,4
2021-04-01,MB,Gas,Passenger cars,1950,2021,4
2021-04-01,MB,Gas,Pickup trucks,2913,2021,4
2021-04-01,MB,Gas,Multi-purpose vehicles,6438,2021,4
2021-04-01,MB,Gas,Vans,484,2021,4
2021-04-01,MB,Diesel,"Total, vehicle type",447,2021,4
2021-04-01,MB,Diesel,Passenger cars,0,2021,4
2021-04-01,MB,Diesel,Pickup trucks,406,2021,4
2021-04-01,MB,Diesel,Multi-purpose vehicles,14,2021,4
2021-04-01,MB,Diesel,Vans,27,2021,4
2021-04-01,MB,All zero-emission vehicles,"Total, vehicle type",154,2021,4
2021-04-01,MB,All zero-emission vehicles,Passenger cars,41,2021,4
2021-04-01,MB,All zero-emission vehicles,Pickup trucks,0,2021,4
2021-04-01,MB,All zero-emission vehicles,Multi-purpose vehicles,110,2021,4
2021-04-01,MB,All zero-emission vehicles,Vans,3,2021,4
2021-04-01,MB,Electric,"Total, vehicle type",89,2021,4
2021-04-01,MB,Electric,Passenger cars,32,2021,4
2021-04-01,MB,Electric,Pickup trucks,0,2021,4
2021-04-01,MB,Electric,Multi-purpose vehicles,57,2021,4
2021-04-01,MB,Electric,Vans,0,2021,4
2021-04-01,MB,Hybrid Electric,"Total, vehicle type",65,2021,4
2021-04-01,MB,Hybrid Electric,Passenger cars,9,2021,4
2021-04-01,MB,Hybrid Electric,Pickup trucks,0,2021,4
2021-04-01,MB,Hybrid Electric,Multi-purpose vehicles,53,2021,4
2021-04-01,MB,Hybrid Electric,Vans,3,2021,4
2021-04-01,MB,Hybrid Electric,"Total, vehicle type",598,2021,4
2021-04-01,MB,Hybrid Electric,Passenger cars,100,2021,4
2021-04-01,MB,Hybrid Electric,Pickup trucks,35,2021,4
2021-04-01,MB,Hybrid Electric,Multi-purpose vehicles,392,2021,4
2021-04-01,MB,Hybrid Electric,Vans,71,2021,4
2021-04-01,MB,Other,"Total, vehicle type",0,2021,4
2021-04-01,MB,Other,Passenger cars,0,2021,4
2021-04-01,MB,Other,Pickup trucks,0,2021,4
2021-04-01,MB,Other,Multi-purpose vehicles,0,2021,4
2021-04-01,MB,Other,Vans,0,2021,4
2021-04-01,SAS,All fuel types,"Total, vehicle type",12660,2021,4
2021-04-01,SAS,All fuel types,Passenger cars,1462,2021,4
2021-04-01,SAS,All fuel types,Pickup trucks,4299,2021,4
2021-04-01,SAS,All fuel types,Multi-purpose vehicles,6495,2021,4
2021-04-01,SAS,All fuel types,Vans,404,2021,4
2021-04-01,SAS,Gas,"Total, vehicle type",10996,2021,4
2021-04-01,SAS,Gas,Passenger cars,1340,2021,4
2021-04-01,SAS,Gas,Pickup trucks,3222,2021,4
2021-04-01,SAS,Gas,Multi-purpose vehicles,6082,2021,4
2021-04-01,SAS,Gas,Vans,352,2021,4
2021-04-01,SAS,Diesel,"Total, vehicle type",1073,2021,4
2021-04-01,SAS,Diesel,Passenger cars,0,2021,4
2021-04-01,SAS,Diesel,Pickup trucks,1012,2021,4
2021-04-01,SAS,Diesel,Multi-purpose vehicles,57,2021,4
2021-04-01,SAS,Diesel,Vans,4,2021,4
2021-04-01,SAS,All zero-emission vehicles,"Total, vehicle type",100,2021,4
2021-04-01,SAS,All zero-emission vehicles,Passenger cars,47,2021,4
2021-04-01,SAS,All zero-emission vehicles,Pickup trucks,0,2021,4
2021-04-01,SAS,All zero-emission vehicles,Multi-purpose vehicles,50,2021,4
2021-04-01,SAS,All zero-emission vehicles,Vans,3,2021,4
2021-04-01,SAS,Electric,"Total, vehicle type",62,2021,4
2021-04-01,SAS,Electric,Passenger cars,35,2021,4
2021-04-01,SAS,Electric,Pickup trucks,0,2021,4
2021-04-01,SAS,Electric,Multi-purpose vehicles,27,2021,4
2021-04-01,SAS,Electric,Vans,0,2021,4
2021-04-01,SAS,Hybrid Electric,"Total, vehicle type",38,2021,4
2021-04-01,SAS,Hybrid Electric,Passenger cars,12,2021,4
2021-04-01,SAS,Hybrid Electric,Pickup trucks,0,2021,4
2021-04-01,SAS,Hybrid Electric,Multi-purpose vehicles,23,2021,4
2021-04-01,SAS,Hybrid Electric,Vans,3,2021,4
2021-04-01,SAS,Hybrid Electric,"Total, vehicle type",491,2021,4
2021-04-01,SAS,Hybrid Electric,Passenger cars,75,2021,4
2021-04-01,SAS,Hybrid Electric,Pickup trucks,65,2021,4
2021-04-01,SAS,Hybrid Electric,Multi-purpose vehicles,306,2021,4
2021-04-01,SAS,Hybrid Electric,Vans,45,2021,4
2021-04-01,SAS,Other,"Total, vehicle type",0,2021,4
2021-04-01,SAS,Other,Passenger cars,0,2021,4
2021-04-01,SAS,Other,Pickup trucks,0,2021,4
2021-04-01,SAS,Other,Multi-purpose vehicles,0,2021,4
2021-04-01,SAS,Other,Vans,0,2021,4
2021-04-01,BC,All fuel types,"Total, vehicle type",59034,2021,4
2021-04-01,BC,All fuel types,Passenger cars,13421,2021,4
2021-04-01,BC,All fuel types,Pickup trucks,12045,2021,4
2021-04-01,BC,All fuel types,Multi-purpose vehicles,30929,2021,4
2021-04-01,BC,All fuel types,Vans,2639,2021,4
2021-04-01,BC,Gas,"Total, vehicle type",45221,2021,4
2021-04-01,BC,Gas,Passenger cars,9487,2021,4
2021-04-01,BC,Gas,Pickup trucks,8693,2021,4
2021-04-01,BC,Gas,Multi-purpose vehicles,24910,2021,4
2021-04-01,BC,Gas,Vans,2131,2021,4
2021-04-01,BC,Diesel,"Total, vehicle type",3523,2021,4
2021-04-01,BC,Diesel,Passenger cars,0,2021,4
2021-04-01,BC,Diesel,Pickup trucks,3220,2021,4
2021-04-01,BC,Diesel,Multi-purpose vehicles,210,2021,4
2021-04-01,BC,Diesel,Vans,93,2021,4
2021-04-01,BC,All zero-emission vehicles,"Total, vehicle type",5756,2021,4
2021-04-01,BC,All zero-emission vehicles,Passenger cars,2557,2021,4
2021-04-01,BC,All zero-emission vehicles,Pickup trucks,0,2021,4
2021-04-01,BC,All zero-emission vehicles,Multi-purpose vehicles,3139,2021,4
2021-04-01,BC,All zero-emission vehicles,Vans,60,2021,4
2021-04-01,BC,Electric,"Total, vehicle type",4223,2021,4
2021-04-01,BC,Electric,Passenger cars,2146,2021,4
2021-04-01,BC,Electric,Pickup trucks,0,2021,4
2021-04-01,BC,Electric,Multi-purpose vehicles,2077,2021,4
2021-04-01,BC,Electric,Vans,0,2021,4
2021-04-01,BC,Hybrid Electric,"Total, vehicle type",1533,2021,4
2021-04-01,BC,Hybrid Electric,Passenger cars,411,2021,4
2021-04-01,BC,Hybrid Electric,Pickup trucks,0,2021,4
2021-04-01,BC,Hybrid Electric,Multi-purpose vehicles,1062,2021,4
2021-04-01,BC,Hybrid Electric,Vans,60,2021,4
2021-04-01,BC,Hybrid Electric,"Total, vehicle type",4534,2021,4
2021-04-01,BC,Hybrid Electric,Passenger cars,1377,2021,4
2021-04-01,BC,Hybrid Electric,Pickup trucks,132,2021,4
2021-04-01,BC,Hybrid Electric,Multi-purpose vehicles,2670,2021,4
2021-04-01,BC,Hybrid Electric,Vans,355,2021,4
2021-04-01,BC,Other,"Total, vehicle type",0,2021,4
2021-04-01,BC,Other,Passenger cars,0,2021,4
2021-04-01,BC,Other,Pickup trucks,0,2021,4
2021-04-01,BC,Other,Multi-purpose vehicles,0,2021,4
2021-04-01,BC,Other,Vans,0,2021,4
2021-07-01,CAN,All fuel types,"Total, vehicle type",446620,2021,7
2021-07-01,CAN,All fuel types,Passenger cars,96632,2021,7
2021-07-01,CAN,All fuel types,Pickup trucks,78363,2021,7
2021-07-01,CAN,All fuel types,Multi-purpose vehicles,253247,2021,7
2021-07-01,CAN,All fuel types,Vans,18378,2021,7
2021-07-01,CAN,Gas,"Total, vehicle type",384338,2021,7
2021-07-01,CAN,Gas,Passenger cars,79884,2021,7
2021-07-01,CAN,Gas,Pickup trucks,64483,2021,7
2021-07-01,CAN,Gas,Multi-purpose vehicles,226785,2021,7
2021-07-01,CAN,Gas,Vans,13186,2021,7
2021-07-01,CAN,Diesel,"Total, vehicle type",14411,2021,7
2021-07-01,CAN,Diesel,Passenger cars,0,2021,7
2021-07-01,CAN,Diesel,Pickup trucks,11982,2021,7
2021-07-01,CAN,Diesel,Multi-purpose vehicles,991,2021,7
2021-07-01,CAN,Diesel,Vans,1438,2021,7
2021-07-01,CAN,All zero-emission vehicles,"Total, vehicle type",23962,2021,7
2021-07-01,CAN,All zero-emission vehicles,Passenger cars,10939,2021,7
2021-07-01,CAN,All zero-emission vehicles,Pickup trucks,0,2021,7
2021-07-01,CAN,All zero-emission vehicles,Multi-purpose vehicles,12571,2021,7
2021-07-01,CAN,All zero-emission vehicles,Vans,452,2021,7
2021-07-01,CAN,Electric,"Total, vehicle type",15845,2021,7
2021-07-01,CAN,Electric,Passenger cars,8005,2021,7
2021-07-01,CAN,Electric,Pickup trucks,0,2021,7
2021-07-01,CAN,Electric,Multi-purpose vehicles,7840,2021,7
2021-07-01,CAN,Electric,Vans,0,2021,7
2021-07-01,CAN,Hybrid Electric,"Total, vehicle type",8117,2021,7
2021-07-01,CAN,Hybrid Electric,Passenger cars,2934,2021,7
2021-07-01,CAN,Hybrid Electric,Pickup trucks,0,2021,7
2021-07-01,CAN,Hybrid Electric,Multi-purpose vehicles,4731,2021,7
2021-07-01,CAN,Hybrid Electric,Vans,452,2021,7
2021-07-01,CAN,Hybrid Electric,"Total, vehicle type",23909,2021,7
2021-07-01,CAN,Hybrid Electric,Passenger cars,5809,2021,7
2021-07-01,CAN,Hybrid Electric,Pickup trucks,1898,2021,7
2021-07-01,CAN,Hybrid Electric,Multi-purpose vehicles,12900,2021,7
2021-07-01,CAN,Hybrid Electric,Vans,3302,2021,7
2021-07-01,CAN,Other,"Total, vehicle type",0,2021,7
2021-07-01,CAN,Other,Passenger cars,0,2021,7
2021-07-01,CAN,Other,Pickup trucks,0,2021,7
2021-07-01,CAN,Other,Multi-purpose vehicles,0,2021,7
2021-07-01,CAN,Other,Vans,0,2021,7
2021-07-01,PEI,All fuel types,"Total, vehicle type",2481,2021,7
2021-07-01,PEI,All fuel types,Passenger cars,536,2021,7
2021-07-01,PEI,All fuel types,Pickup trucks,415,2021,7
2021-07-01,PEI,All fuel types,Multi-purpose vehicles,1477,2021,7
2021-07-01,PEI,All fuel types,Vans,53,2021,7
2021-07-01,PEI,Gas,"Total, vehicle type",2202,2021,7
2021-07-01,PEI,Gas,Passenger cars,478,2021,7
2021-07-01,PEI,Gas,Pickup trucks,330,2021,7
2021-07-01,PEI,Gas,Multi-purpose vehicles,1356,2021,7
2021-07-01,PEI,Gas,Vans,38,2021,7
2021-07-01,PEI,Diesel,"Total, vehicle type",74,2021,7
2021-07-01,PEI,Diesel,Passenger cars,0,2021,7
2021-07-01,PEI,Diesel,Pickup trucks,72,2021,7
2021-07-01,PEI,Diesel,Multi-purpose vehicles,2,2021,7
2021-07-01,PEI,Diesel,Vans,0,2021,7
2021-07-01,PEI,All zero-emission vehicles,"Total, vehicle type",89,2021,7
2021-07-01,PEI,All zero-emission vehicles,Passenger cars,37,2021,7
2021-07-01,PEI,All zero-emission vehicles,Pickup trucks,0,2021,7
2021-07-01,PEI,All zero-emission vehicles,Multi-purpose vehicles,52,2021,7
2021-07-01,PEI,All zero-emission vehicles,Vans,0,2021,7
2021-07-01,PEI,Electric,"Total, vehicle type",72,2021,7
2021-07-01,PEI,Electric,Passenger cars,29,2021,7
2021-07-01,PEI,Electric,Pickup trucks,0,2021,7
2021-07-01,PEI,Electric,Multi-purpose vehicles,43,2021,7
2021-07-01,PEI,Electric,Vans,0,2021,7
2021-07-01,PEI,Hybrid Electric,"Total, vehicle type",17,2021,7
2021-07-01,PEI,Hybrid Electric,Passenger cars,8,2021,7
2021-07-01,PEI,Hybrid Electric,Pickup trucks,0,2021,7
2021-07-01,PEI,Hybrid Electric,Multi-purpose vehicles,9,2021,7
2021-07-01,PEI,Hybrid Electric,Vans,0,2021,7
2021-07-01,PEI,Hybrid Electric,"Total, vehicle type",116,2021,7
2021-07-01,PEI,Hybrid Electric,Passenger cars,21,2021,7
2021-07-01,PEI,Hybrid Electric,Pickup trucks,13,2021,7
2021-07-01,PEI,Hybrid Electric,Multi-purpose vehicles,67,2021,7
2021-07-01,PEI,Hybrid Electric,Vans,15,2021,7
2021-07-01,PEI,Other,"Total, vehicle type",0,2021,7
2021-07-01,PEI,Other,Passenger cars,0,2021,7
2021-07-01,PEI,Other,Pickup trucks,0,2021,7
2021-07-01,PEI,Other,Multi-purpose vehicles,0,2021,7
2021-07-01,PEI,Other,Vans,0,2021,7
2021-07-01,NB,All fuel types,"Total, vehicle type",10004,2021,7
2021-07-01,NB,All fuel types,Passenger cars,1882,2021,7
2021-07-01,NB,All fuel types,Pickup trucks,2051,2021,7
2021-07-01,NB,All fuel types,Multi-purpose vehicles,5853,2021,7
2021-07-01,NB,All fuel types,Vans,218,2021,7
2021-07-01,NB,Gas,"Total, vehicle type",9159,2021,7
2021-07-01,NB,Gas,Passenger cars,1726,2021,7
2021-07-01,NB,Gas,Pickup trucks,1782,2021,7
2021-07-01,NB,Gas,Multi-purpose vehicles,5490,2021,7
2021-07-01,NB,Gas,Vans,161,2021,7
2021-07-01,NB,Diesel,"Total, vehicle type",246,2021,7
2021-07-01,NB,Diesel,Passenger cars,0,2021,7
2021-07-01,NB,Diesel,Pickup trucks,227,2021,7
2021-07-01,NB,Diesel,Multi-purpose vehicles,5,2021,7
2021-07-01,NB,Diesel,Vans,14,2021,7
2021-07-01,NB,All zero-emission vehicles,"Total, vehicle type",182,2021,7
2021-07-01,NB,All zero-emission vehicles,Passenger cars,70,2021,7
2021-07-01,NB,All zero-emission vehicles,Pickup trucks,0,2021,7
2021-07-01,NB,All zero-emission vehicles,Multi-purpose vehicles,111,2021,7
2021-07-01,NB,All zero-emission vehicles,Vans,1,2021,7
2021-07-01,NB,Electric,"Total, vehicle type",136,2021,7
2021-07-01,NB,Electric,Passenger cars,51,2021,7
2021-07-01,NB,Electric,Pickup trucks,0,2021,7
2021-07-01,NB,Electric,Multi-purpose vehicles,85,2021,7
2021-07-01,NB,Electric,Vans,0,2021,7
2021-07-01,NB,Hybrid Electric,"Total, vehicle type",46,2021,7
2021-07-01,NB,Hybrid Electric,Passenger cars,19,2021,7
2021-07-01,NB,Hybrid Electric,Pickup trucks,0,2021,7
2021-07-01,NB,Hybrid Electric,Multi-purpose vehicles,26,2021,7
2021-07-01,NB,Hybrid Electric,Vans,1,2021,7
2021-07-01,NB,Hybrid Electric,"Total, vehicle type",417,2021,7
2021-07-01,NB,Hybrid Electric,Passenger cars,86,2021,7
2021-07-01,NB,Hybrid Electric,Pickup trucks,42,2021,7
2021-07-01,NB,Hybrid Electric,Multi-purpose vehicles,247,2021,7
2021-07-01,NB,Hybrid Electric,Vans,42,2021,7
2021-07-01,NB,Other,"Total, vehicle type",0,2021,7
2021-07-01,NB,Other,Passenger cars,0,2021,7
2021-07-01,NB,Other,Pickup trucks,0,2021,7
2021-07-01,NB,Other,Multi-purpose vehicles,0,2021,7
2021-07-01,NB,Other,Vans,0,2021,7
2021-07-01,QUE,All fuel types,"Total, vehicle type",111127,2021,7
2021-07-01,QUE,All fuel types,Passenger cars,27396,2021,7
2021-07-01,QUE,All fuel types,Pickup trucks,14675,2021,7
2021-07-01,QUE,All fuel types,Multi-purpose vehicles,64795,2021,7
2021-07-01,QUE,All fuel types,Vans,4261,2021,7
2021-07-01,QUE,Gas,"Total, vehicle type",92864,2021,7
2021-07-01,QUE,Gas,Passenger cars,21555,2021,7
2021-07-01,QUE,Gas,Pickup trucks,11850,2021,7
2021-07-01,QUE,Gas,Multi-purpose vehicles,56433,2021,7
2021-07-01,QUE,Gas,Vans,3026,2021,7
2021-07-01,QUE,Diesel,"Total, vehicle type",2953,2021,7
2021-07-01,QUE,Diesel,Passenger cars,0,2021,7
2021-07-01,QUE,Diesel,Pickup trucks,2464,2021,7
2021-07-01,QUE,Diesel,Multi-purpose vehicles,185,2021,7
2021-07-01,QUE,Diesel,Vans,304,2021,7
2021-07-01,QUE,All zero-emission vehicles,"Total, vehicle type",10611,2021,7
2021-07-01,QUE,All zero-emission vehicles,Passenger cars,4755,2021,7
2021-07-01,QUE,All zero-emission vehicles,Pickup trucks,0,2021,7
2021-07-01,QUE,All zero-emission vehicles,Multi-purpose vehicles,5647,2021,7
2021-07-01,QUE,All zero-emission vehicles,Vans,209,2021,7
2021-07-01,QUE,Electric,"Total, vehicle type",6258,2021,7
2021-07-01,QUE,Electric,Passenger cars,2989,2021,7
2021-07-01,QUE,Electric,Pickup trucks,0,2021,7
2021-07-01,QUE,Electric,Multi-purpose vehicles,3269,2021,7
2021-07-01,QUE,Electric,Vans,0,2021,7
2021-07-01,QUE,Hybrid Electric,"Total, vehicle type",4353,2021,7
2021-07-01,QUE,Hybrid Electric,Passenger cars,1766,2021,7
2021-07-01,QUE,Hybrid Electric,Pickup trucks,0,2021,7
2021-07-01,QUE,Hybrid Electric,Multi-purpose vehicles,2378,2021,7
2021-07-01,QUE,Hybrid Electric,Vans,209,2021,7
2021-07-01,QUE,Hybrid Electric,"Total, vehicle type",4699,2021,7
2021-07-01,QUE,Hybrid Electric,Passenger cars,1086,2021,7
2021-07-01,QUE,Hybrid Electric,Pickup trucks,361,2021,7
2021-07-01,QUE,Hybrid Electric,Multi-purpose vehicles,2530,2021,7
2021-07-01,QUE,Hybrid Electric,Vans,722,2021,7
2021-07-01,QUE,Other,"Total, vehicle type",0,2021,7
2021-07-01,QUE,Other,Passenger cars,0,2021,7
2021-07-01,QUE,Other,Pickup trucks,0,2021,7
2021-07-01,QUE,Other,Multi-purpose vehicles,0,2021,7
2021-07-01,QUE,Other,Vans,0,2021,7
2021-07-01,ON,All fuel types,"Total, vehicle type",174623,2021,7
2021-07-01,ON,All fuel types,Passenger cars,39861,2021,7
2021-07-01,ON,All fuel types,Pickup trucks,27990,2021,7
2021-07-01,ON,All fuel types,Multi-purpose vehicles,99057,2021,7
2021-07-01,ON,All fuel types,Vans,7715,2021,7
2021-07-01,ON,Gas,"Total, vehicle type",155160,2021,7
2021-07-01,ON,Gas,Passenger cars,34889,2021,7
2021-07-01,ON,Gas,Pickup trucks,24278,2021,7
2021-07-01,ON,Gas,Multi-purpose vehicles,90648,2021,7
2021-07-01,ON,Gas,Vans,5345,2021,7
2021-07-01,ON,Diesel,"Total, vehicle type",4049,2021,7
2021-07-01,ON,Diesel,Passenger cars,0,2021,7
2021-07-01,ON,Diesel,Pickup trucks,3059,2021,7
2021-07-01,ON,Diesel,Multi-purpose vehicles,283,2021,7
2021-07-01,ON,Diesel,Vans,707,2021,7
2021-07-01,ON,All zero-emission vehicles,"Total, vehicle type",5162,2021,7
2021-07-01,ON,All zero-emission vehicles,Passenger cars,2401,2021,7
2021-07-01,ON,All zero-emission vehicles,Pickup trucks,0,2021,7
2021-07-01,ON,All zero-emission vehicles,Multi-purpose vehicles,2631,2021,7
2021-07-01,ON,All zero-emission vehicles,Vans,130,2021,7
2021-07-01,ON,Electric,"Total, vehicle type",3671,2021,7
2021-07-01,ON,Electric,Passenger cars,2019,2021,7
2021-07-01,ON,Electric,Pickup trucks,0,2021,7
2021-07-01,ON,Electric,Multi-purpose vehicles,1652,2021,7
2021-07-01,ON,Electric,Vans,0,2021,7
2021-07-01,ON,Hybrid Electric,"Total, vehicle type",1491,2021,7
2021-07-01,ON,Hybrid Electric,Passenger cars,382,2021,7
2021-07-01,ON,Hybrid Electric,Pickup trucks,0,2021,7
2021-07-01,ON,Hybrid Electric,Multi-purpose vehicles,979,2021,7
2021-07-01,ON,Hybrid Electric,Vans,130,2021,7
2021-07-01,ON,Hybrid Electric,"Total, vehicle type",10252,2021,7
2021-07-01,ON,Hybrid Electric,Passenger cars,2571,2021,7
2021-07-01,ON,Hybrid Electric,Pickup trucks,653,2021,7
2021-07-01,ON,Hybrid Electric,Multi-purpose vehicles,5495,2021,7
2021-07-01,ON,Hybrid Electric,Vans,1533,2021,7
2021-07-01,ON,Other,"Total, vehicle type",0,2021,7
2021-07-01,ON,Other,Passenger cars,0,2021,7
2021-07-01,ON,Other,Pickup trucks,0,2021,7
2021-07-01,ON,Other,Multi-purpose vehicles,0,2021,7
2021-07-01,ON,Other,Vans,0,2021,7
2021-07-01,MB,All fuel types,"Total, vehicle type",12400,2021,7
2021-07-01,MB,All fuel types,Passenger cars,2012,2021,7
2021-07-01,MB,All fuel types,Pickup trucks,2655,2021,7
2021-07-01,MB,All fuel types,Multi-purpose vehicles,7210,2021,7
2021-07-01,MB,All fuel types,Vans,523,2021,7
2021-07-01,MB,Gas,"Total, vehicle type",11317,2021,7
2021-07-01,MB,Gas,Passenger cars,1831,2021,7
2021-07-01,MB,Gas,Pickup trucks,2340,2021,7
2021-07-01,MB,Gas,Multi-purpose vehicles,6720,2021,7
2021-07-01,MB,Gas,Vans,426,2021,7
2021-07-01,MB,Diesel,"Total, vehicle type",275,2021,7
2021-07-01,MB,Diesel,Passenger cars,0,2021,7
2021-07-01,MB,Diesel,Pickup trucks,256,2021,7
2021-07-01,MB,Diesel,Multi-purpose vehicles,8,2021,7
2021-07-01,MB,Diesel,Vans,11,2021,7
2021-07-01,MB,All zero-emission vehicles,"Total, vehicle type",194,2021,7
2021-07-01,MB,All zero-emission vehicles,Passenger cars,69,2021,7
2021-07-01,MB,All zero-emission vehicles,Pickup trucks,0,2021,7
2021-07-01,MB,All zero-emission vehicles,Multi-purpose vehicles,121,2021,7
2021-07-01,MB,All zero-emission vehicles,Vans,4,2021,7
2021-07-01,MB,Electric,"Total, vehicle type",109,2021,7
2021-07-01,MB,Electric,Passenger cars,55,2021,7
2021-07-01,MB,Electric,Pickup trucks,0,2021,7
2021-07-01,MB,Electric,Multi-purpose vehicles,54,2021,7
2021-07-01,MB,Electric,Vans,0,2021,7
2021-07-01,MB,Hybrid Electric,"Total, vehicle type",85,2021,7
2021-07-01,MB,Hybrid Electric,Passenger cars,14,2021,7
2021-07-01,MB,Hybrid Electric,Pickup trucks,0,2021,7
2021-07-01,MB,Hybrid Electric,Multi-purpose vehicles,67,2021,7
2021-07-01,MB,Hybrid Electric,Vans,4,2021,7
2021-07-01,MB,Hybrid Electric,"Total, vehicle type",614,2021,7
2021-07-01,MB,Hybrid Electric,Passenger cars,112,2021,7
2021-07-01,MB,Hybrid Electric,Pickup trucks,59,2021,7
2021-07-01,MB,Hybrid Electric,Multi-purpose vehicles,361,2021,7
2021-07-01,MB,Hybrid Electric,Vans,82,2021,7
2021-07-01,MB,Other,"Total, vehicle type",0,2021,7
2021-07-01,MB,Other,Passenger cars,0,2021,7
2021-07-01,MB,Other,Pickup trucks,0,2021,7
2021-07-01,MB,Other,Multi-purpose vehicles,0,2021,7
2021-07-01,MB,Other,Vans,0,2021,7
2021-07-01,SAS,All fuel types,"Total, vehicle type",11348,2021,7
2021-07-01,SAS,All fuel types,Passenger cars,1224,2021,7
2021-07-01,SAS,All fuel types,Pickup trucks,3484,2021,7
2021-07-01,SAS,All fuel types,Multi-purpose vehicles,6286,2021,7
2021-07-01,SAS,All fuel types,Vans,354,2021,7
2021-07-01,SAS,Gas,"Total, vehicle type",10013,2021,7
2021-07-01,SAS,Gas,Passenger cars,1118,2021,7
2021-07-01,SAS,Gas,Pickup trucks,2736,2021,7
2021-07-01,SAS,Gas,Multi-purpose vehicles,5880,2021,7
2021-07-01,SAS,Gas,Vans,279,2021,7
2021-07-01,SAS,Diesel,"Total, vehicle type",758,2021,7
2021-07-01,SAS,Diesel,Passenger cars,0,2021,7
2021-07-01,SAS,Diesel,Pickup trucks,682,2021,7
2021-07-01,SAS,Diesel,Multi-purpose vehicles,70,2021,7
2021-07-01,SAS,Diesel,Vans,6,2021,7
2021-07-01,SAS,All zero-emission vehicles,"Total, vehicle type",131,2021,7
2021-07-01,SAS,All zero-emission vehicles,Passenger cars,47,2021,7
2021-07-01,SAS,All zero-emission vehicles,Pickup trucks,0,2021,7
2021-07-01,SAS,All zero-emission vehicles,Multi-purpose vehicles,72,2021,7
2021-07-01,SAS,All zero-emission vehicles,Vans,12,2021,7
2021-07-01,SAS,Electric,"Total, vehicle type",82,2021,7
2021-07-01,SAS,Electric,Passenger cars,39,2021,7
2021-07-01,SAS,Electric,Pickup trucks,0,2021,7
2021-07-01,SAS,Electric,Multi-purpose vehicles,43,2021,7
2021-07-01,SAS,Electric,Vans,0,2021,7
2021-07-01,SAS,Hybrid Electric,"Total, vehicle type",49,2021,7
2021-07-01,SAS,Hybrid Electric,Passenger cars,8,2021,7
2021-07-01,SAS,Hybrid Electric,Pickup trucks,0,2021,7
2021-07-01,SAS,Hybrid Electric,Multi-purpose vehicles,29,2021,7
2021-07-01,SAS,Hybrid Electric,Vans,12,2021,7
2021-07-01,SAS,Hybrid Electric,"Total, vehicle type",446,2021,7
2021-07-01,SAS,Hybrid Electric,Passenger cars,59,2021,7
2021-07-01,SAS,Hybrid Electric,Pickup trucks,66,2021,7
2021-07-01,SAS,Hybrid Electric,Multi-purpose vehicles,264,2021,7
2021-07-01,SAS,Hybrid Electric,Vans,57,2021,7
2021-07-01,SAS,Other,"Total, vehicle type",0,2021,7
2021-07-01,SAS,Other,Passenger cars,0,2021,7
2021-07-01,SAS,Other,Pickup trucks,0,2021,7
2021-07-01,SAS,Other,Multi-purpose vehicles,0,2021,7
2021-07-01,SAS,Other,Vans,0,2021,7
2021-07-01,BC,All fuel types,"Total, vehicle type",54409,2021,7
2021-07-01,BC,All fuel types,Passenger cars,12642,2021,7
2021-07-01,BC,All fuel types,Pickup trucks,9620,2021,7
2021-07-01,BC,All fuel types,Multi-purpose vehicles,29409,2021,7
2021-07-01,BC,All fuel types,Vans,2738,2021,7
2021-07-01,BC,Gas,"Total, vehicle type",41364,2021,7
2021-07-01,BC,Gas,Passenger cars,8239,2021,7
2021-07-01,BC,Gas,Pickup trucks,7278,2021,7
2021-07-01,BC,Gas,Multi-purpose vehicles,23921,2021,7
2021-07-01,BC,Gas,Vans,1926,2021,7
2021-07-01,BC,Diesel,"Total, vehicle type",2622,2021,7
2021-07-01,BC,Diesel,Passenger cars,0,2021,7
2021-07-01,BC,Diesel,Pickup trucks,2084,2021,7
2021-07-01,BC,Diesel,Multi-purpose vehicles,236,2021,7
2021-07-01,BC,Diesel,Vans,302,2021,7
2021-07-01,BC,All zero-emission vehicles,"Total, vehicle type",6480,2021,7
2021-07-01,BC,All zero-emission vehicles,Passenger cars,3155,2021,7
2021-07-01,BC,All zero-emission vehicles,Pickup trucks,0,2021,7
2021-07-01,BC,All zero-emission vehicles,Multi-purpose vehicles,3258,2021,7
2021-07-01,BC,All zero-emission vehicles,Vans,67,2021,7
2021-07-01,BC,Electric,"Total, vehicle type",4831,2021,7
2021-07-01,BC,Electric,Passenger cars,2513,2021,7
2021-07-01,BC,Electric,Pickup trucks,0,2021,7
2021-07-01,BC,Electric,Multi-purpose vehicles,2318,2021,7
2021-07-01,BC,Electric,Vans,0,2021,7
2021-07-01,BC,Hybrid Electric,"Total, vehicle type",1649,2021,7
2021-07-01,BC,Hybrid Electric,Passenger cars,642,2021,7
2021-07-01,BC,Hybrid Electric,Pickup trucks,0,2021,7
2021-07-01,BC,Hybrid Electric,Multi-purpose vehicles,940,2021,7
2021-07-01,BC,Hybrid Electric,Vans,67,2021,7
2021-07-01,BC,Hybrid Electric,"Total, vehicle type",3943,2021,7
2021-07-01,BC,Hybrid Electric,Passenger cars,1248,2021,7
2021-07-01,BC,Hybrid Electric,Pickup trucks,258,2021,7
2021-07-01,BC,Hybrid Electric,Multi-purpose vehicles,1994,2021,7
2021-07-01,BC,Hybrid Electric,Vans,443,2021,7
2021-07-01,BC,Other,"Total, vehicle type",0,2021,7
2021-07-01,BC,Other,Passenger cars,0,2021,7
2021-07-01,BC,Other,Pickup trucks,0,2021,7
2021-07-01,BC,Other,Multi-purpose vehicles,0,2021,7
2021-07-01,BC,Other,Vans,0,2021,7
2021-10-01,CAN,All fuel types,"Total, vehicle type",337566,2021,10
2021-10-01,CAN,All fuel types,Passenger cars,61738,2021,10
2021-10-01,CAN,All fuel types,Pickup trucks,77577,2021,10
2021-10-01,CAN,All fuel types,Multi-purpose vehicles,186392,2021,10
2021-10-01,CAN,All fuel types,Vans,11859,2021,10
2021-10-01,CAN,Gas,"Total, vehicle type",288203,2021,10
2021-10-01,CAN,Gas,Passenger cars,50857,2021,10
2021-10-01,CAN,Gas,Pickup trucks,64048,2021,10
2021-10-01,CAN,Gas,Multi-purpose vehicles,165088,2021,10
2021-10-01,CAN,Gas,Vans,8210,2021,10
2021-10-01,CAN,Diesel,"Total, vehicle type",13296,2021,10
2021-10-01,CAN,Diesel,Passenger cars,0,2021,10
2021-10-01,CAN,Diesel,Pickup trucks,11544,2021,10
2021-10-01,CAN,Diesel,Multi-purpose vehicles,626,2021,10
2021-10-01,CAN,Diesel,Vans,1126,2021,10
2021-10-01,CAN,All zero-emission vehicles,"Total, vehicle type",21014,2021,10
2021-10-01,CAN,All zero-emission vehicles,Passenger cars,7969,2021,10
2021-10-01,CAN,All zero-emission vehicles,Pickup trucks,0,2021,10
2021-10-01,CAN,All zero-emission vehicles,Multi-purpose vehicles,12924,2021,10
2021-10-01,CAN,All zero-emission vehicles,Vans,121,2021,10
2021-10-01,CAN,Electric,"Total, vehicle type",14247,2021,10
2021-10-01,CAN,Electric,Passenger cars,6454,2021,10
2021-10-01,CAN,Electric,Pickup trucks,0,2021,10
2021-10-01,CAN,Electric,Multi-purpose vehicles,7793,2021,10
2021-10-01,CAN,Electric,Vans,0,2021,10
2021-10-01,CAN,Hybrid Electric,"Total, vehicle type",6767,2021,10
2021-10-01,CAN,Hybrid Electric,Passenger cars,1515,2021,10
2021-10-01,CAN,Hybrid Electric,Pickup trucks,0,2021,10
2021-10-01,CAN,Hybrid Electric,Multi-purpose vehicles,5131,2021,10
2021-10-01,CAN,Hybrid Electric,Vans,121,2021,10
2021-10-01,CAN,Hybrid Electric,"Total, vehicle type",15053,2021,10
2021-10-01,CAN,Hybrid Electric,Passenger cars,2912,2021,10
2021-10-01,CAN,Hybrid Electric,Pickup trucks,1985,2021,10
2021-10-01,CAN,Hybrid Electric,Multi-purpose vehicles,7754,2021,10
2021-10-01,CAN,Hybrid Electric,Vans,2402,2021,10
2021-10-01,CAN,Other,"Total, vehicle type",0,2021,10
2021-10-01,CAN,Other,Passenger cars,0,2021,10
2021-10-01,CAN,Other,Pickup trucks,0,2021,10
2021-10-01,CAN,Other,Multi-purpose vehicles,0,2021,10
2021-10-01,CAN,Other,Vans,0,2021,10
2021-10-01,PEI,All fuel types,"Total, vehicle type",1352,2021,10
2021-10-01,PEI,All fuel types,Passenger cars,224,2021,10
2021-10-01,PEI,All fuel types,Pickup trucks,377,2021,10
2021-10-01,PEI,All fuel types,Multi-purpose vehicles,719,2021,10
2021-10-01,PEI,All fuel types,Vans,32,2021,10
2021-10-01,PEI,Gas,"Total, vehicle type",1192,2021,10
2021-10-01,PEI,Gas,Passenger cars,211,2021,10
2021-10-01,PEI,Gas,Pickup trucks,314,2021,10
2021-10-01,PEI,Gas,Multi-purpose vehicles,651,2021,10
2021-10-01,PEI,Gas,Vans,16,2021,10
2021-10-01,PEI,Diesel,"Total, vehicle type",65,2021,10
2021-10-01,PEI,Diesel,Passenger cars,0,2021,10
2021-10-01,PEI,Diesel,Pickup trucks,60,2021,10
2021-10-01,PEI,Diesel,Multi-purpose vehicles,1,2021,10
2021-10-01,PEI,Diesel,Vans,4,2021,10
2021-10-01,PEI,All zero-emission vehicles,"Total, vehicle type",43,2021,10
2021-10-01,PEI,All zero-emission vehicles,Passenger cars,7,2021,10
2021-10-01,PEI,All zero-emission vehicles,Pickup trucks,0,2021,10
2021-10-01,PEI,All zero-emission vehicles,Multi-purpose vehicles,36,2021,10
2021-10-01,PEI,All zero-emission vehicles,Vans,0,2021,10
2021-10-01,PEI,Electric,"Total, vehicle type",29,2021,10
2021-10-01,PEI,Electric,Passenger cars,5,2021,10
2021-10-01,PEI,Electric,Pickup trucks,0,2021,10
2021-10-01,PEI,Electric,Multi-purpose vehicles,24,2021,10
2021-10-01,PEI,Electric,Vans,0,2021,10
2021-10-01,PEI,Hybrid Electric,"Total, vehicle type",14,2021,10
2021-10-01,PEI,Hybrid Electric,Passenger cars,2,2021,10
2021-10-01,PEI,Hybrid Electric,Pickup trucks,0,2021,10
2021-10-01,PEI,Hybrid Electric,Multi-purpose vehicles,12,2021,10
2021-10-01,PEI,Hybrid Electric,Vans,0,2021,10
2021-10-01,PEI,Hybrid Electric,"Total, vehicle type",52,2021,10
2021-10-01,PEI,Hybrid Electric,Passenger cars,6,2021,10
2021-10-01,PEI,Hybrid Electric,Pickup trucks,3,2021,10
2021-10-01,PEI,Hybrid Electric,Multi-purpose vehicles,31,2021,10
2021-10-01,PEI,Hybrid Electric,Vans,12,2021,10
2021-10-01,PEI,Other,"Total, vehicle type",0,2021,10
2021-10-01,PEI,Other,Passenger cars,0,2021,10
2021-10-01,PEI,Other,Pickup trucks,0,2021,10
2021-10-01,PEI,Other,Multi-purpose vehicles,0,2021,10
2021-10-01,PEI,Other,Vans,0,2021,10
2021-10-01,NB,All fuel types,"Total, vehicle type",7400,2021,10
2021-10-01,NB,All fuel types,Passenger cars,1276,2021,10
2021-10-01,NB,All fuel types,Pickup trucks,1999,2021,10
2021-10-01,NB,All fuel types,Multi-purpose vehicles,3970,2021,10
2021-10-01,NB,All fuel types,Vans,155,2021,10
2021-10-01,NB,Gas,"Total, vehicle type",6793,2021,10
2021-10-01,NB,Gas,Passenger cars,1204,2021,10
2021-10-01,NB,Gas,Pickup trucks,1741,2021,10
2021-10-01,NB,Gas,Multi-purpose vehicles,3744,2021,10
2021-10-01,NB,Gas,Vans,104,2021,10
2021-10-01,NB,Diesel,"Total, vehicle type",238,2021,10
2021-10-01,NB,Diesel,Passenger cars,0,2021,10
2021-10-01,NB,Diesel,Pickup trucks,209,2021,10
2021-10-01,NB,Diesel,Multi-purpose vehicles,7,2021,10
2021-10-01,NB,Diesel,Vans,22,2021,10
2021-10-01,NB,All zero-emission vehicles,"Total, vehicle type",107,2021,10
2021-10-01,NB,All zero-emission vehicles,Passenger cars,28,2021,10
2021-10-01,NB,All zero-emission vehicles,Pickup trucks,0,2021,10
2021-10-01,NB,All zero-emission vehicles,Multi-purpose vehicles,79,2021,10
2021-10-01,NB,All zero-emission vehicles,Vans,0,2021,10
2021-10-01,NB,Electric,"Total, vehicle type",50,2021,10
2021-10-01,NB,Electric,Passenger cars,18,2021,10
2021-10-01,NB,Electric,Pickup trucks,0,2021,10
2021-10-01,NB,Electric,Multi-purpose vehicles,32,2021,10
2021-10-01,NB,Electric,Vans,0,2021,10
2021-10-01,NB,Hybrid Electric,"Total, vehicle type",57,2021,10
2021-10-01,NB,Hybrid Electric,Passenger cars,10,2021,10
2021-10-01,NB,Hybrid Electric,Pickup trucks,0,2021,10
2021-10-01,NB,Hybrid Electric,Multi-purpose vehicles,47,2021,10
2021-10-01,NB,Hybrid Electric,Vans,0,2021,10
2021-10-01,NB,Hybrid Electric,"Total, vehicle type",262,2021,10
2021-10-01,NB,Hybrid Electric,Passenger cars,44,2021,10
2021-10-01,NB,Hybrid Electric,Pickup trucks,49,2021,10
2021-10-01,NB,Hybrid Electric,Multi-purpose vehicles,140,2021,10
2021-10-01,NB,Hybrid Electric,Vans,29,2021,10
2021-10-01,NB,Other,"Total, vehicle type",0,2021,10
2021-10-01,NB,Other,Passenger cars,0,2021,10
2021-10-01,NB,Other,Pickup trucks,0,2021,10
2021-10-01,NB,Other,Multi-purpose vehicles,0,2021,10
2021-10-01,NB,Other,Vans,0,2021,10
2021-10-01,QUE,All fuel types,"Total, vehicle type",85979,2021,10
2021-10-01,QUE,All fuel types,Passenger cars,17471,2021,10
2021-10-01,QUE,All fuel types,Pickup trucks,15747,2021,10
2021-10-01,QUE,All fuel types,Multi-purpose vehicles,49433,2021,10
2021-10-01,QUE,All fuel types,Vans,3328,2021,10
2021-10-01,QUE,Gas,"Total, vehicle type",72254,2021,10
2021-10-01,QUE,Gas,Passenger cars,14279,2021,10
2021-10-01,QUE,Gas,Pickup trucks,12855,2021,10
2021-10-01,QUE,Gas,Multi-purpose vehicles,42799,2021,10
2021-10-01,QUE,Gas,Vans,2321,2021,10
2021-10-01,QUE,Diesel,"Total, vehicle type",3029,2021,10
2021-10-01,QUE,Diesel,Passenger cars,0,2021,10
2021-10-01,QUE,Diesel,Pickup trucks,2474,2021,10
2021-10-01,QUE,Diesel,Multi-purpose vehicles,133,2021,10
2021-10-01,QUE,Diesel,Vans,422,2021,10
2021-10-01,QUE,All zero-emission vehicles,"Total, vehicle type",7676,2021,10
2021-10-01,QUE,All zero-emission vehicles,Passenger cars,2593,2021,10
2021-10-01,QUE,All zero-emission vehicles,Pickup trucks,0,2021,10
2021-10-01,QUE,All zero-emission vehicles,Multi-purpose vehicles,5028,2021,10
2021-10-01,QUE,All zero-emission vehicles,Vans,55,2021,10
2021-10-01,QUE,Electric,"Total, vehicle type",4187,2021,10
2021-10-01,QUE,Electric,Passenger cars,1744,2021,10
2021-10-01,QUE,Electric,Pickup trucks,0,2021,10
2021-10-01,QUE,Electric,Multi-purpose vehicles,2443,2021,10
2021-10-01,QUE,Electric,Vans,0,2021,10
2021-10-01,QUE,Hybrid Electric,"Total, vehicle type",3489,2021,10
2021-10-01,QUE,Hybrid Electric,Passenger cars,849,2021,10
2021-10-01,QUE,Hybrid Electric,Pickup trucks,0,2021,10
2021-10-01,QUE,Hybrid Electric,Multi-purpose vehicles,2585,2021,10
2021-10-01,QUE,Hybrid Electric,Vans,55,2021,10
2021-10-01,QUE,Hybrid Electric,"Total, vehicle type",3020,2021,10
2021-10-01,QUE,Hybrid Electric,Passenger cars,599,2021,10
2021-10-01,QUE,Hybrid Electric,Pickup trucks,418,2021,10
2021-10-01,QUE,Hybrid Electric,Multi-purpose vehicles,1473,2021,10
2021-10-01,QUE,Hybrid Electric,Vans,530,2021,10
2021-10-01,QUE,Other,"Total, vehicle type",0,2021,10
2021-10-01,QUE,Other,Passenger cars,0,2021,10
2021-10-01,QUE,Other,Pickup trucks,0,2021,10
2021-10-01,QUE,Other,Multi-purpose vehicles,0,2021,10
2021-10-01,QUE,Other,Vans,0,2021,10
2021-10-01,ON,All fuel types,"Total, vehicle type",130630,2021,10
2021-10-01,ON,All fuel types,Passenger cars,25550,2021,10
2021-10-01,ON,All fuel types,Pickup trucks,27906,2021,10
2021-10-01,ON,All fuel types,Multi-purpose vehicles,72997,2021,10
2021-10-01,ON,All fuel types,Vans,4177,2021,10
2021-10-01,ON,Gas,"Total, vehicle type",114517,2021,10
2021-10-01,ON,Gas,Passenger cars,21880,2021,10
2021-10-01,ON,Gas,Pickup trucks,24048,2021,10
2021-10-01,ON,Gas,Multi-purpose vehicles,65977,2021,10
2021-10-01,ON,Gas,Vans,2612,2021,10
2021-10-01,ON,Diesel,"Total, vehicle type",3825,2021,10
2021-10-01,ON,Diesel,Passenger cars,0,2021,10
2021-10-01,ON,Diesel,Pickup trucks,3197,2021,10
2021-10-01,ON,Diesel,Multi-purpose vehicles,166,2021,10
2021-10-01,ON,Diesel,Vans,462,2021,10
2021-10-01,ON,All zero-emission vehicles,"Total, vehicle type",6129,2021,10
2021-10-01,ON,All zero-emission vehicles,Passenger cars,2541,2021,10
2021-10-01,ON,All zero-emission vehicles,Pickup trucks,0,2021,10
2021-10-01,ON,All zero-emission vehicles,Multi-purpose vehicles,3559,2021,10
2021-10-01,ON,All zero-emission vehicles,Vans,29,2021,10
2021-10-01,ON,Electric,"Total, vehicle type",4787,2021,10
2021-10-01,ON,Electric,Passenger cars,2342,2021,10
2021-10-01,ON,Electric,Pickup trucks,0,2021,10
2021-10-01,ON,Electric,Multi-purpose vehicles,2445,2021,10
2021-10-01,ON,Electric,Vans,0,2021,10
2021-10-01,ON,Hybrid Electric,"Total, vehicle type",1342,2021,10
2021-10-01,ON,Hybrid Electric,Passenger cars,199,2021,10
2021-10-01,ON,Hybrid Electric,Pickup trucks,0,2021,10
2021-10-01,ON,Hybrid Electric,Multi-purpose vehicles,1114,2021,10
2021-10-01,ON,Hybrid Electric,Vans,29,2021,10
2021-10-01,ON,Hybrid Electric,"Total, vehicle type",6159,2021,10
2021-10-01,ON,Hybrid Electric,Passenger cars,1129,2021,10
2021-10-01,ON,Hybrid Electric,Pickup trucks,661,2021,10
2021-10-01,ON,Hybrid Electric,Multi-purpose vehicles,3295,2021,10
2021-10-01,ON,Hybrid Electric,Vans,1074,2021,10
2021-10-01,ON,Other,"Total, vehicle type",0,2021,10
2021-10-01,ON,Other,Passenger cars,0,2021,10
2021-10-01,ON,Other,Pickup trucks,0,2021,10
2021-10-01,ON,Other,Multi-purpose vehicles,0,2021,10
2021-10-01,ON,Other,Vans,0,2021,10
2021-10-01,MB,All fuel types,"Total, vehicle type",9450,2021,10
2021-10-01,MB,All fuel types,Passenger cars,1344,2021,10
2021-10-01,MB,All fuel types,Pickup trucks,2813,2021,10
2021-10-01,MB,All fuel types,Multi-purpose vehicles,4890,2021,10
2021-10-01,MB,All fuel types,Vans,403,2021,10
2021-10-01,MB,Gas,"Total, vehicle type",8545,2021,10
2021-10-01,MB,Gas,Passenger cars,1213,2021,10
2021-10-01,MB,Gas,Pickup trucks,2439,2021,10
2021-10-01,MB,Gas,Multi-purpose vehicles,4563,2021,10
2021-10-01,MB,Gas,Vans,330,2021,10
2021-10-01,MB,Diesel,"Total, vehicle type",323,2021,10
2021-10-01,MB,Diesel,Passenger cars,0,2021,10
2021-10-01,MB,Diesel,Pickup trucks,300,2021,10
2021-10-01,MB,Diesel,Multi-purpose vehicles,11,2021,10
2021-10-01,MB,Diesel,Vans,12,2021,10
2021-10-01,MB,All zero-emission vehicles,"Total, vehicle type",183,2021,10
2021-10-01,MB,All zero-emission vehicles,Passenger cars,68,2021,10
2021-10-01,MB,All zero-emission vehicles,Pickup trucks,0,2021,10
2021-10-01,MB,All zero-emission vehicles,Multi-purpose vehicles,110,2021,10
2021-10-01,MB,All zero-emission vehicles,Vans,5,2021,10
2021-10-01,MB,Electric,"Total, vehicle type",104,2021,10
2021-10-01,MB,Electric,Passenger cars,50,2021,10
2021-10-01,MB,Electric,Pickup trucks,0,2021,10
2021-10-01,MB,Electric,Multi-purpose vehicles,54,2021,10
2021-10-01,MB,Electric,Vans,0,2021,10
2021-10-01,MB,Hybrid Electric,"Total, vehicle type",79,2021,10
2021-10-01,MB,Hybrid Electric,Passenger cars,18,2021,10
2021-10-01,MB,Hybrid Electric,Pickup trucks,0,2021,10
2021-10-01,MB,Hybrid Electric,Multi-purpose vehicles,56,2021,10
2021-10-01,MB,Hybrid Electric,Vans,5,2021,10
2021-10-01,MB,Hybrid Electric,"Total, vehicle type",399,2021,10
2021-10-01,MB,Hybrid Electric,Passenger cars,63,2021,10
2021-10-01,MB,Hybrid Electric,Pickup trucks,74,2021,10
2021-10-01,MB,Hybrid Electric,Multi-purpose vehicles,206,2021,10
2021-10-01,MB,Hybrid Electric,Vans,56,2021,10
2021-10-01,MB,Other,"Total, vehicle type",0,2021,10
2021-10-01,MB,Other,Passenger cars,0,2021,10
2021-10-01,MB,Other,Pickup trucks,0,2021,10
2021-10-01,MB,Other,Multi-purpose vehicles,0,2021,10
2021-10-01,MB,Other,Vans,0,2021,10
2021-10-01,SAS,All fuel types,"Total, vehicle type",9320,2021,10
2021-10-01,SAS,All fuel types,Passenger cars,826,2021,10
2021-10-01,SAS,All fuel types,Pickup trucks,3619,2021,10
2021-10-01,SAS,All fuel types,Multi-purpose vehicles,4670,2021,10
2021-10-01,SAS,All fuel types,Vans,205,2021,10
2021-10-01,SAS,Gas,"Total, vehicle type",8057,2021,10
2021-10-01,SAS,Gas,Passenger cars,731,2021,10
2021-10-01,SAS,Gas,Pickup trucks,2825,2021,10
2021-10-01,SAS,Gas,Multi-purpose vehicles,4338,2021,10
2021-10-01,SAS,Gas,Vans,163,2021,10
2021-10-01,SAS,Diesel,"Total, vehicle type",789,2021,10
2021-10-01,SAS,Diesel,Passenger cars,0,2021,10
2021-10-01,SAS,Diesel,Pickup trucks,734,2021,10
2021-10-01,SAS,Diesel,Multi-purpose vehicles,51,2021,10
2021-10-01,SAS,Diesel,Vans,4,2021,10
2021-10-01,SAS,All zero-emission vehicles,"Total, vehicle type",143,2021,10
2021-10-01,SAS,All zero-emission vehicles,Passenger cars,53,2021,10
2021-10-01,SAS,All zero-emission vehicles,Pickup trucks,0,2021,10
2021-10-01,SAS,All zero-emission vehicles,Multi-purpose vehicles,88,2021,10
2021-10-01,SAS,All zero-emission vehicles,Vans,2,2021,10
2021-10-01,SAS,Electric,"Total, vehicle type",89,2021,10
2021-10-01,SAS,Electric,Passenger cars,42,2021,10
2021-10-01,SAS,Electric,Pickup trucks,0,2021,10
2021-10-01,SAS,Electric,Multi-purpose vehicles,47,2021,10
2021-10-01,SAS,Electric,Vans,0,2021,10
2021-10-01,SAS,Hybrid Electric,"Total, vehicle type",54,2021,10
2021-10-01,SAS,Hybrid Electric,Passenger cars,11,2021,10
2021-10-01,SAS,Hybrid Electric,Pickup trucks,0,2021,10
2021-10-01,SAS,Hybrid Electric,Multi-purpose vehicles,41,2021,10
2021-10-01,SAS,Hybrid Electric,Vans,2,2021,10
2021-10-01,SAS,Hybrid Electric,"Total, vehicle type",331,2021,10
2021-10-01,SAS,Hybrid Electric,Passenger cars,42,2021,10
2021-10-01,SAS,Hybrid Electric,Pickup trucks,60,2021,10
2021-10-01,SAS,Hybrid Electric,Multi-purpose vehicles,193,2021,10
2021-10-01,SAS,Hybrid Electric,Vans,36,2021,10
2021-10-01,SAS,Other,"Total, vehicle type",0,2021,10
2021-10-01,SAS,Other,Passenger cars,0,2021,10
2021-10-01,SAS,Other,Pickup trucks,0,2021,10
2021-10-01,SAS,Other,Multi-purpose vehicles,0,2021,10
2021-10-01,SAS,Other,Vans,0,2021,10
2021-10-01,BC,All fuel types,"Total, vehicle type",40476,2021,10
2021-10-01,BC,All fuel types,Passenger cars,8339,2021,10
2021-10-01,BC,All fuel types,Pickup trucks,8347,2021,10
2021-10-01,BC,All fuel types,Multi-purpose vehicles,21958,2021,10
2021-10-01,BC,All fuel types,Vans,1832,2021,10
2021-10-01,BC,Gas,"Total, vehicle type",30501,2021,10
2021-10-01,BC,Gas,Passenger cars,5332,2021,10
2021-10-01,BC,Gas,Pickup trucks,6455,2021,10
2021-10-01,BC,Gas,Multi-purpose vehicles,17364,2021,10
2021-10-01,BC,Gas,Vans,1350,2021,10
2021-10-01,BC,Diesel,"Total, vehicle type",1880,2021,10
2021-10-01,BC,Diesel,Passenger cars,0,2021,10
2021-10-01,BC,Diesel,Pickup trucks,1631,2021,10
2021-10-01,BC,Diesel,Multi-purpose vehicles,132,2021,10
2021-10-01,BC,Diesel,Vans,117,2021,10
2021-10-01,BC,All zero-emission vehicles,"Total, vehicle type",5563,2021,10
2021-10-01,BC,All zero-emission vehicles,Passenger cars,2270,2021,10
2021-10-01,BC,All zero-emission vehicles,Pickup trucks,0,2021,10
2021-10-01,BC,All zero-emission vehicles,Multi-purpose vehicles,3278,2021,10
2021-10-01,BC,All zero-emission vehicles,Vans,15,2021,10
2021-10-01,BC,Electric,"Total, vehicle type",4255,2021,10
2021-10-01,BC,Electric,Passenger cars,1913,2021,10
2021-10-01,BC,Electric,Pickup trucks,0,2021,10
2021-10-01,BC,Electric,Multi-purpose vehicles,2342,2021,10
2021-10-01,BC,Electric,Vans,0,2021,10
2021-10-01,BC,Hybrid Electric,"Total, vehicle type",1308,2021,10
2021-10-01,BC,Hybrid Electric,Passenger cars,357,2021,10
2021-10-01,BC,Hybrid Electric,Pickup trucks,0,2021,10
2021-10-01,BC,Hybrid Electric,Multi-purpose vehicles,936,2021,10
2021-10-01,BC,Hybrid Electric,Vans,15,2021,10
2021-10-01,BC,Hybrid Electric,"Total, vehicle type",2532,2021,10
2021-10-01,BC,Hybrid Electric,Passenger cars,737,2021,10
2021-10-01,BC,Hybrid Electric,Pickup trucks,261,2021,10
2021-10-01,BC,Hybrid Electric,Multi-purpose vehicles,1184,2021,10
2021-10-01,BC,Hybrid Electric,Vans,350,2021,10
2021-10-01,BC,Other,"Total, vehicle type",0,2021,10
2021-10-01,BC,Other,Passenger cars,0,2021,10
2021-10-01,BC,Other,Pickup trucks,0,2021,10
2021-10-01,BC,Other,Multi-purpose vehicles,0,2021,10
2021-10-01,BC,Other,Vans,0,2021,10
2022-01-01,CAN,All fuel types,"Total, vehicle type",340149,2022,1
2022-01-01,CAN,All fuel types,Passenger cars,57901,2022,1
2022-01-01,CAN,All fuel types,Pickup trucks,75753,2022,1
2022-01-01,CAN,All fuel types,Multi-purpose vehicles,193657,2022,1
2022-01-01,CAN,All fuel types,Vans,12838,2022,1
2022-01-01,CAN,Gas,"Total, vehicle type",283317,2022,1
2022-01-01,CAN,Gas,Passenger cars,43560,2022,1
2022-01-01,CAN,Gas,Pickup trucks,60771,2022,1
2022-01-01,CAN,Gas,Multi-purpose vehicles,170695,2022,1
2022-01-01,CAN,Gas,Vans,8291,2022,1
2022-01-01,CAN,Diesel,"Total, vehicle type",15985,2022,1
2022-01-01,CAN,Diesel,Passenger cars,0,2022,1
2022-01-01,CAN,Diesel,Pickup trucks,13489,2022,1
2022-01-01,CAN,Diesel,Multi-purpose vehicles,886,2022,1
2022-01-01,CAN,Diesel,Vans,1610,2022,1
2022-01-01,CAN,All zero-emission vehicles,"Total, vehicle type",26034,2022,1
2022-01-01,CAN,All zero-emission vehicles,Passenger cars,10334,2022,1
2022-01-01,CAN,All zero-emission vehicles,Pickup trucks,1,2022,1
2022-01-01,CAN,All zero-emission vehicles,Multi-purpose vehicles,14693,2022,1
2022-01-01,CAN,All zero-emission vehicles,Vans,1006,2022,1
2022-01-01,CAN,Electric,"Total, vehicle type",19705,2022,1
2022-01-01,CAN,Electric,Passenger cars,9396,2022,1
2022-01-01,CAN,Electric,Pickup trucks,1,2022,1
2022-01-01,CAN,Electric,Multi-purpose vehicles,10239,2022,1
2022-01-01,CAN,Electric,Vans,69,2022,1
2022-01-01,CAN,Hybrid Electric,"Total, vehicle type",6329,2022,1
2022-01-01,CAN,Hybrid Electric,Passenger cars,938,2022,1
2022-01-01,CAN,Hybrid Electric,Pickup trucks,0,2022,1
2022-01-01,CAN,Hybrid Electric,Multi-purpose vehicles,4454,2022,1
2022-01-01,CAN,Hybrid Electric,Vans,937,2022,1
2022-01-01,CAN,Hybrid Electric,"Total, vehicle type",14812,2022,1
2022-01-01,CAN,Hybrid Electric,Passenger cars,4006,2022,1
2022-01-01,CAN,Hybrid Electric,Pickup trucks,1492,2022,1
2022-01-01,CAN,Hybrid Electric,Multi-purpose vehicles,7383,2022,1
2022-01-01,CAN,Hybrid Electric,Vans,1931,2022,1
2022-01-01,CAN,Other,"Total, vehicle type",1,2022,1
2022-01-01,CAN,Other,Passenger cars,1,2022,1
2022-01-01,CAN,Other,Pickup trucks,0,2022,1
2022-01-01,CAN,Other,Multi-purpose vehicles,0,2022,1
2022-01-01,CAN,Other,Vans,0,2022,1
2022-01-01,PEI,All fuel types,"Total, vehicle type",1024,2022,1
2022-01-01,PEI,All fuel types,Passenger cars,144,2022,1
2022-01-01,PEI,All fuel types,Pickup trucks,291,2022,1
2022-01-01,PEI,All fuel types,Multi-purpose vehicles,549,2022,1
2022-01-01,PEI,All fuel types,Vans,40,2022,1
2022-01-01,PEI,Gas,"Total, vehicle type",878,2022,1
2022-01-01,PEI,Gas,Passenger cars,120,2022,1
2022-01-01,PEI,Gas,Pickup trucks,229,2022,1
2022-01-01,PEI,Gas,Multi-purpose vehicles,506,2022,1
2022-01-01,PEI,Gas,Vans,23,2022,1
2022-01-01,PEI,Diesel,"Total, vehicle type",59,2022,1
2022-01-01,PEI,Diesel,Passenger cars,0,2022,1
2022-01-01,PEI,Diesel,Pickup trucks,54,2022,1
2022-01-01,PEI,Diesel,Multi-purpose vehicles,0,2022,1
2022-01-01,PEI,Diesel,Vans,5,2022,1
2022-01-01,PEI,All zero-emission vehicles,"Total, vehicle type",45,2022,1
2022-01-01,PEI,All zero-emission vehicles,Passenger cars,14,2022,1
2022-01-01,PEI,All zero-emission vehicles,Pickup trucks,0,2022,1
2022-01-01,PEI,All zero-emission vehicles,Multi-purpose vehicles,28,2022,1
2022-01-01,PEI,All zero-emission vehicles,Vans,3,2022,1
2022-01-01,PEI,Electric,"Total, vehicle type",32,2022,1
2022-01-01,PEI,Electric,Passenger cars,10,2022,1
2022-01-01,PEI,Electric,Pickup trucks,0,2022,1
2022-01-01,PEI,Electric,Multi-purpose vehicles,22,2022,1
2022-01-01,PEI,Electric,Vans,0,2022,1
2022-01-01,PEI,Hybrid Electric,"Total, vehicle type",13,2022,1
2022-01-01,PEI,Hybrid Electric,Passenger cars,4,2022,1
2022-01-01,PEI,Hybrid Electric,Pickup trucks,0,2022,1
2022-01-01,PEI,Hybrid Electric,Multi-purpose vehicles,6,2022,1
2022-01-01,PEI,Hybrid Electric,Vans,3,2022,1
2022-01-01,PEI,Hybrid Electric,"Total, vehicle type",42,2022,1
2022-01-01,PEI,Hybrid Electric,Passenger cars,10,2022,1
2022-01-01,PEI,Hybrid Electric,Pickup trucks,8,2022,1
2022-01-01,PEI,Hybrid Electric,Multi-purpose vehicles,15,2022,1
2022-01-01,PEI,Hybrid Electric,Vans,9,2022,1
2022-01-01,PEI,Other,"Total, vehicle type",0,2022,1
2022-01-01,PEI,Other,Passenger cars,0,2022,1
2022-01-01,PEI,Other,Pickup trucks,0,2022,1
2022-01-01,PEI,Other,Multi-purpose vehicles,0,2022,1
2022-01-01,PEI,Other,Vans,0,2022,1
2022-01-01,NB,All fuel types,"Total, vehicle type",6875,2022,1
2022-01-01,NB,All fuel types,Passenger cars,950,2022,1
2022-01-01,NB,All fuel types,Pickup trucks,1851,2022,1
2022-01-01,NB,All fuel types,Multi-purpose vehicles,3881,2022,1
2022-01-01,NB,All fuel types,Vans,193,2022,1
2022-01-01,NB,Gas,"Total, vehicle type",6252,2022,1
2022-01-01,NB,Gas,Passenger cars,858,2022,1
2022-01-01,NB,Gas,Pickup trucks,1552,2022,1
2022-01-01,NB,Gas,Multi-purpose vehicles,3704,2022,1
2022-01-01,NB,Gas,Vans,138,2022,1
2022-01-01,NB,Diesel,"Total, vehicle type",280,2022,1
2022-01-01,NB,Diesel,Passenger cars,0,2022,1
2022-01-01,NB,Diesel,Pickup trucks,263,2022,1
2022-01-01,NB,Diesel,Multi-purpose vehicles,3,2022,1
2022-01-01,NB,Diesel,Vans,14,2022,1
2022-01-01,NB,All zero-emission vehicles,"Total, vehicle type",157,2022,1
2022-01-01,NB,All zero-emission vehicles,Passenger cars,54,2022,1
2022-01-01,NB,All zero-emission vehicles,Pickup trucks,0,2022,1
2022-01-01,NB,All zero-emission vehicles,Multi-purpose vehicles,83,2022,1
2022-01-01,NB,All zero-emission vehicles,Vans,20,2022,1
2022-01-01,NB,Electric,"Total, vehicle type",94,2022,1
2022-01-01,NB,Electric,Passenger cars,37,2022,1
2022-01-01,NB,Electric,Pickup trucks,0,2022,1
2022-01-01,NB,Electric,Multi-purpose vehicles,55,2022,1
2022-01-01,NB,Electric,Vans,2,2022,1
2022-01-01,NB,Hybrid Electric,"Total, vehicle type",63,2022,1
2022-01-01,NB,Hybrid Electric,Passenger cars,17,2022,1
2022-01-01,NB,Hybrid Electric,Pickup trucks,0,2022,1
2022-01-01,NB,Hybrid Electric,Multi-purpose vehicles,28,2022,1
2022-01-01,NB,Hybrid Electric,Vans,18,2022,1
2022-01-01,NB,Hybrid Electric,"Total, vehicle type",186,2022,1
2022-01-01,NB,Hybrid Electric,Passenger cars,38,2022,1
2022-01-01,NB,Hybrid Electric,Pickup trucks,36,2022,1
2022-01-01,NB,Hybrid Electric,Multi-purpose vehicles,91,2022,1
2022-01-01,NB,Hybrid Electric,Vans,21,2022,1
2022-01-01,NB,Other,"Total, vehicle type",0,2022,1
2022-01-01,NB,Other,Passenger cars,0,2022,1
2022-01-01,NB,Other,Pickup trucks,0,2022,1
2022-01-01,NB,Other,Multi-purpose vehicles,0,2022,1
2022-01-01,NB,Other,Vans,0,2022,1
2022-01-01,QUE,All fuel types,"Total, vehicle type",81797,2022,1
2022-01-01,QUE,All fuel types,Passenger cars,15559,2022,1
2022-01-01,QUE,All fuel types,Pickup trucks,13697,2022,1
2022-01-01,QUE,All fuel types,Multi-purpose vehicles,49475,2022,1
2022-01-01,QUE,All fuel types,Vans,3066,2022,1
2022-01-01,QUE,Gas,"Total, vehicle type",65572,2022,1
2022-01-01,QUE,Gas,Passenger cars,11245,2022,1
2022-01-01,QUE,Gas,Pickup trucks,10743,2022,1
2022-01-01,QUE,Gas,Multi-purpose vehicles,41751,2022,1
2022-01-01,QUE,Gas,Vans,1833,2022,1
2022-01-01,QUE,Diesel,"Total, vehicle type",3173,2022,1
2022-01-01,QUE,Diesel,Passenger cars,0,2022,1
2022-01-01,QUE,Diesel,Pickup trucks,2640,2022,1
2022-01-01,QUE,Diesel,Multi-purpose vehicles,128,2022,1
2022-01-01,QUE,Diesel,Vans,405,2022,1
2022-01-01,QUE,All zero-emission vehicles,"Total, vehicle type",10408,2022,1
2022-01-01,QUE,All zero-emission vehicles,Passenger cars,3582,2022,1
2022-01-01,QUE,All zero-emission vehicles,Pickup trucks,0,2022,1
2022-01-01,QUE,All zero-emission vehicles,Multi-purpose vehicles,6352,2022,1
2022-01-01,QUE,All zero-emission vehicles,Vans,474,2022,1
2022-01-01,QUE,Electric,"Total, vehicle type",7530,2022,1
2022-01-01,QUE,Electric,Passenger cars,3084,2022,1
2022-01-01,QUE,Electric,Pickup trucks,0,2022,1
2022-01-01,QUE,Electric,Multi-purpose vehicles,4393,2022,1
2022-01-01,QUE,Electric,Vans,53,2022,1
2022-01-01,QUE,Hybrid Electric,"Total, vehicle type",2878,2022,1
2022-01-01,QUE,Hybrid Electric,Passenger cars,498,2022,1
2022-01-01,QUE,Hybrid Electric,Pickup trucks,0,2022,1
2022-01-01,QUE,Hybrid Electric,Multi-purpose vehicles,1959,2022,1
2022-01-01,QUE,Hybrid Electric,Vans,421,2022,1
2022-01-01,QUE,Hybrid Electric,"Total, vehicle type",2644,2022,1
2022-01-01,QUE,Hybrid Electric,Passenger cars,732,2022,1
2022-01-01,QUE,Hybrid Electric,Pickup trucks,314,2022,1
2022-01-01,QUE,Hybrid Electric,Multi-purpose vehicles,1244,2022,1
2022-01-01,QUE,Hybrid Electric,Vans,354,2022,1
2022-01-01,QUE,Other,"Total, vehicle type",0,2022,1
2022-01-01,QUE,Other,Passenger cars,0,2022,1
2022-01-01,QUE,Other,Pickup trucks,0,2022,1
2022-01-01,QUE,Other,Multi-purpose vehicles,0,2022,1
2022-01-01,QUE,Other,Vans,0,2022,1
2022-01-01,ON,All fuel types,"Total, vehicle type",135137,2022,1
2022-01-01,ON,All fuel types,Passenger cars,24105,2022,1
2022-01-01,ON,All fuel types,Pickup trucks,26220,2022,1
2022-01-01,ON,All fuel types,Multi-purpose vehicles,79278,2022,1
2022-01-01,ON,All fuel types,Vans,5534,2022,1
2022-01-01,ON,Gas,"Total, vehicle type",116038,2022,1
2022-01-01,ON,Gas,Passenger cars,19240,2022,1
2022-01-01,ON,Gas,Pickup trucks,21799,2022,1
2022-01-01,ON,Gas,Multi-purpose vehicles,71331,2022,1
2022-01-01,ON,Gas,Vans,3668,2022,1
2022-01-01,ON,Diesel,"Total, vehicle type",4930,2022,1
2022-01-01,ON,Diesel,Passenger cars,0,2022,1
2022-01-01,ON,Diesel,Pickup trucks,3860,2022,1
2022-01-01,ON,Diesel,Multi-purpose vehicles,335,2022,1
2022-01-01,ON,Diesel,Vans,735,2022,1
2022-01-01,ON,All zero-emission vehicles,"Total, vehicle type",7124,2022,1
2022-01-01,ON,All zero-emission vehicles,Passenger cars,3021,2022,1
2022-01-01,ON,All zero-emission vehicles,Pickup trucks,0,2022,1
2022-01-01,ON,All zero-emission vehicles,Multi-purpose vehicles,3858,2022,1
2022-01-01,ON,All zero-emission vehicles,Vans,245,2022,1
2022-01-01,ON,Electric,"Total, vehicle type",5686,2022,1
2022-01-01,ON,Electric,Passenger cars,2869,2022,1
2022-01-01,ON,Electric,Pickup trucks,0,2022,1
2022-01-01,ON,Electric,Multi-purpose vehicles,2813,2022,1
2022-01-01,ON,Electric,Vans,4,2022,1
2022-01-01,ON,Hybrid Electric,"Total, vehicle type",1438,2022,1
2022-01-01,ON,Hybrid Electric,Passenger cars,152,2022,1
2022-01-01,ON,Hybrid Electric,Pickup trucks,0,2022,1
2022-01-01,ON,Hybrid Electric,Multi-purpose vehicles,1045,2022,1
2022-01-01,ON,Hybrid Electric,Vans,241,2022,1
2022-01-01,ON,Hybrid Electric,"Total, vehicle type",7044,2022,1
2022-01-01,ON,Hybrid Electric,Passenger cars,1843,2022,1
2022-01-01,ON,Hybrid Electric,Pickup trucks,561,2022,1
2022-01-01,ON,Hybrid Electric,Multi-purpose vehicles,3754,2022,1
2022-01-01,ON,Hybrid Electric,Vans,886,2022,1
2022-01-01,ON,Other,"Total, vehicle type",1,2022,1
2022-01-01,ON,Other,Passenger cars,1,2022,1
2022-01-01,ON,Other,Pickup trucks,0,2022,1
2022-01-01,ON,Other,Multi-purpose vehicles,0,2022,1
2022-01-01,ON,Other,Vans,0,2022,1
2022-01-01,MB,All fuel types,"Total, vehicle type",8900,2022,1
2022-01-01,MB,All fuel types,Passenger cars,1027,2022,1
2022-01-01,MB,All fuel types,Pickup trucks,2537,2022,1
2022-01-01,MB,All fuel types,Multi-purpose vehicles,5066,2022,1
2022-01-01,MB,All fuel types,Vans,270,2022,1
2022-01-01,MB,Gas,"Total, vehicle type",8116,2022,1
2022-01-01,MB,Gas,Passenger cars,899,2022,1
2022-01-01,MB,Gas,Pickup trucks,2244,2022,1
2022-01-01,MB,Gas,Multi-purpose vehicles,4765,2022,1
2022-01-01,MB,Gas,Vans,208,2022,1
2022-01-01,MB,Diesel,"Total, vehicle type",287,2022,1
2022-01-01,MB,Diesel,Passenger cars,0,2022,1
2022-01-01,MB,Diesel,Pickup trucks,256,2022,1
2022-01-01,MB,Diesel,Multi-purpose vehicles,17,2022,1
2022-01-01,MB,Diesel,Vans,14,2022,1
2022-01-01,MB,All zero-emission vehicles,"Total, vehicle type",201,2022,1
2022-01-01,MB,All zero-emission vehicles,Passenger cars,55,2022,1
2022-01-01,MB,All zero-emission vehicles,Pickup trucks,0,2022,1
2022-01-01,MB,All zero-emission vehicles,Multi-purpose vehicles,135,2022,1
2022-01-01,MB,All zero-emission vehicles,Vans,11,2022,1
2022-01-01,MB,Electric,"Total, vehicle type",108,2022,1
2022-01-01,MB,Electric,Passenger cars,49,2022,1
2022-01-01,MB,Electric,Pickup trucks,0,2022,1
2022-01-01,MB,Electric,Multi-purpose vehicles,59,2022,1
2022-01-01,MB,Electric,Vans,0,2022,1
2022-01-01,MB,Hybrid Electric,"Total, vehicle type",93,2022,1
2022-01-01,MB,Hybrid Electric,Passenger cars,6,2022,1
2022-01-01,MB,Hybrid Electric,Pickup trucks,0,2022,1
2022-01-01,MB,Hybrid Electric,Multi-purpose vehicles,76,2022,1
2022-01-01,MB,Hybrid Electric,Vans,11,2022,1
2022-01-01,MB,Hybrid Electric,"Total, vehicle type",296,2022,1
2022-01-01,MB,Hybrid Electric,Passenger cars,73,2022,1
2022-01-01,MB,Hybrid Electric,Pickup trucks,37,2022,1
2022-01-01,MB,Hybrid Electric,Multi-purpose vehicles,149,2022,1
2022-01-01,MB,Hybrid Electric,Vans,37,2022,1
2022-01-01,MB,Other,"Total, vehicle type",0,2022,1
2022-01-01,MB,Other,Passenger cars,0,2022,1
2022-01-01,MB,Other,Pickup trucks,0,2022,1
2022-01-01,MB,Other,Multi-purpose vehicles,0,2022,1
2022-01-01,MB,Other,Vans,0,2022,1
2022-01-01,SAS,All fuel types,"Total, vehicle type",8536,2022,1
2022-01-01,SAS,All fuel types,Passenger cars,692,2022,1
2022-01-01,SAS,All fuel types,Pickup trucks,3292,2022,1
2022-01-01,SAS,All fuel types,Multi-purpose vehicles,4276,2022,1
2022-01-01,SAS,All fuel types,Vans,276,2022,1
2022-01-01,SAS,Gas,"Total, vehicle type",7381,2022,1
2022-01-01,SAS,Gas,Passenger cars,613,2022,1
2022-01-01,SAS,Gas,Pickup trucks,2585,2022,1
2022-01-01,SAS,Gas,Multi-purpose vehicles,3990,2022,1
2022-01-01,SAS,Gas,Vans,193,2022,1
2022-01-01,SAS,Diesel,"Total, vehicle type",732,2022,1
2022-01-01,SAS,Diesel,Passenger cars,0,2022,1
2022-01-01,SAS,Diesel,Pickup trucks,654,2022,1
2022-01-01,SAS,Diesel,Multi-purpose vehicles,59,2022,1
2022-01-01,SAS,Diesel,Vans,19,2022,1
2022-01-01,SAS,All zero-emission vehicles,"Total, vehicle type",130,2022,1
2022-01-01,SAS,All zero-emission vehicles,Passenger cars,40,2022,1
2022-01-01,SAS,All zero-emission vehicles,Pickup trucks,0,2022,1
2022-01-01,SAS,All zero-emission vehicles,Multi-purpose vehicles,72,2022,1
2022-01-01,SAS,All zero-emission vehicles,Vans,18,2022,1
2022-01-01,SAS,Electric,"Total, vehicle type",76,2022,1
2022-01-01,SAS,Electric,Passenger cars,33,2022,1
2022-01-01,SAS,Electric,Pickup trucks,0,2022,1
2022-01-01,SAS,Electric,Multi-purpose vehicles,42,2022,1
2022-01-01,SAS,Electric,Vans,1,2022,1
2022-01-01,SAS,Hybrid Electric,"Total, vehicle type",54,2022,1
2022-01-01,SAS,Hybrid Electric,Passenger cars,7,2022,1
2022-01-01,SAS,Hybrid Electric,Pickup trucks,0,2022,1
2022-01-01,SAS,Hybrid Electric,Multi-purpose vehicles,30,2022,1
2022-01-01,SAS,Hybrid Electric,Vans,17,2022,1
2022-01-01,SAS,Hybrid Electric,"Total, vehicle type",293,2022,1
2022-01-01,SAS,Hybrid Electric,Passenger cars,39,2022,1
2022-01-01,SAS,Hybrid Electric,Pickup trucks,53,2022,1
2022-01-01,SAS,Hybrid Electric,Multi-purpose vehicles,155,2022,1
2022-01-01,SAS,Hybrid Electric,Vans,46,2022,1
2022-01-01,SAS,Other,"Total, vehicle type",0,2022,1
2022-01-01,SAS,Other,Passenger cars,0,2022,1
2022-01-01,SAS,Other,Pickup trucks,0,2022,1
2022-01-01,SAS,Other,Multi-purpose vehicles,0,2022,1
2022-01-01,SAS,Other,Vans,0,2022,1
2022-01-01,BC,All fuel types,"Total, vehicle type",43538,2022,1
2022-01-01,BC,All fuel types,Passenger cars,9357,2022,1
2022-01-01,BC,All fuel types,Pickup trucks,9573,2022,1
2022-01-01,BC,All fuel types,Multi-purpose vehicles,22818,2022,1
2022-01-01,BC,All fuel types,Vans,1790,2022,1
2022-01-01,BC,Gas,"Total, vehicle type",31906,2022,1
2022-01-01,BC,Gas,Passenger cars,5239,2022,1
2022-01-01,BC,Gas,Pickup trucks,7337,2022,1
2022-01-01,BC,Gas,Multi-purpose vehicles,18307,2022,1
2022-01-01,BC,Gas,Vans,1023,2022,1
2022-01-01,BC,Diesel,"Total, vehicle type",2491,2022,1
2022-01-01,BC,Diesel,Passenger cars,0,2022,1
2022-01-01,BC,Diesel,Pickup trucks,2065,2022,1
2022-01-01,BC,Diesel,Multi-purpose vehicles,163,2022,1
2022-01-01,BC,Diesel,Vans,263,2022,1
2022-01-01,BC,All zero-emission vehicles,"Total, vehicle type",6706,2022,1
2022-01-01,BC,All zero-emission vehicles,Passenger cars,3156,2022,1
2022-01-01,BC,All zero-emission vehicles,Pickup trucks,1,2022,1
2022-01-01,BC,All zero-emission vehicles,Multi-purpose vehicles,3372,2022,1
2022-01-01,BC,All zero-emission vehicles,Vans,177,2022,1
2022-01-01,BC,Electric,"Total, vehicle type",5385,2022,1
2022-01-01,BC,Electric,Passenger cars,2952,2022,1
2022-01-01,BC,Electric,Pickup trucks,1,2022,1
2022-01-01,BC,Electric,Multi-purpose vehicles,2424,2022,1
2022-01-01,BC,Electric,Vans,8,2022,1
2022-01-01,BC,Hybrid Electric,"Total, vehicle type",1321,2022,1
2022-01-01,BC,Hybrid Electric,Passenger cars,204,2022,1
2022-01-01,BC,Hybrid Electric,Pickup trucks,0,2022,1
2022-01-01,BC,Hybrid Electric,Multi-purpose vehicles,948,2022,1
2022-01-01,BC,Hybrid Electric,Vans,169,2022,1
2022-01-01,BC,Hybrid Electric,"Total, vehicle type",2435,2022,1
2022-01-01,BC,Hybrid Electric,Passenger cars,962,2022,1
2022-01-01,BC,Hybrid Electric,Pickup trucks,170,2022,1
2022-01-01,BC,Hybrid Electric,Multi-purpose vehicles,976,2022,1
2022-01-01,BC,Hybrid Electric,Vans,327,2022,1
2022-01-01,BC,Other,"Total, vehicle type",0,2022,1
2022-01-01,BC,Other,Passenger cars,0,2022,1
2022-01-01,BC,Other,Pickup trucks,0,2022,1
2022-01-01,BC,Other,Multi-purpose vehicles,0,2022,1
2022-01-01,BC,Other,Vans,0,2022,1
2022-04-01,CAN,All fuel types,"Total, vehicle type",431985,2022,4
2022-04-01,CAN,All fuel types,Passenger cars,78262,2022,4
2022-04-01,CAN,All fuel types,Pickup trucks,98080,2022,4
2022-04-01,CAN,All fuel types,Multi-purpose vehicles,241378,2022,4
2022-04-01,CAN,All fuel types,Vans,14265,2022,4
2022-04-01,CAN,Gas,"Total, vehicle type",351666,2022,4
2022-04-01,CAN,Gas,Passenger cars,63461,2022,4
2022-04-01,CAN,Gas,Pickup trucks,72767,2022,4
2022-04-01,CAN,Gas,Multi-purpose vehicles,204994,2022,4
2022-04-01,CAN,Gas,Vans,10444,2022,4
2022-04-01,CAN,Diesel,"Total, vehicle type",23045,2022,4
2022-04-01,CAN,Diesel,Passenger cars,0,2022,4
2022-04-01,CAN,Diesel,Pickup trucks,21018,2022,4
2022-04-01,CAN,Diesel,Multi-purpose vehicles,929,2022,4
2022-04-01,CAN,Diesel,Vans,1098,2022,4
2022-04-01,CAN,All zero-emission vehicles,"Total, vehicle type",29840,2022,4
2022-04-01,CAN,All zero-emission vehicles,Passenger cars,9668,2022,4
2022-04-01,CAN,All zero-emission vehicles,Pickup trucks,155,2022,4
2022-04-01,CAN,All zero-emission vehicles,Multi-purpose vehicles,19118,2022,4
2022-04-01,CAN,All zero-emission vehicles,Vans,899,2022,4
2022-04-01,CAN,Electric,"Total, vehicle type",21764,2022,4
2022-04-01,CAN,Electric,Passenger cars,8431,2022,4
2022-04-01,CAN,Electric,Pickup trucks,155,2022,4
2022-04-01,CAN,Electric,Multi-purpose vehicles,12876,2022,4
2022-04-01,CAN,Electric,Vans,302,2022,4
2022-04-01,CAN,Hybrid Electric,"Total, vehicle type",8076,2022,4
2022-04-01,CAN,Hybrid Electric,Passenger cars,1237,2022,4
2022-04-01,CAN,Hybrid Electric,Pickup trucks,0,2022,4
2022-04-01,CAN,Hybrid Electric,Multi-purpose vehicles,6242,2022,4
2022-04-01,CAN,Hybrid Electric,Vans,597,2022,4
2022-04-01,CAN,Hybrid Electric,"Total, vehicle type",27422,2022,4
2022-04-01,CAN,Hybrid Electric,Passenger cars,5122,2022,4
2022-04-01,CAN,Hybrid Electric,Pickup trucks,4140,2022,4
2022-04-01,CAN,Hybrid Electric,Multi-purpose vehicles,16336,2022,4
2022-04-01,CAN,Hybrid Electric,Vans,1824,2022,4
2022-04-01,CAN,Other,"Total, vehicle type",12,2022,4
2022-04-01,CAN,Other,Passenger cars,11,2022,4
2022-04-01,CAN,Other,Pickup trucks,0,2022,4
2022-04-01,CAN,Other,Multi-purpose vehicles,1,2022,4
2022-04-01,CAN,Other,Vans,0,2022,4
2022-04-01,PEI,All fuel types,"Total, vehicle type",1675,2022,4
2022-04-01,PEI,All fuel types,Passenger cars,330,2022,4
2022-04-01,PEI,All fuel types,Pickup trucks,396,2022,4
2022-04-01,PEI,All fuel types,Multi-purpose vehicles,905,2022,4
2022-04-01,PEI,All fuel types,Vans,44,2022,4
2022-04-01,PEI,Gas,"Total, vehicle type",1449,2022,4
2022-04-01,PEI,Gas,Passenger cars,300,2022,4
2022-04-01,PEI,Gas,Pickup trucks,298,2022,4
2022-04-01,PEI,Gas,Multi-purpose vehicles,814,2022,4
2022-04-01,PEI,Gas,Vans,37,2022,4
2022-04-01,PEI,Diesel,"Total, vehicle type",81,2022,4
2022-04-01,PEI,Diesel,Passenger cars,0,2022,4
2022-04-01,PEI,Diesel,Pickup trucks,80,2022,4
2022-04-01,PEI,Diesel,Multi-purpose vehicles,1,2022,4
2022-04-01,PEI,Diesel,Vans,0,2022,4
2022-04-01,PEI,All zero-emission vehicles,"Total, vehicle type",47,2022,4
2022-04-01,PEI,All zero-emission vehicles,Passenger cars,13,2022,4
2022-04-01,PEI,All zero-emission vehicles,Pickup trucks,1,2022,4
2022-04-01,PEI,All zero-emission vehicles,Multi-purpose vehicles,31,2022,4
2022-04-01,PEI,All zero-emission vehicles,Vans,2,2022,4
2022-04-01,PEI,Electric,"Total, vehicle type",33,2022,4
2022-04-01,PEI,Electric,Passenger cars,10,2022,4
2022-04-01,PEI,Electric,Pickup trucks,1,2022,4
2022-04-01,PEI,Electric,Multi-purpose vehicles,21,2022,4
2022-04-01,PEI,Electric,Vans,1,2022,4
2022-04-01,PEI,Hybrid Electric,"Total, vehicle type",14,2022,4
2022-04-01,PEI,Hybrid Electric,Passenger cars,3,2022,4
2022-04-01,PEI,Hybrid Electric,Pickup trucks,0,2022,4
2022-04-01,PEI,Hybrid Electric,Multi-purpose vehicles,10,2022,4
2022-04-01,PEI,Hybrid Electric,Vans,1,2022,4
2022-04-01,PEI,Hybrid Electric,"Total, vehicle type",98,2022,4
2022-04-01,PEI,Hybrid Electric,Passenger cars,17,2022,4
2022-04-01,PEI,Hybrid Electric,Pickup trucks,17,2022,4
2022-04-01,PEI,Hybrid Electric,Multi-purpose vehicles,59,2022,4
2022-04-01,PEI,Hybrid Electric,Vans,5,2022,4
2022-04-01,PEI,Other,"Total, vehicle type",0,2022,4
2022-04-01,PEI,Other,Passenger cars,0,2022,4
2022-04-01,PEI,Other,Pickup trucks,0,2022,4
2022-04-01,PEI,Other,Multi-purpose vehicles,0,2022,4
2022-04-01,PEI,Other,Vans,0,2022,4
2022-04-01,NB,All fuel types,"Total, vehicle type",9746,2022,4
2022-04-01,NB,All fuel types,Passenger cars,1544,2022,4
2022-04-01,NB,All fuel types,Pickup trucks,2638,2022,4
2022-04-01,NB,All fuel types,Multi-purpose vehicles,5354,2022,4
2022-04-01,NB,All fuel types,Vans,210,2022,4
2022-04-01,NB,Gas,"Total, vehicle type",8395,2022,4
2022-04-01,NB,Gas,Passenger cars,1416,2022,4
2022-04-01,NB,Gas,Pickup trucks,2007,2022,4
2022-04-01,NB,Gas,Multi-purpose vehicles,4805,2022,4
2022-04-01,NB,Gas,Vans,167,2022,4
2022-04-01,NB,Diesel,"Total, vehicle type",545,2022,4
2022-04-01,NB,Diesel,Passenger cars,0,2022,4
2022-04-01,NB,Diesel,Pickup trucks,527,2022,4
2022-04-01,NB,Diesel,Multi-purpose vehicles,12,2022,4
2022-04-01,NB,Diesel,Vans,6,2022,4
2022-04-01,NB,All zero-emission vehicles,"Total, vehicle type",204,2022,4
2022-04-01,NB,All zero-emission vehicles,Passenger cars,46,2022,4
2022-04-01,NB,All zero-emission vehicles,Pickup trucks,3,2022,4
2022-04-01,NB,All zero-emission vehicles,Multi-purpose vehicles,149,2022,4
2022-04-01,NB,All zero-emission vehicles,Vans,6,2022,4
2022-04-01,NB,Electric,"Total, vehicle type",125,2022,4
2022-04-01,NB,Electric,Passenger cars,33,2022,4
2022-04-01,NB,Electric,Pickup trucks,3,2022,4
2022-04-01,NB,Electric,Multi-purpose vehicles,85,2022,4
2022-04-01,NB,Electric,Vans,4,2022,4
2022-04-01,NB,Hybrid Electric,"Total, vehicle type",79,2022,4
2022-04-01,NB,Hybrid Electric,Passenger cars,13,2022,4
2022-04-01,NB,Hybrid Electric,Pickup trucks,0,2022,4
2022-04-01,NB,Hybrid Electric,Multi-purpose vehicles,64,2022,4
2022-04-01,NB,Hybrid Electric,Vans,2,2022,4
2022-04-01,NB,Hybrid Electric,"Total, vehicle type",602,2022,4
2022-04-01,NB,Hybrid Electric,Passenger cars,82,2022,4
2022-04-01,NB,Hybrid Electric,Pickup trucks,101,2022,4
2022-04-01,NB,Hybrid Electric,Multi-purpose vehicles,388,2022,4
2022-04-01,NB,Hybrid Electric,Vans,31,2022,4
2022-04-01,NB,Other,"Total, vehicle type",0,2022,4
2022-04-01,NB,Other,Passenger cars,0,2022,4
2022-04-01,NB,Other,Pickup trucks,0,2022,4
2022-04-01,NB,Other,Multi-purpose vehicles,0,2022,4
2022-04-01,NB,Other,Vans,0,2022,4
2022-04-01,QUE,All fuel types,"Total, vehicle type",106111,2022,4
2022-04-01,QUE,All fuel types,Passenger cars,21495,2022,4
2022-04-01,QUE,All fuel types,Pickup trucks,19463,2022,4
2022-04-01,QUE,All fuel types,Multi-purpose vehicles,61464,2022,4
2022-04-01,QUE,All fuel types,Vans,3689,2022,4
2022-04-01,QUE,Gas,"Total, vehicle type",84470,2022,4
2022-04-01,QUE,Gas,Passenger cars,17216,2022,4
2022-04-01,QUE,Gas,Pickup trucks,13974,2022,4
2022-04-01,QUE,Gas,Multi-purpose vehicles,50730,2022,4
2022-04-01,QUE,Gas,Vans,2550,2022,4
2022-04-01,QUE,Diesel,"Total, vehicle type",4816,2022,4
2022-04-01,QUE,Diesel,Passenger cars,0,2022,4
2022-04-01,QUE,Diesel,Pickup trucks,4410,2022,4
2022-04-01,QUE,Diesel,Multi-purpose vehicles,157,2022,4
2022-04-01,QUE,Diesel,Vans,249,2022,4
2022-04-01,QUE,All zero-emission vehicles,"Total, vehicle type",11105,2022,4
2022-04-01,QUE,All zero-emission vehicles,Passenger cars,3223,2022,4
2022-04-01,QUE,All zero-emission vehicles,Pickup trucks,47,2022,4
2022-04-01,QUE,All zero-emission vehicles,Multi-purpose vehicles,7328,2022,4
2022-04-01,QUE,All zero-emission vehicles,Vans,507,2022,4
2022-04-01,QUE,Electric,"Total, vehicle type",6912,2022,4
2022-04-01,QUE,Electric,Passenger cars,2600,2022,4
2022-04-01,QUE,Electric,Pickup trucks,47,2022,4
2022-04-01,QUE,Electric,Multi-purpose vehicles,4076,2022,4
2022-04-01,QUE,Electric,Vans,189,2022,4
2022-04-01,QUE,Hybrid Electric,"Total, vehicle type",4193,2022,4
2022-04-01,QUE,Hybrid Electric,Passenger cars,623,2022,4
2022-04-01,QUE,Hybrid Electric,Pickup trucks,0,2022,4
2022-04-01,QUE,Hybrid Electric,Multi-purpose vehicles,3252,2022,4
2022-04-01,QUE,Hybrid Electric,Vans,318,2022,4
2022-04-01,QUE,Hybrid Electric,"Total, vehicle type",5718,2022,4
2022-04-01,QUE,Hybrid Electric,Passenger cars,1054,2022,4
2022-04-01,QUE,Hybrid Electric,Pickup trucks,1032,2022,4
2022-04-01,QUE,Hybrid Electric,Multi-purpose vehicles,3249,2022,4
2022-04-01,QUE,Hybrid Electric,Vans,383,2022,4
2022-04-01,QUE,Other,"Total, vehicle type",2,2022,4
2022-04-01,QUE,Other,Passenger cars,2,2022,4
2022-04-01,QUE,Other,Pickup trucks,0,2022,4
2022-04-01,QUE,Other,Multi-purpose vehicles,0,2022,4
2022-04-01,QUE,Other,Vans,0,2022,4
2022-04-01,ON,All fuel types,"Total, vehicle type",169244,2022,4
2022-04-01,ON,All fuel types,Passenger cars,32486,2022,4
2022-04-01,ON,All fuel types,Pickup trucks,34804,2022,4
2022-04-01,ON,All fuel types,Multi-purpose vehicles,96359,2022,4
2022-04-01,ON,All fuel types,Vans,5595,2022,4
2022-04-01,ON,Gas,"Total, vehicle type",141233,2022,4
2022-04-01,ON,Gas,Passenger cars,27029,2022,4
2022-04-01,ON,Gas,Pickup trucks,27272,2022,4
2022-04-01,ON,Gas,Multi-purpose vehicles,82774,2022,4
2022-04-01,ON,Gas,Vans,4158,2022,4
2022-04-01,ON,Diesel,"Total, vehicle type",6831,2022,4
2022-04-01,ON,Diesel,Passenger cars,0,2022,4
2022-04-01,ON,Diesel,Pickup trucks,5965,2022,4
2022-04-01,ON,Diesel,Multi-purpose vehicles,354,2022,4
2022-04-01,ON,Diesel,Vans,512,2022,4
2022-04-01,ON,All zero-emission vehicles,"Total, vehicle type",9534,2022,4
2022-04-01,ON,All zero-emission vehicles,Passenger cars,3175,2022,4
2022-04-01,ON,All zero-emission vehicles,Pickup trucks,59,2022,4
2022-04-01,ON,All zero-emission vehicles,Multi-purpose vehicles,6139,2022,4
2022-04-01,ON,All zero-emission vehicles,Vans,161,2022,4
2022-04-01,ON,Electric,"Total, vehicle type",7875,2022,4
2022-04-01,ON,Electric,Passenger cars,2904,2022,4
2022-04-01,ON,Electric,Pickup trucks,59,2022,4
2022-04-01,ON,Electric,Multi-purpose vehicles,4868,2022,4
2022-04-01,ON,Electric,Vans,44,2022,4
2022-04-01,ON,Hybrid Electric,"Total, vehicle type",1659,2022,4
2022-04-01,ON,Hybrid Electric,Passenger cars,271,2022,4
2022-04-01,ON,Hybrid Electric,Pickup trucks,0,2022,4
2022-04-01,ON,Hybrid Electric,Multi-purpose vehicles,1271,2022,4
2022-04-01,ON,Hybrid Electric,Vans,117,2022,4
2022-04-01,ON,Hybrid Electric,"Total, vehicle type",11645,2022,4
2022-04-01,ON,Hybrid Electric,Passenger cars,2282,2022,4
2022-04-01,ON,Hybrid Electric,Pickup trucks,1508,2022,4
2022-04-01,ON,Hybrid Electric,Multi-purpose vehicles,7091,2022,4
2022-04-01,ON,Hybrid Electric,Vans,764,2022,4
2022-04-01,ON,Other,"Total, vehicle type",1,2022,4
2022-04-01,ON,Other,Passenger cars,0,2022,4
2022-04-01,ON,Other,Pickup trucks,0,2022,4
2022-04-01,ON,Other,Multi-purpose vehicles,1,2022,4
2022-04-01,ON,Other,Vans,0,2022,4
2022-04-01,MB,All fuel types,"Total, vehicle type",11965,2022,4
2022-04-01,MB,All fuel types,Passenger cars,1674,2022,4
2022-04-01,MB,All fuel types,Pickup trucks,3319,2022,4
2022-04-01,MB,All fuel types,Multi-purpose vehicles,6607,2022,4
2022-04-01,MB,All fuel types,Vans,365,2022,4
2022-04-01,MB,Gas,"Total, vehicle type",10464,2022,4
2022-04-01,MB,Gas,Passenger cars,1553,2022,4
2022-04-01,MB,Gas,Pickup trucks,2654,2022,4
2022-04-01,MB,Gas,Multi-purpose vehicles,5969,2022,4
2022-04-01,MB,Gas,Vans,288,2022,4
2022-04-01,MB,Diesel,"Total, vehicle type",598,2022,4
2022-04-01,MB,Diesel,Passenger cars,0,2022,4
2022-04-01,MB,Diesel,Pickup trucks,567,2022,4
2022-04-01,MB,Diesel,Multi-purpose vehicles,21,2022,4
2022-04-01,MB,Diesel,Vans,10,2022,4
2022-04-01,MB,All zero-emission vehicles,"Total, vehicle type",233,2022,4
2022-04-01,MB,All zero-emission vehicles,Passenger cars,48,2022,4
2022-04-01,MB,All zero-emission vehicles,Pickup trucks,4,2022,4
2022-04-01,MB,All zero-emission vehicles,Multi-purpose vehicles,165,2022,4
2022-04-01,MB,All zero-emission vehicles,Vans,16,2022,4
2022-04-01,MB,Electric,"Total, vehicle type",131,2022,4
2022-04-01,MB,Electric,Passenger cars,40,2022,4
2022-04-01,MB,Electric,Pickup trucks,4,2022,4
2022-04-01,MB,Electric,Multi-purpose vehicles,83,2022,4
2022-04-01,MB,Electric,Vans,4,2022,4
2022-04-01,MB,Hybrid Electric,"Total, vehicle type",102,2022,4
2022-04-01,MB,Hybrid Electric,Passenger cars,8,2022,4
2022-04-01,MB,Hybrid Electric,Pickup trucks,0,2022,4
2022-04-01,MB,Hybrid Electric,Multi-purpose vehicles,82,2022,4
2022-04-01,MB,Hybrid Electric,Vans,12,2022,4
2022-04-01,MB,Hybrid Electric,"Total, vehicle type",670,2022,4
2022-04-01,MB,Hybrid Electric,Passenger cars,73,2022,4
2022-04-01,MB,Hybrid Electric,Pickup trucks,94,2022,4
2022-04-01,MB,Hybrid Electric,Multi-purpose vehicles,452,2022,4
2022-04-01,MB,Hybrid Electric,Vans,51,2022,4
2022-04-01,MB,Other,"Total, vehicle type",0,2022,4
2022-04-01,MB,Other,Passenger cars,0,2022,4
2022-04-01,MB,Other,Pickup trucks,0,2022,4
2022-04-01,MB,Other,Multi-purpose vehicles,0,2022,4
2022-04-01,MB,Other,Vans,0,2022,4
2022-04-01,SAS,All fuel types,"Total, vehicle type",13537,2022,4
2022-04-01,SAS,All fuel types,Passenger cars,1204,2022,4
2022-04-01,SAS,All fuel types,Pickup trucks,5034,2022,4
2022-04-01,SAS,All fuel types,Multi-purpose vehicles,6913,2022,4
2022-04-01,SAS,All fuel types,Vans,386,2022,4
2022-04-01,SAS,Gas,"Total, vehicle type",11269,2022,4
2022-04-01,SAS,Gas,Passenger cars,1094,2022,4
2022-04-01,SAS,Gas,Pickup trucks,3463,2022,4
2022-04-01,SAS,Gas,Multi-purpose vehicles,6400,2022,4
2022-04-01,SAS,Gas,Vans,312,2022,4
2022-04-01,SAS,Diesel,"Total, vehicle type",1534,2022,4
2022-04-01,SAS,Diesel,Passenger cars,0,2022,4
2022-04-01,SAS,Diesel,Pickup trucks,1446,2022,4
2022-04-01,SAS,Diesel,Multi-purpose vehicles,74,2022,4
2022-04-01,SAS,Diesel,Vans,14,2022,4
2022-04-01,SAS,All zero-emission vehicles,"Total, vehicle type",194,2022,4
2022-04-01,SAS,All zero-emission vehicles,Passenger cars,57,2022,4
2022-04-01,SAS,All zero-emission vehicles,Pickup trucks,5,2022,4
2022-04-01,SAS,All zero-emission vehicles,Multi-purpose vehicles,119,2022,4
2022-04-01,SAS,All zero-emission vehicles,Vans,13,2022,4
2022-04-01,SAS,Electric,"Total, vehicle type",128,2022,4
2022-04-01,SAS,Electric,Passenger cars,54,2022,4
2022-04-01,SAS,Electric,Pickup trucks,5,2022,4
2022-04-01,SAS,Electric,Multi-purpose vehicles,68,2022,4
2022-04-01,SAS,Electric,Vans,1,2022,4
2022-04-01,SAS,Hybrid Electric,"Total, vehicle type",66,2022,4
2022-04-01,SAS,Hybrid Electric,Passenger cars,3,2022,4
2022-04-01,SAS,Hybrid Electric,Pickup trucks,0,2022,4
2022-04-01,SAS,Hybrid Electric,Multi-purpose vehicles,51,2022,4
2022-04-01,SAS,Hybrid Electric,Vans,12,2022,4
2022-04-01,SAS,Hybrid Electric,"Total, vehicle type",540,2022,4
2022-04-01,SAS,Hybrid Electric,Passenger cars,53,2022,4
2022-04-01,SAS,Hybrid Electric,Pickup trucks,120,2022,4
2022-04-01,SAS,Hybrid Electric,Multi-purpose vehicles,320,2022,4
2022-04-01,SAS,Hybrid Electric,Vans,47,2022,4
2022-04-01,SAS,Other,"Total, vehicle type",0,2022,4
2022-04-01,SAS,Other,Passenger cars,0,2022,4
2022-04-01,SAS,Other,Pickup trucks,0,2022,4
2022-04-01,SAS,Other,Multi-purpose vehicles,0,2022,4
2022-04-01,SAS,Other,Vans,0,2022,4
2022-04-01,BC,All fuel types,"Total, vehicle type",51571,2022,4
2022-04-01,BC,All fuel types,Passenger cars,10598,2022,4
2022-04-01,BC,All fuel types,Pickup trucks,10745,2022,4
2022-04-01,BC,All fuel types,Multi-purpose vehicles,28235,2022,4
2022-04-01,BC,All fuel types,Vans,1993,2022,4
2022-04-01,BC,Gas,"Total, vehicle type",36793,2022,4
2022-04-01,BC,Gas,Passenger cars,6729,2022,4
2022-04-01,BC,Gas,Pickup trucks,7451,2022,4
2022-04-01,BC,Gas,Multi-purpose vehicles,21194,2022,4
2022-04-01,BC,Gas,Vans,1419,2022,4
2022-04-01,BC,Diesel,"Total, vehicle type",3060,2022,4
2022-04-01,BC,Diesel,Passenger cars,0,2022,4
2022-04-01,BC,Diesel,Pickup trucks,2736,2022,4
2022-04-01,BC,Diesel,Multi-purpose vehicles,137,2022,4
2022-04-01,BC,Diesel,Vans,187,2022,4
2022-04-01,BC,All zero-emission vehicles,"Total, vehicle type",7098,2022,4
2022-04-01,BC,All zero-emission vehicles,Passenger cars,2717,2022,4
2022-04-01,BC,All zero-emission vehicles,Pickup trucks,16,2022,4
2022-04-01,BC,All zero-emission vehicles,Multi-purpose vehicles,4236,2022,4
2022-04-01,BC,All zero-emission vehicles,Vans,129,2022,4
2022-04-01,BC,Electric,"Total, vehicle type",5553,2022,4
2022-04-01,BC,Electric,Passenger cars,2452,2022,4
2022-04-01,BC,Electric,Pickup trucks,16,2022,4
2022-04-01,BC,Electric,Multi-purpose vehicles,3039,2022,4
2022-04-01,BC,Electric,Vans,46,2022,4
2022-04-01,BC,Hybrid Electric,"Total, vehicle type",1545,2022,4
2022-04-01,BC,Hybrid Electric,Passenger cars,265,2022,4
2022-04-01,BC,Hybrid Electric,Pickup trucks,0,2022,4
2022-04-01,BC,Hybrid Electric,Multi-purpose vehicles,1197,2022,4
2022-04-01,BC,Hybrid Electric,Vans,83,2022,4
2022-04-01,BC,Hybrid Electric,"Total, vehicle type",4611,2022,4
2022-04-01,BC,Hybrid Electric,Passenger cars,1143,2022,4
2022-04-01,BC,Hybrid Electric,Pickup trucks,542,2022,4
2022-04-01,BC,Hybrid Electric,Multi-purpose vehicles,2668,2022,4
2022-04-01,BC,Hybrid Electric,Vans,258,2022,4
2022-04-01,BC,Other,"Total, vehicle type",9,2022,4
2022-04-01,BC,Other,Passenger cars,9,2022,4
2022-04-01,BC,Other,Pickup trucks,0,2022,4
2022-04-01,BC,Other,Multi-purpose vehicles,0,2022,4
2022-04-01,BC,Other,Vans,0,2022,4
2022-07-01,CAN,All fuel types,"Total, vehicle type",394492,2022,7
2022-07-01,CAN,All fuel types,Passenger cars,76806,2022,7
2022-07-01,CAN,All fuel types,Pickup trucks,91016,2022,7
2022-07-01,CAN,All fuel types,Multi-purpose vehicles,215913,2022,7
2022-07-01,CAN,All fuel types,Vans,10757,2022,7
2022-07-01,CAN,Gas,"Total, vehicle type",319037,2022,7
2022-07-01,CAN,Gas,Passenger cars,58409,2022,7
2022-07-01,CAN,Gas,Pickup trucks,68265,2022,7
2022-07-01,CAN,Gas,Multi-purpose vehicles,184325,2022,7
2022-07-01,CAN,Gas,Vans,8038,2022,7
2022-07-01,CAN,Diesel,"Total, vehicle type",19681,2022,7
2022-07-01,CAN,Diesel,Passenger cars,0,2022,7
2022-07-01,CAN,Diesel,Pickup trucks,17962,2022,7
2022-07-01,CAN,Diesel,Multi-purpose vehicles,669,2022,7
2022-07-01,CAN,Diesel,Vans,1050,2022,7
2022-07-01,CAN,All zero-emission vehicles,"Total, vehicle type",34316,2022,7
2022-07-01,CAN,All zero-emission vehicles,Passenger cars,14806,2022,7
2022-07-01,CAN,All zero-emission vehicles,Pickup trucks,1260,2022,7
2022-07-01,CAN,All zero-emission vehicles,Multi-purpose vehicles,17549,2022,7
2022-07-01,CAN,All zero-emission vehicles,Vans,701,2022,7
2022-07-01,CAN,Electric,"Total, vehicle type",29376,2022,7
2022-07-01,CAN,Electric,Passenger cars,13797,2022,7
2022-07-01,CAN,Electric,Pickup trucks,1260,2022,7
2022-07-01,CAN,Electric,Multi-purpose vehicles,14089,2022,7
2022-07-01,CAN,Electric,Vans,230,2022,7
2022-07-01,CAN,Hybrid Electric,"Total, vehicle type",4940,2022,7
2022-07-01,CAN,Hybrid Electric,Passenger cars,1009,2022,7
2022-07-01,CAN,Hybrid Electric,Pickup trucks,0,2022,7
2022-07-01,CAN,Hybrid Electric,Multi-purpose vehicles,3460,2022,7
2022-07-01,CAN,Hybrid Electric,Vans,471,2022,7
2022-07-01,CAN,Hybrid Electric,"Total, vehicle type",21453,2022,7
2022-07-01,CAN,Hybrid Electric,Passenger cars,3586,2022,7
2022-07-01,CAN,Hybrid Electric,Pickup trucks,3529,2022,7
2022-07-01,CAN,Hybrid Electric,Multi-purpose vehicles,13370,2022,7
2022-07-01,CAN,Hybrid Electric,Vans,968,2022,7
2022-07-01,CAN,Other,"Total, vehicle type",5,2022,7
2022-07-01,CAN,Other,Passenger cars,5,2022,7
2022-07-01,CAN,Other,Pickup trucks,0,2022,7
2022-07-01,CAN,Other,Multi-purpose vehicles,0,2022,7
2022-07-01,CAN,Other,Vans,0,2022,7
2022-07-01,PEI,All fuel types,"Total, vehicle type",1394,2022,7
2022-07-01,PEI,All fuel types,Passenger cars,287,2022,7
2022-07-01,PEI,All fuel types,Pickup trucks,369,2022,7
2022-07-01,PEI,All fuel types,Multi-purpose vehicles,718,2022,7
2022-07-01,PEI,All fuel types,Vans,20,2022,7
2022-07-01,PEI,Gas,"Total, vehicle type",1170,2022,7
2022-07-01,PEI,Gas,Passenger cars,252,2022,7
2022-07-01,PEI,Gas,Pickup trucks,279,2022,7
2022-07-01,PEI,Gas,Multi-purpose vehicles,627,2022,7
2022-07-01,PEI,Gas,Vans,12,2022,7
2022-07-01,PEI,Diesel,"Total, vehicle type",73,2022,7
2022-07-01,PEI,Diesel,Passenger cars,0,2022,7
2022-07-01,PEI,Diesel,Pickup trucks,71,2022,7
2022-07-01,PEI,Diesel,Multi-purpose vehicles,1,2022,7
2022-07-01,PEI,Diesel,Vans,1,2022,7
2022-07-01,PEI,All zero-emission vehicles,"Total, vehicle type",73,2022,7
2022-07-01,PEI,All zero-emission vehicles,Passenger cars,28,2022,7
2022-07-01,PEI,All zero-emission vehicles,Pickup trucks,5,2022,7
2022-07-01,PEI,All zero-emission vehicles,Multi-purpose vehicles,38,2022,7
2022-07-01,PEI,All zero-emission vehicles,Vans,2,2022,7
2022-07-01,PEI,Electric,"Total, vehicle type",62,2022,7
2022-07-01,PEI,Electric,Passenger cars,27,2022,7
2022-07-01,PEI,Electric,Pickup trucks,5,2022,7
2022-07-01,PEI,Electric,Multi-purpose vehicles,29,2022,7
2022-07-01,PEI,Electric,Vans,1,2022,7
2022-07-01,PEI,Hybrid Electric,"Total, vehicle type",11,2022,7
2022-07-01,PEI,Hybrid Electric,Passenger cars,1,2022,7
2022-07-01,PEI,Hybrid Electric,Pickup trucks,0,2022,7
2022-07-01,PEI,Hybrid Electric,Multi-purpose vehicles,9,2022,7
2022-07-01,PEI,Hybrid Electric,Vans,1,2022,7
2022-07-01,PEI,Hybrid Electric,"Total, vehicle type",78,2022,7
2022-07-01,PEI,Hybrid Electric,Passenger cars,7,2022,7
2022-07-01,PEI,Hybrid Electric,Pickup trucks,14,2022,7
2022-07-01,PEI,Hybrid Electric,Multi-purpose vehicles,52,2022,7
2022-07-01,PEI,Hybrid Electric,Vans,5,2022,7
2022-07-01,PEI,Other,"Total, vehicle type",0,2022,7
2022-07-01,PEI,Other,Passenger cars,0,2022,7
2022-07-01,PEI,Other,Pickup trucks,0,2022,7
2022-07-01,PEI,Other,Multi-purpose vehicles,0,2022,7
2022-07-01,PEI,Other,Vans,0,2022,7
2022-07-01,NB,All fuel types,"Total, vehicle type",8479,2022,7
2022-07-01,NB,All fuel types,Passenger cars,1424,2022,7
2022-07-01,NB,All fuel types,Pickup trucks,2330,2022,7
2022-07-01,NB,All fuel types,Multi-purpose vehicles,4572,2022,7
2022-07-01,NB,All fuel types,Vans,153,2022,7
2022-07-01,NB,Gas,"Total, vehicle type",7463,2022,7
2022-07-01,NB,Gas,Passenger cars,1272,2022,7
2022-07-01,NB,Gas,Pickup trucks,1894,2022,7
2022-07-01,NB,Gas,Multi-purpose vehicles,4160,2022,7
2022-07-01,NB,Gas,Vans,137,2022,7
2022-07-01,NB,Diesel,"Total, vehicle type",349,2022,7
2022-07-01,NB,Diesel,Passenger cars,0,2022,7
2022-07-01,NB,Diesel,Pickup trucks,344,2022,7
2022-07-01,NB,Diesel,Multi-purpose vehicles,4,2022,7
2022-07-01,NB,Diesel,Vans,1,2022,7
2022-07-01,NB,All zero-emission vehicles,"Total, vehicle type",252,2022,7
2022-07-01,NB,All zero-emission vehicles,Passenger cars,86,2022,7
2022-07-01,NB,All zero-emission vehicles,Pickup trucks,13,2022,7
2022-07-01,NB,All zero-emission vehicles,Multi-purpose vehicles,149,2022,7
2022-07-01,NB,All zero-emission vehicles,Vans,4,2022,7
2022-07-01,NB,Electric,"Total, vehicle type",189,2022,7
2022-07-01,NB,Electric,Passenger cars,78,2022,7
2022-07-01,NB,Electric,Pickup trucks,13,2022,7
2022-07-01,NB,Electric,Multi-purpose vehicles,97,2022,7
2022-07-01,NB,Electric,Vans,1,2022,7
2022-07-01,NB,Hybrid Electric,"Total, vehicle type",63,2022,7
2022-07-01,NB,Hybrid Electric,Passenger cars,8,2022,7
2022-07-01,NB,Hybrid Electric,Pickup trucks,0,2022,7
2022-07-01,NB,Hybrid Electric,Multi-purpose vehicles,52,2022,7
2022-07-01,NB,Hybrid Electric,Vans,3,2022,7
2022-07-01,NB,Hybrid Electric,"Total, vehicle type",415,2022,7
2022-07-01,NB,Hybrid Electric,Passenger cars,66,2022,7
2022-07-01,NB,Hybrid Electric,Pickup trucks,79,2022,7
2022-07-01,NB,Hybrid Electric,Multi-purpose vehicles,259,2022,7
2022-07-01,NB,Hybrid Electric,Vans,11,2022,7
2022-07-01,NB,Other,"Total, vehicle type",0,2022,7
2022-07-01,NB,Other,Passenger cars,0,2022,7
2022-07-01,NB,Other,Pickup trucks,0,2022,7
2022-07-01,NB,Other,Multi-purpose vehicles,0,2022,7
2022-07-01,NB,Other,Vans,0,2022,7
2022-07-01,QUE,All fuel types,"Total, vehicle type",97833,2022,7
2022-07-01,QUE,All fuel types,Passenger cars,23130,2022,7
2022-07-01,QUE,All fuel types,Pickup trucks,17330,2022,7
2022-07-01,QUE,All fuel types,Multi-purpose vehicles,54647,2022,7
2022-07-01,QUE,All fuel types,Vans,2726,2022,7
2022-07-01,QUE,Gas,"Total, vehicle type",77194,2022,7
2022-07-01,QUE,Gas,Passenger cars,16399,2022,7
2022-07-01,QUE,Gas,Pickup trucks,12708,2022,7
2022-07-01,QUE,Gas,Multi-purpose vehicles,46199,2022,7
2022-07-01,QUE,Gas,Vans,1888,2022,7
2022-07-01,QUE,Diesel,"Total, vehicle type",3866,2022,7
2022-07-01,QUE,Diesel,Passenger cars,0,2022,7
2022-07-01,QUE,Diesel,Pickup trucks,3537,2022,7
2022-07-01,QUE,Diesel,Multi-purpose vehicles,103,2022,7
2022-07-01,QUE,Diesel,Vans,226,2022,7
2022-07-01,QUE,All zero-emission vehicles,"Total, vehicle type",12205,2022,7
2022-07-01,QUE,All zero-emission vehicles,Passenger cars,5797,2022,7
2022-07-01,QUE,All zero-emission vehicles,Pickup trucks,300,2022,7
2022-07-01,QUE,All zero-emission vehicles,Multi-purpose vehicles,5658,2022,7
2022-07-01,QUE,All zero-emission vehicles,Vans,450,2022,7
2022-07-01,QUE,Electric,"Total, vehicle type",9792,2022,7
2022-07-01,QUE,Electric,Passenger cars,5282,2022,7
2022-07-01,QUE,Electric,Pickup trucks,300,2022,7
2022-07-01,QUE,Electric,Multi-purpose vehicles,4096,2022,7
2022-07-01,QUE,Electric,Vans,114,2022,7
2022-07-01,QUE,Hybrid Electric,"Total, vehicle type",2413,2022,7
2022-07-01,QUE,Hybrid Electric,Passenger cars,515,2022,7
2022-07-01,QUE,Hybrid Electric,Pickup trucks,0,2022,7
2022-07-01,QUE,Hybrid Electric,Multi-purpose vehicles,1562,2022,7
2022-07-01,QUE,Hybrid Electric,Vans,336,2022,7
2022-07-01,QUE,Hybrid Electric,"Total, vehicle type",4568,2022,7
2022-07-01,QUE,Hybrid Electric,Passenger cars,934,2022,7
2022-07-01,QUE,Hybrid Electric,Pickup trucks,785,2022,7
2022-07-01,QUE,Hybrid Electric,Multi-purpose vehicles,2687,2022,7
2022-07-01,QUE,Hybrid Electric,Vans,162,2022,7
2022-07-01,QUE,Other,"Total, vehicle type",0,2022,7
2022-07-01,QUE,Other,Passenger cars,0,2022,7
2022-07-01,QUE,Other,Pickup trucks,0,2022,7
2022-07-01,QUE,Other,Multi-purpose vehicles,0,2022,7
2022-07-01,QUE,Other,Vans,0,2022,7
2022-07-01,ON,All fuel types,"Total, vehicle type",153779,2022,7
2022-07-01,ON,All fuel types,Passenger cars,30648,2022,7
2022-07-01,ON,All fuel types,Pickup trucks,32032,2022,7
2022-07-01,ON,All fuel types,Multi-purpose vehicles,86604,2022,7
2022-07-01,ON,All fuel types,Vans,4495,2022,7
2022-07-01,ON,Gas,"Total, vehicle type",127474,2022,7
2022-07-01,ON,Gas,Passenger cars,24925,2022,7
2022-07-01,ON,Gas,Pickup trucks,24998,2022,7
2022-07-01,ON,Gas,Multi-purpose vehicles,74167,2022,7
2022-07-01,ON,Gas,Vans,3384,2022,7
2022-07-01,ON,Diesel,"Total, vehicle type",5916,2022,7
2022-07-01,ON,Diesel,Passenger cars,0,2022,7
2022-07-01,ON,Diesel,Pickup trucks,5151,2022,7
2022-07-01,ON,Diesel,Multi-purpose vehicles,293,2022,7
2022-07-01,ON,Diesel,Vans,472,2022,7
2022-07-01,ON,All zero-emission vehicles,"Total, vehicle type",11013,2022,7
2022-07-01,ON,All zero-emission vehicles,Passenger cars,4196,2022,7
2022-07-01,ON,All zero-emission vehicles,Pickup trucks,469,2022,7
2022-07-01,ON,All zero-emission vehicles,Multi-purpose vehicles,6207,2022,7
2022-07-01,ON,All zero-emission vehicles,Vans,141,2022,7
2022-07-01,ON,Electric,"Total, vehicle type",9716,2022,7
2022-07-01,ON,Electric,Passenger cars,3995,2022,7
2022-07-01,ON,Electric,Pickup trucks,469,2022,7
2022-07-01,ON,Electric,Multi-purpose vehicles,5206,2022,7
2022-07-01,ON,Electric,Vans,46,2022,7
2022-07-01,ON,Hybrid Electric,"Total, vehicle type",1297,2022,7
2022-07-01,ON,Hybrid Electric,Passenger cars,201,2022,7
2022-07-01,ON,Hybrid Electric,Pickup trucks,0,2022,7
2022-07-01,ON,Hybrid Electric,Multi-purpose vehicles,1001,2022,7
2022-07-01,ON,Hybrid Electric,Vans,95,2022,7
2022-07-01,ON,Hybrid Electric,"Total, vehicle type",9376,2022,7
2022-07-01,ON,Hybrid Electric,Passenger cars,1527,2022,7
2022-07-01,ON,Hybrid Electric,Pickup trucks,1414,2022,7
2022-07-01,ON,Hybrid Electric,Multi-purpose vehicles,5937,2022,7
2022-07-01,ON,Hybrid Electric,Vans,498,2022,7
2022-07-01,ON,Other,"Total, vehicle type",0,2022,7
2022-07-01,ON,Other,Passenger cars,0,2022,7
2022-07-01,ON,Other,Pickup trucks,0,2022,7
2022-07-01,ON,Other,Multi-purpose vehicles,0,2022,7
2022-07-01,ON,Other,Vans,0,2022,7
2022-07-01,MB,All fuel types,"Total, vehicle type",10518,2022,7
2022-07-01,MB,All fuel types,Passenger cars,1482,2022,7
2022-07-01,MB,All fuel types,Pickup trucks,2876,2022,7
2022-07-01,MB,All fuel types,Multi-purpose vehicles,5873,2022,7
2022-07-01,MB,All fuel types,Vans,287,2022,7
2022-07-01,MB,Gas,"Total, vehicle type",9299,2022,7
2022-07-01,MB,Gas,Passenger cars,1342,2022,7
2022-07-01,MB,Gas,Pickup trucks,2341,2022,7
2022-07-01,MB,Gas,Multi-purpose vehicles,5370,2022,7
2022-07-01,MB,Gas,Vans,246,2022,7
2022-07-01,MB,Diesel,"Total, vehicle type",450,2022,7
2022-07-01,MB,Diesel,Passenger cars,0,2022,7
2022-07-01,MB,Diesel,Pickup trucks,425,2022,7
2022-07-01,MB,Diesel,Multi-purpose vehicles,18,2022,7
2022-07-01,MB,Diesel,Vans,7,2022,7
2022-07-01,MB,All zero-emission vehicles,"Total, vehicle type",314,2022,7
2022-07-01,MB,All zero-emission vehicles,Passenger cars,84,2022,7
2022-07-01,MB,All zero-emission vehicles,Pickup trucks,30,2022,7
2022-07-01,MB,All zero-emission vehicles,Multi-purpose vehicles,189,2022,7
2022-07-01,MB,All zero-emission vehicles,Vans,11,2022,7
2022-07-01,MB,Electric,"Total, vehicle type",261,2022,7
2022-07-01,MB,Electric,Passenger cars,75,2022,7
2022-07-01,MB,Electric,Pickup trucks,30,2022,7
2022-07-01,MB,Electric,Multi-purpose vehicles,146,2022,7
2022-07-01,MB,Electric,Vans,10,2022,7
2022-07-01,MB,Hybrid Electric,"Total, vehicle type",53,2022,7
2022-07-01,MB,Hybrid Electric,Passenger cars,9,2022,7
2022-07-01,MB,Hybrid Electric,Pickup trucks,0,2022,7
2022-07-01,MB,Hybrid Electric,Multi-purpose vehicles,43,2022,7
2022-07-01,MB,Hybrid Electric,Vans,1,2022,7
2022-07-01,MB,Hybrid Electric,"Total, vehicle type",455,2022,7
2022-07-01,MB,Hybrid Electric,Passenger cars,56,2022,7
2022-07-01,MB,Hybrid Electric,Pickup trucks,80,2022,7
2022-07-01,MB,Hybrid Electric,Multi-purpose vehicles,296,2022,7
2022-07-01,MB,Hybrid Electric,Vans,23,2022,7
2022-07-01,MB,Other,"Total, vehicle type",0,2022,7
2022-07-01,MB,Other,Passenger cars,0,2022,7
2022-07-01,MB,Other,Pickup trucks,0,2022,7
2022-07-01,MB,Other,Multi-purpose vehicles,0,2022,7
2022-07-01,MB,Other,Vans,0,2022,7
2022-07-01,SAS,All fuel types,"Total, vehicle type",11154,2022,7
2022-07-01,SAS,All fuel types,Passenger cars,928,2022,7
2022-07-01,SAS,All fuel types,Pickup trucks,4234,2022,7
2022-07-01,SAS,All fuel types,Multi-purpose vehicles,5777,2022,7
2022-07-01,SAS,All fuel types,Vans,215,2022,7
2022-07-01,SAS,Gas,"Total, vehicle type",9438,2022,7
2022-07-01,SAS,Gas,Passenger cars,845,2022,7
2022-07-01,SAS,Gas,Pickup trucks,3015,2022,7
2022-07-01,SAS,Gas,Multi-purpose vehicles,5382,2022,7
2022-07-01,SAS,Gas,Vans,196,2022,7
2022-07-01,SAS,Diesel,"Total, vehicle type",1159,2022,7
2022-07-01,SAS,Diesel,Passenger cars,0,2022,7
2022-07-01,SAS,Diesel,Pickup trucks,1113,2022,7
2022-07-01,SAS,Diesel,Multi-purpose vehicles,40,2022,7
2022-07-01,SAS,Diesel,Vans,6,2022,7
2022-07-01,SAS,All zero-emission vehicles,"Total, vehicle type",203,2022,7
2022-07-01,SAS,All zero-emission vehicles,Passenger cars,53,2022,7
2022-07-01,SAS,All zero-emission vehicles,Pickup trucks,31,2022,7
2022-07-01,SAS,All zero-emission vehicles,Multi-purpose vehicles,117,2022,7
2022-07-01,SAS,All zero-emission vehicles,Vans,2,2022,7
2022-07-01,SAS,Electric,"Total, vehicle type",174,2022,7
2022-07-01,SAS,Electric,Passenger cars,48,2022,7
2022-07-01,SAS,Electric,Pickup trucks,31,2022,7
2022-07-01,SAS,Electric,Multi-purpose vehicles,94,2022,7
2022-07-01,SAS,Electric,Vans,1,2022,7
2022-07-01,SAS,Hybrid Electric,"Total, vehicle type",29,2022,7
2022-07-01,SAS,Hybrid Electric,Passenger cars,5,2022,7
2022-07-01,SAS,Hybrid Electric,Pickup trucks,0,2022,7
2022-07-01,SAS,Hybrid Electric,Multi-purpose vehicles,23,2022,7
2022-07-01,SAS,Hybrid Electric,Vans,1,2022,7
2022-07-01,SAS,Hybrid Electric,"Total, vehicle type",354,2022,7
2022-07-01,SAS,Hybrid Electric,Passenger cars,30,2022,7
2022-07-01,SAS,Hybrid Electric,Pickup trucks,75,2022,7
2022-07-01,SAS,Hybrid Electric,Multi-purpose vehicles,238,2022,7
2022-07-01,SAS,Hybrid Electric,Vans,11,2022,7
2022-07-01,SAS,Other,"Total, vehicle type",0,2022,7
2022-07-01,SAS,Other,Passenger cars,0,2022,7
2022-07-01,SAS,Other,Pickup trucks,0,2022,7
2022-07-01,SAS,Other,Multi-purpose vehicles,0,2022,7
2022-07-01,SAS,Other,Vans,0,2022,7
2022-07-01,BC,All fuel types,"Total, vehicle type",47224,2022,7
2022-07-01,BC,All fuel types,Passenger cars,10743,2022,7
2022-07-01,BC,All fuel types,Pickup trucks,10021,2022,7
2022-07-01,BC,All fuel types,Multi-purpose vehicles,25089,2022,7
2022-07-01,BC,All fuel types,Vans,1371,2022,7
2022-07-01,BC,Gas,"Total, vehicle type",32978,2022,7
2022-07-01,BC,Gas,Passenger cars,6117,2022,7
2022-07-01,BC,Gas,Pickup trucks,6942,2022,7
2022-07-01,BC,Gas,Multi-purpose vehicles,18999,2022,7
2022-07-01,BC,Gas,Vans,920,2022,7
2022-07-01,BC,Diesel,"Total, vehicle type",2686,2022,7
2022-07-01,BC,Diesel,Passenger cars,0,2022,7
2022-07-01,BC,Diesel,Pickup trucks,2364,2022,7
2022-07-01,BC,Diesel,Multi-purpose vehicles,76,2022,7
2022-07-01,BC,Diesel,Vans,246,2022,7
2022-07-01,BC,All zero-emission vehicles,"Total, vehicle type",8293,2022,7
2022-07-01,BC,All zero-emission vehicles,Passenger cars,3976,2022,7
2022-07-01,BC,All zero-emission vehicles,Pickup trucks,262,2022,7
2022-07-01,BC,All zero-emission vehicles,Multi-purpose vehicles,3988,2022,7
2022-07-01,BC,All zero-emission vehicles,Vans,67,2022,7
2022-07-01,BC,Electric,"Total, vehicle type",7506,2022,7
2022-07-01,BC,Electric,Passenger cars,3757,2022,7
2022-07-01,BC,Electric,Pickup trucks,262,2022,7
2022-07-01,BC,Electric,Multi-purpose vehicles,3445,2022,7
2022-07-01,BC,Electric,Vans,42,2022,7
2022-07-01,BC,Hybrid Electric,"Total, vehicle type",787,2022,7
2022-07-01,BC,Hybrid Electric,Passenger cars,219,2022,7
2022-07-01,BC,Hybrid Electric,Pickup trucks,0,2022,7
2022-07-01,BC,Hybrid Electric,Multi-purpose vehicles,543,2022,7
2022-07-01,BC,Hybrid Electric,Vans,25,2022,7
2022-07-01,BC,Hybrid Electric,"Total, vehicle type",3262,2022,7
2022-07-01,BC,Hybrid Electric,Passenger cars,645,2022,7
2022-07-01,BC,Hybrid Electric,Pickup trucks,453,2022,7
2022-07-01,BC,Hybrid Electric,Multi-purpose vehicles,2026,2022,7
2022-07-01,BC,Hybrid Electric,Vans,138,2022,7
2022-07-01,BC,Other,"Total, vehicle type",5,2022,7
2022-07-01,BC,Other,Passenger cars,5,2022,7
2022-07-01,BC,Other,Pickup trucks,0,2022,7
2022-07-01,BC,Other,Multi-purpose vehicles,0,2022,7
2022-07-01,BC,Other,Vans,0,2022,7
2022-10-01,CAN,All fuel types,"Total, vehicle type",346478,2022,10
2022-10-01,CAN,All fuel types,Passenger cars,55837,2022,10
2022-10-01,CAN,All fuel types,Pickup trucks,83343,2022,10
2022-10-01,CAN,All fuel types,Multi-purpose vehicles,196875,2022,10
2022-10-01,CAN,All fuel types,Vans,10423,2022,10
2022-10-01,CAN,Gas,"Total, vehicle type",279160,2022,10
2022-10-01,CAN,Gas,Passenger cars,43268,2022,10
2022-10-01,CAN,Gas,Pickup trucks,64323,2022,10
2022-10-01,CAN,Gas,Multi-purpose vehicles,163461,2022,10
2022-10-01,CAN,Gas,Vans,8108,2022,10
2022-10-01,CAN,Diesel,"Total, vehicle type",16536,2022,10
2022-10-01,CAN,Diesel,Passenger cars,0,2022,10
2022-10-01,CAN,Diesel,Pickup trucks,15070,2022,10
2022-10-01,CAN,Diesel,Multi-purpose vehicles,684,2022,10
2022-10-01,CAN,Diesel,Vans,782,2022,10
2022-10-01,CAN,All zero-emission vehicles,"Total, vehicle type",33420,2022,10
2022-10-01,CAN,All zero-emission vehicles,Passenger cars,9651,2022,10
2022-10-01,CAN,All zero-emission vehicles,Pickup trucks,1030,2022,10
2022-10-01,CAN,All zero-emission vehicles,Multi-purpose vehicles,22223,2022,10
2022-10-01,CAN,All zero-emission vehicles,Vans,516,2022,10
2022-10-01,CAN,Electric,"Total, vehicle type",27775,2022,10
2022-10-01,CAN,Electric,Passenger cars,8928,2022,10
2022-10-01,CAN,Electric,Pickup trucks,1030,2022,10
2022-10-01,CAN,Electric,Multi-purpose vehicles,17506,2022,10
2022-10-01,CAN,Electric,Vans,311,2022,10
2022-10-01,CAN,Hybrid Electric,"Total, vehicle type",5645,2022,10
2022-10-01,CAN,Hybrid Electric,Passenger cars,723,2022,10
2022-10-01,CAN,Hybrid Electric,Pickup trucks,0,2022,10
2022-10-01,CAN,Hybrid Electric,Multi-purpose vehicles,4717,2022,10
2022-10-01,CAN,Hybrid Electric,Vans,205,2022,10
2022-10-01,CAN,Hybrid Electric,"Total, vehicle type",17362,2022,10
2022-10-01,CAN,Hybrid Electric,Passenger cars,2918,2022,10
2022-10-01,CAN,Hybrid Electric,Pickup trucks,2920,2022,10
2022-10-01,CAN,Hybrid Electric,Multi-purpose vehicles,10507,2022,10
2022-10-01,CAN,Hybrid Electric,Vans,1017,2022,10
2022-10-01,CAN,Other,"Total, vehicle type",0,2022,10
2022-10-01,CAN,Other,Passenger cars,0,2022,10
2022-10-01,CAN,Other,Pickup trucks,0,2022,10
2022-10-01,CAN,Other,Multi-purpose vehicles,0,2022,10
2022-10-01,CAN,Other,Vans,0,2022,10
2022-10-01,PEI,All fuel types,"Total, vehicle type",1384,2022,10
2022-10-01,PEI,All fuel types,Passenger cars,239,2022,10
2022-10-01,PEI,All fuel types,Pickup trucks,362,2022,10
2022-10-01,PEI,All fuel types,Multi-purpose vehicles,763,2022,10
2022-10-01,PEI,All fuel types,Vans,20,2022,10
2022-10-01,PEI,Gas,"Total, vehicle type",1209,2022,10
2022-10-01,PEI,Gas,Passenger cars,211,2022,10
2022-10-01,PEI,Gas,Pickup trucks,289,2022,10
2022-10-01,PEI,Gas,Multi-purpose vehicles,695,2022,10
2022-10-01,PEI,Gas,Vans,14,2022,10
2022-10-01,PEI,Diesel,"Total, vehicle type",52,2022,10
2022-10-01,PEI,Diesel,Passenger cars,0,2022,10
2022-10-01,PEI,Diesel,Pickup trucks,50,2022,10
2022-10-01,PEI,Diesel,Multi-purpose vehicles,0,2022,10
2022-10-01,PEI,Diesel,Vans,2,2022,10
2022-10-01,PEI,All zero-emission vehicles,"Total, vehicle type",55,2022,10
2022-10-01,PEI,All zero-emission vehicles,Passenger cars,22,2022,10
2022-10-01,PEI,All zero-emission vehicles,Pickup trucks,1,2022,10
2022-10-01,PEI,All zero-emission vehicles,Multi-purpose vehicles,32,2022,10
2022-10-01,PEI,All zero-emission vehicles,Vans,0,2022,10
2022-10-01,PEI,Electric,"Total, vehicle type",41,2022,10
2022-10-01,PEI,Electric,Passenger cars,19,2022,10
2022-10-01,PEI,Electric,Pickup trucks,1,2022,10
2022-10-01,PEI,Electric,Multi-purpose vehicles,21,2022,10
2022-10-01,PEI,Electric,Vans,0,2022,10
2022-10-01,PEI,Hybrid Electric,"Total, vehicle type",14,2022,10
2022-10-01,PEI,Hybrid Electric,Passenger cars,3,2022,10
2022-10-01,PEI,Hybrid Electric,Pickup trucks,0,2022,10
2022-10-01,PEI,Hybrid Electric,Multi-purpose vehicles,11,2022,10
2022-10-01,PEI,Hybrid Electric,Vans,0,2022,10
2022-10-01,PEI,Hybrid Electric,"Total, vehicle type",68,2022,10
2022-10-01,PEI,Hybrid Electric,Passenger cars,6,2022,10
2022-10-01,PEI,Hybrid Electric,Pickup trucks,22,2022,10
2022-10-01,PEI,Hybrid Electric,Multi-purpose vehicles,36,2022,10
2022-10-01,PEI,Hybrid Electric,Vans,4,2022,10
2022-10-01,PEI,Other,"Total, vehicle type",0,2022,10
2022-10-01,PEI,Other,Passenger cars,0,2022,10
2022-10-01,PEI,Other,Pickup trucks,0,2022,10
2022-10-01,PEI,Other,Multi-purpose vehicles,0,2022,10
2022-10-01,PEI,Other,Vans,0,2022,10
2022-10-01,NB,All fuel types,"Total, vehicle type",7594,2022,10
2022-10-01,NB,All fuel types,Passenger cars,1031,2022,10
2022-10-01,NB,All fuel types,Pickup trucks,2058,2022,10
2022-10-01,NB,All fuel types,Multi-purpose vehicles,4376,2022,10
2022-10-01,NB,All fuel types,Vans,129,2022,10
2022-10-01,NB,Gas,"Total, vehicle type",6755,2022,10
2022-10-01,NB,Gas,Passenger cars,935,2022,10
2022-10-01,NB,Gas,Pickup trucks,1737,2022,10
2022-10-01,NB,Gas,Multi-purpose vehicles,3971,2022,10
2022-10-01,NB,Gas,Vans,112,2022,10
2022-10-01,NB,Diesel,"Total, vehicle type",275,2022,10
2022-10-01,NB,Diesel,Passenger cars,0,2022,10
2022-10-01,NB,Diesel,Pickup trucks,262,2022,10
2022-10-01,NB,Diesel,Multi-purpose vehicles,7,2022,10
2022-10-01,NB,Diesel,Vans,6,2022,10
2022-10-01,NB,All zero-emission vehicles,"Total, vehicle type",248,2022,10
2022-10-01,NB,All zero-emission vehicles,Passenger cars,56,2022,10
2022-10-01,NB,All zero-emission vehicles,Pickup trucks,13,2022,10
2022-10-01,NB,All zero-emission vehicles,Multi-purpose vehicles,176,2022,10
2022-10-01,NB,All zero-emission vehicles,Vans,3,2022,10
2022-10-01,NB,Electric,"Total, vehicle type",163,2022,10
2022-10-01,NB,Electric,Passenger cars,45,2022,10
2022-10-01,NB,Electric,Pickup trucks,13,2022,10
2022-10-01,NB,Electric,Multi-purpose vehicles,104,2022,10
2022-10-01,NB,Electric,Vans,1,2022,10
2022-10-01,NB,Hybrid Electric,"Total, vehicle type",85,2022,10
2022-10-01,NB,Hybrid Electric,Passenger cars,11,2022,10
2022-10-01,NB,Hybrid Electric,Pickup trucks,0,2022,10
2022-10-01,NB,Hybrid Electric,Multi-purpose vehicles,72,2022,10
2022-10-01,NB,Hybrid Electric,Vans,2,2022,10
2022-10-01,NB,Hybrid Electric,"Total, vehicle type",316,2022,10
2022-10-01,NB,Hybrid Electric,Passenger cars,40,2022,10
2022-10-01,NB,Hybrid Electric,Pickup trucks,46,2022,10
2022-10-01,NB,Hybrid Electric,Multi-purpose vehicles,222,2022,10
2022-10-01,NB,Hybrid Electric,Vans,8,2022,10
2022-10-01,NB,Other,"Total, vehicle type",0,2022,10
2022-10-01,NB,Other,Passenger cars,0,2022,10
2022-10-01,NB,Other,Pickup trucks,0,2022,10
2022-10-01,NB,Other,Multi-purpose vehicles,0,2022,10
2022-10-01,NB,Other,Vans,0,2022,10
2022-10-01,QUE,All fuel types,"Total, vehicle type",87357,2022,10
2022-10-01,QUE,All fuel types,Passenger cars,17333,2022,10
2022-10-01,QUE,All fuel types,Pickup trucks,16254,2022,10
2022-10-01,QUE,All fuel types,Multi-purpose vehicles,51409,2022,10
2022-10-01,QUE,All fuel types,Vans,2361,2022,10
2022-10-01,QUE,Gas,"Total, vehicle type",68052,2022,10
2022-10-01,QUE,Gas,Passenger cars,12366,2022,10
2022-10-01,QUE,Gas,Pickup trucks,12289,2022,10
2022-10-01,QUE,Gas,Multi-purpose vehicles,41681,2022,10
2022-10-01,QUE,Gas,Vans,1716,2022,10
2022-10-01,QUE,Diesel,"Total, vehicle type",3423,2022,10
2022-10-01,QUE,Diesel,Passenger cars,0,2022,10
2022-10-01,QUE,Diesel,Pickup trucks,3078,2022,10
2022-10-01,QUE,Diesel,Multi-purpose vehicles,133,2022,10
2022-10-01,QUE,Diesel,Vans,212,2022,10
2022-10-01,QUE,All zero-emission vehicles,"Total, vehicle type",12163,2022,10
2022-10-01,QUE,All zero-emission vehicles,Passenger cars,4311,2022,10
2022-10-01,QUE,All zero-emission vehicles,Pickup trucks,256,2022,10
2022-10-01,QUE,All zero-emission vehicles,Multi-purpose vehicles,7377,2022,10
2022-10-01,QUE,All zero-emission vehicles,Vans,219,2022,10
2022-10-01,QUE,Electric,"Total, vehicle type",9873,2022,10
2022-10-01,QUE,Electric,Passenger cars,3974,2022,10
2022-10-01,QUE,Electric,Pickup trucks,256,2022,10
2022-10-01,QUE,Electric,Multi-purpose vehicles,5503,2022,10
2022-10-01,QUE,Electric,Vans,140,2022,10
2022-10-01,QUE,Hybrid Electric,"Total, vehicle type",2290,2022,10
2022-10-01,QUE,Hybrid Electric,Passenger cars,337,2022,10
2022-10-01,QUE,Hybrid Electric,Pickup trucks,0,2022,10
2022-10-01,QUE,Hybrid Electric,Multi-purpose vehicles,1874,2022,10
2022-10-01,QUE,Hybrid Electric,Vans,79,2022,10
2022-10-01,QUE,Hybrid Electric,"Total, vehicle type",3719,2022,10
2022-10-01,QUE,Hybrid Electric,Passenger cars,656,2022,10
2022-10-01,QUE,Hybrid Electric,Pickup trucks,631,2022,10
2022-10-01,QUE,Hybrid Electric,Multi-purpose vehicles,2218,2022,10
2022-10-01,QUE,Hybrid Electric,Vans,214,2022,10
2022-10-01,QUE,Other,"Total, vehicle type",0,2022,10
2022-10-01,QUE,Other,Passenger cars,0,2022,10
2022-10-01,QUE,Other,Pickup trucks,0,2022,10
2022-10-01,QUE,Other,Multi-purpose vehicles,0,2022,10
2022-10-01,QUE,Other,Vans,0,2022,10
2022-10-01,ON,All fuel types,"Total, vehicle type",136338,2022,10
2022-10-01,ON,All fuel types,Passenger cars,22716,2022,10
2022-10-01,ON,All fuel types,Pickup trucks,29708,2022,10
2022-10-01,ON,All fuel types,Multi-purpose vehicles,79353,2022,10
2022-10-01,ON,All fuel types,Vans,4561,2022,10
2022-10-01,ON,Gas,"Total, vehicle type",112829,2022,10
2022-10-01,ON,Gas,Passenger cars,18951,2022,10
2022-10-01,ON,Gas,Pickup trucks,23621,2022,10
2022-10-01,ON,Gas,Multi-purpose vehicles,66638,2022,10
2022-10-01,ON,Gas,Vans,3619,2022,10
2022-10-01,ON,Diesel,"Total, vehicle type",5126,2022,10
2022-10-01,ON,Diesel,Passenger cars,0,2022,10
2022-10-01,ON,Diesel,Pickup trucks,4469,2022,10
2022-10-01,ON,Diesel,Multi-purpose vehicles,295,2022,10
2022-10-01,ON,Diesel,Vans,362,2022,10
2022-10-01,ON,All zero-emission vehicles,"Total, vehicle type",10991,2022,10
2022-10-01,ON,All zero-emission vehicles,Passenger cars,2765,2022,10
2022-10-01,ON,All zero-emission vehicles,Pickup trucks,344,2022,10
2022-10-01,ON,All zero-emission vehicles,Multi-purpose vehicles,7734,2022,10
2022-10-01,ON,All zero-emission vehicles,Vans,148,2022,10
2022-10-01,ON,Electric,"Total, vehicle type",9506,2022,10
2022-10-01,ON,Electric,Passenger cars,2594,2022,10
2022-10-01,ON,Electric,Pickup trucks,344,2022,10
2022-10-01,ON,Electric,Multi-purpose vehicles,6486,2022,10
2022-10-01,ON,Electric,Vans,82,2022,10
2022-10-01,ON,Hybrid Electric,"Total, vehicle type",1485,2022,10
2022-10-01,ON,Hybrid Electric,Passenger cars,171,2022,10
2022-10-01,ON,Hybrid Electric,Pickup trucks,0,2022,10
2022-10-01,ON,Hybrid Electric,Multi-purpose vehicles,1248,2022,10
2022-10-01,ON,Hybrid Electric,Vans,66,2022,10
2022-10-01,ON,Hybrid Electric,"Total, vehicle type",7392,2022,10
2022-10-01,ON,Hybrid Electric,Passenger cars,1000,2022,10
2022-10-01,ON,Hybrid Electric,Pickup trucks,1274,2022,10
2022-10-01,ON,Hybrid Electric,Multi-purpose vehicles,4686,2022,10
2022-10-01,ON,Hybrid Electric,Vans,432,2022,10
2022-10-01,ON,Other,"Total, vehicle type",0,2022,10
2022-10-01,ON,Other,Passenger cars,0,2022,10
2022-10-01,ON,Other,Pickup trucks,0,2022,10
2022-10-01,ON,Other,Multi-purpose vehicles,0,2022,10
2022-10-01,ON,Other,Vans,0,2022,10
2022-10-01,MB,All fuel types,"Total, vehicle type",9872,2022,10
2022-10-01,MB,All fuel types,Passenger cars,1033,2022,10
2022-10-01,MB,All fuel types,Pickup trucks,3166,2022,10
2022-10-01,MB,All fuel types,Multi-purpose vehicles,5338,2022,10
2022-10-01,MB,All fuel types,Vans,335,2022,10
2022-10-01,MB,Gas,"Total, vehicle type",8626,2022,10
2022-10-01,MB,Gas,Passenger cars,948,2022,10
2022-10-01,MB,Gas,Pickup trucks,2562,2022,10
2022-10-01,MB,Gas,Multi-purpose vehicles,4846,2022,10
2022-10-01,MB,Gas,Vans,270,2022,10
2022-10-01,MB,Diesel,"Total, vehicle type",513,2022,10
2022-10-01,MB,Diesel,Passenger cars,0,2022,10
2022-10-01,MB,Diesel,Pickup trucks,484,2022,10
2022-10-01,MB,Diesel,Multi-purpose vehicles,22,2022,10
2022-10-01,MB,Diesel,Vans,7,2022,10
2022-10-01,MB,All zero-emission vehicles,"Total, vehicle type",298,2022,10
2022-10-01,MB,All zero-emission vehicles,Passenger cars,45,2022,10
2022-10-01,MB,All zero-emission vehicles,Pickup trucks,26,2022,10
2022-10-01,MB,All zero-emission vehicles,Multi-purpose vehicles,219,2022,10
2022-10-01,MB,All zero-emission vehicles,Vans,8,2022,10
2022-10-01,MB,Electric,"Total, vehicle type",211,2022,10
2022-10-01,MB,Electric,Passenger cars,39,2022,10
2022-10-01,MB,Electric,Pickup trucks,26,2022,10
2022-10-01,MB,Electric,Multi-purpose vehicles,141,2022,10
2022-10-01,MB,Electric,Vans,5,2022,10
2022-10-01,MB,Hybrid Electric,"Total, vehicle type",87,2022,10
2022-10-01,MB,Hybrid Electric,Passenger cars,6,2022,10
2022-10-01,MB,Hybrid Electric,Pickup trucks,0,2022,10
2022-10-01,MB,Hybrid Electric,Multi-purpose vehicles,78,2022,10
2022-10-01,MB,Hybrid Electric,Vans,3,2022,10
2022-10-01,MB,Hybrid Electric,"Total, vehicle type",435,2022,10
2022-10-01,MB,Hybrid Electric,Passenger cars,40,2022,10
2022-10-01,MB,Hybrid Electric,Pickup trucks,94,2022,10
2022-10-01,MB,Hybrid Electric,Multi-purpose vehicles,251,2022,10
2022-10-01,MB,Hybrid Electric,Vans,50,2022,10
2022-10-01,MB,Other,"Total, vehicle type",0,2022,10
2022-10-01,MB,Other,Passenger cars,0,2022,10
2022-10-01,MB,Other,Pickup trucks,0,2022,10
2022-10-01,MB,Other,Multi-purpose vehicles,0,2022,10
2022-10-01,MB,Other,Vans,0,2022,10
2022-10-01,SAS,All fuel types,"Total, vehicle type",9663,2022,10
2022-10-01,SAS,All fuel types,Passenger cars,608,2022,10
2022-10-01,SAS,All fuel types,Pickup trucks,4141,2022,10
2022-10-01,SAS,All fuel types,Multi-purpose vehicles,4685,2022,10
2022-10-01,SAS,All fuel types,Vans,229,2022,10
2022-10-01,SAS,Gas,"Total, vehicle type",8160,2022,10
2022-10-01,SAS,Gas,Passenger cars,554,2022,10
2022-10-01,SAS,Gas,Pickup trucks,3063,2022,10
2022-10-01,SAS,Gas,Multi-purpose vehicles,4341,2022,10
2022-10-01,SAS,Gas,Vans,202,2022,10
2022-10-01,SAS,Diesel,"Total, vehicle type",1008,2022,10
2022-10-01,SAS,Diesel,Passenger cars,0,2022,10
2022-10-01,SAS,Diesel,Pickup trucks,960,2022,10
2022-10-01,SAS,Diesel,Multi-purpose vehicles,44,2022,10
2022-10-01,SAS,Diesel,Vans,4,2022,10
2022-10-01,SAS,All zero-emission vehicles,"Total, vehicle type",178,2022,10
2022-10-01,SAS,All zero-emission vehicles,Passenger cars,30,2022,10
2022-10-01,SAS,All zero-emission vehicles,Pickup trucks,13,2022,10
2022-10-01,SAS,All zero-emission vehicles,Multi-purpose vehicles,130,2022,10
2022-10-01,SAS,All zero-emission vehicles,Vans,5,2022,10
2022-10-01,SAS,Electric,"Total, vehicle type",129,2022,10
2022-10-01,SAS,Electric,Passenger cars,27,2022,10
2022-10-01,SAS,Electric,Pickup trucks,13,2022,10
2022-10-01,SAS,Electric,Multi-purpose vehicles,86,2022,10
2022-10-01,SAS,Electric,Vans,3,2022,10
2022-10-01,SAS,Hybrid Electric,"Total, vehicle type",49,2022,10
2022-10-01,SAS,Hybrid Electric,Passenger cars,3,2022,10
2022-10-01,SAS,Hybrid Electric,Pickup trucks,0,2022,10
2022-10-01,SAS,Hybrid Electric,Multi-purpose vehicles,44,2022,10
2022-10-01,SAS,Hybrid Electric,Vans,2,2022,10
2022-10-01,SAS,Hybrid Electric,"Total, vehicle type",317,2022,10
2022-10-01,SAS,Hybrid Electric,Passenger cars,24,2022,10
2022-10-01,SAS,Hybrid Electric,Pickup trucks,105,2022,10
2022-10-01,SAS,Hybrid Electric,Multi-purpose vehicles,170,2022,10
2022-10-01,SAS,Hybrid Electric,Vans,18,2022,10
2022-10-01,SAS,Other,"Total, vehicle type",0,2022,10
2022-10-01,SAS,Other,Passenger cars,0,2022,10
2022-10-01,SAS,Other,Pickup trucks,0,2022,10
2022-10-01,SAS,Other,Multi-purpose vehicles,0,2022,10
2022-10-01,SAS,Other,Vans,0,2022,10
2022-10-01,BC,All fuel types,"Total, vehicle type",40944,2022,10
2022-10-01,BC,All fuel types,Passenger cars,7368,2022,10
2022-10-01,BC,All fuel types,Pickup trucks,9386,2022,10
2022-10-01,BC,All fuel types,Multi-purpose vehicles,22960,2022,10
2022-10-01,BC,All fuel types,Vans,1230,2022,10
2022-10-01,BC,Gas,"Total, vehicle type",28322,2022,10
2022-10-01,BC,Gas,Passenger cars,4376,2022,10
2022-10-01,BC,Gas,Pickup trucks,6885,2022,10
2022-10-01,BC,Gas,Multi-purpose vehicles,16193,2022,10
2022-10-01,BC,Gas,Vans,868,2022,10
2022-10-01,BC,Diesel,"Total, vehicle type",2155,2022,10
2022-10-01,BC,Diesel,Passenger cars,0,2022,10
2022-10-01,BC,Diesel,Pickup trucks,1978,2022,10
2022-10-01,BC,Diesel,Multi-purpose vehicles,64,2022,10
2022-10-01,BC,Diesel,Vans,113,2022,10
2022-10-01,BC,All zero-emission vehicles,"Total, vehicle type",7601,2022,10
2022-10-01,BC,All zero-emission vehicles,Passenger cars,2097,2022,10
2022-10-01,BC,All zero-emission vehicles,Pickup trucks,215,2022,10
2022-10-01,BC,All zero-emission vehicles,Multi-purpose vehicles,5195,2022,10
2022-10-01,BC,All zero-emission vehicles,Vans,94,2022,10
2022-10-01,BC,Electric,"Total, vehicle type",6388,2022,10
2022-10-01,BC,Electric,Passenger cars,1952,2022,10
2022-10-01,BC,Electric,Pickup trucks,215,2022,10
2022-10-01,BC,Electric,Multi-purpose vehicles,4161,2022,10
2022-10-01,BC,Electric,Vans,60,2022,10
2022-10-01,BC,Hybrid Electric,"Total, vehicle type",1213,2022,10
2022-10-01,BC,Hybrid Electric,Passenger cars,145,2022,10
2022-10-01,BC,Hybrid Electric,Pickup trucks,0,2022,10
2022-10-01,BC,Hybrid Electric,Multi-purpose vehicles,1034,2022,10
2022-10-01,BC,Hybrid Electric,Vans,34,2022,10
2022-10-01,BC,Hybrid Electric,"Total, vehicle type",2866,2022,10
2022-10-01,BC,Hybrid Electric,Passenger cars,895,2022,10
2022-10-01,BC,Hybrid Electric,Pickup trucks,308,2022,10
2022-10-01,BC,Hybrid Electric,Multi-purpose vehicles,1508,2022,10
2022-10-01,BC,Hybrid Electric,Vans,155,2022,10
2022-10-01,BC,Other,"Total, vehicle type",0,2022,10
2022-10-01,BC,Other,Passenger cars,0,2022,10
2022-10-01,BC,Other,Pickup trucks,0,2022,10
2022-10-01,BC,Other,Multi-purpose vehicles,0,2022,10
2022-10-01,BC,Other,Vans,0,2022,10
2023-01-01,CAN,All fuel types,"Total, vehicle type",355885,2023,1
2023-01-01,CAN,All fuel types,Passenger cars,53058,2023,1
2023-01-01,CAN,All fuel types,Pickup trucks,87081,2023,1
2023-01-01,CAN,All fuel types,Multi-purpose vehicles,203157,2023,1
2023-01-01,CAN,All fuel types,Vans,12589,2023,1
2023-01-01,CAN,Gas,"Total, vehicle type",285416,2023,1
2023-01-01,CAN,Gas,Passenger cars,40578,2023,1
2023-01-01,CAN,Gas,Pickup trucks,68178,2023,1
2023-01-01,CAN,Gas,Multi-purpose vehicles,166608,2023,1
2023-01-01,CAN,Gas,Vans,10052,2023,1
2023-01-01,CAN,Diesel,"Total, vehicle type",16567,2023,1
2023-01-01,CAN,Diesel,Passenger cars,0,2023,1
2023-01-01,CAN,Diesel,Pickup trucks,14486,2023,1
2023-01-01,CAN,Diesel,Multi-purpose vehicles,878,2023,1
2023-01-01,CAN,Diesel,Vans,1203,2023,1
2023-01-01,CAN,All zero-emission vehicles,"Total, vehicle type",30977,2023,1
2023-01-01,CAN,All zero-emission vehicles,Passenger cars,8528,2023,1
2023-01-01,CAN,All zero-emission vehicles,Pickup trucks,1400,2023,1
2023-01-01,CAN,All zero-emission vehicles,Multi-purpose vehicles,20255,2023,1
2023-01-01,CAN,All zero-emission vehicles,Vans,794,2023,1
2023-01-01,CAN,Electric,"Total, vehicle type",24216,2023,1
2023-01-01,CAN,Electric,Passenger cars,8305,2023,1
2023-01-01,CAN,Electric,Pickup trucks,1400,2023,1
2023-01-01,CAN,Electric,Multi-purpose vehicles,14093,2023,1
2023-01-01,CAN,Electric,Vans,418,2023,1
2023-01-01,CAN,Hybrid Electric,"Total, vehicle type",6761,2023,1
2023-01-01,CAN,Hybrid Electric,Passenger cars,223,2023,1
2023-01-01,CAN,Hybrid Electric,Pickup trucks,0,2023,1
2023-01-01,CAN,Hybrid Electric,Multi-purpose vehicles,6162,2023,1
2023-01-01,CAN,Hybrid Electric,Vans,376,2023,1
2023-01-01,CAN,Hybrid Electric,"Total, vehicle type",22919,2023,1
2023-01-01,CAN,Hybrid Electric,Passenger cars,3946,2023,1
2023-01-01,CAN,Hybrid Electric,Pickup trucks,3017,2023,1
2023-01-01,CAN,Hybrid Electric,Multi-purpose vehicles,15416,2023,1
2023-01-01,CAN,Hybrid Electric,Vans,540,2023,1
2023-01-01,CAN,Other,"Total, vehicle type",6,2023,1
2023-01-01,CAN,Other,Passenger cars,6,2023,1
2023-01-01,CAN,Other,Pickup trucks,0,2023,1
2023-01-01,CAN,Other,Multi-purpose vehicles,0,2023,1
2023-01-01,CAN,Other,Vans,0,2023,1
2023-01-01,PEI,All fuel types,"Total, vehicle type",1275,2023,1
2023-01-01,PEI,All fuel types,Passenger cars,179,2023,1
2023-01-01,PEI,All fuel types,Pickup trucks,382,2023,1
2023-01-01,PEI,All fuel types,Multi-purpose vehicles,688,2023,1
2023-01-01,PEI,All fuel types,Vans,26,2023,1
2023-01-01,PEI,Gas,"Total, vehicle type",1032,2023,1
2023-01-01,PEI,Gas,Passenger cars,137,2023,1
2023-01-01,PEI,Gas,Pickup trucks,286,2023,1
2023-01-01,PEI,Gas,Multi-purpose vehicles,591,2023,1
2023-01-01,PEI,Gas,Vans,18,2023,1
2023-01-01,PEI,Diesel,"Total, vehicle type",78,2023,1
2023-01-01,PEI,Diesel,Passenger cars,0,2023,1
2023-01-01,PEI,Diesel,Pickup trucks,76,2023,1
2023-01-01,PEI,Diesel,Multi-purpose vehicles,2,2023,1
2023-01-01,PEI,Diesel,Vans,0,2023,1
2023-01-01,PEI,All zero-emission vehicles,"Total, vehicle type",76,2023,1
2023-01-01,PEI,All zero-emission vehicles,Passenger cars,16,2023,1
2023-01-01,PEI,All zero-emission vehicles,Pickup trucks,9,2023,1
2023-01-01,PEI,All zero-emission vehicles,Multi-purpose vehicles,46,2023,1
2023-01-01,PEI,All zero-emission vehicles,Vans,5,2023,1
2023-01-01,PEI,Electric,"Total, vehicle type",48,2023,1
2023-01-01,PEI,Electric,Passenger cars,14,2023,1
2023-01-01,PEI,Electric,Pickup trucks,9,2023,1
2023-01-01,PEI,Electric,Multi-purpose vehicles,25,2023,1
2023-01-01,PEI,Electric,Vans,0,2023,1
2023-01-01,PEI,Hybrid Electric,"Total, vehicle type",28,2023,1
2023-01-01,PEI,Hybrid Electric,Passenger cars,2,2023,1
2023-01-01,PEI,Hybrid Electric,Pickup trucks,0,2023,1
2023-01-01,PEI,Hybrid Electric,Multi-purpose vehicles,21,2023,1
2023-01-01,PEI,Hybrid Electric,Vans,5,2023,1
2023-01-01,PEI,Hybrid Electric,"Total, vehicle type",89,2023,1
2023-01-01,PEI,Hybrid Electric,Passenger cars,26,2023,1
2023-01-01,PEI,Hybrid Electric,Pickup trucks,11,2023,1
2023-01-01,PEI,Hybrid Electric,Multi-purpose vehicles,49,2023,1
2023-01-01,PEI,Hybrid Electric,Vans,3,2023,1
2023-01-01,PEI,Other,"Total, vehicle type",0,2023,1
2023-01-01,PEI,Other,Passenger cars,0,2023,1
2023-01-01,PEI,Other,Pickup trucks,0,2023,1
2023-01-01,PEI,Other,Multi-purpose vehicles,0,2023,1
2023-01-01,PEI,Other,Vans,0,2023,1
2023-01-01,NB,All fuel types,"Total, vehicle type",7215,2023,1
2023-01-01,NB,All fuel types,Passenger cars,866,2023,1
2023-01-01,NB,All fuel types,Pickup trucks,2014,2023,1
2023-01-01,NB,All fuel types,Multi-purpose vehicles,4178,2023,1
2023-01-01,NB,All fuel types,Vans,157,2023,1
2023-01-01,NB,Gas,"Total, vehicle type",6331,2023,1
2023-01-01,NB,Gas,Passenger cars,776,2023,1
2023-01-01,NB,Gas,Pickup trucks,1685,2023,1
2023-01-01,NB,Gas,Multi-purpose vehicles,3731,2023,1
2023-01-01,NB,Gas,Vans,139,2023,1
2023-01-01,NB,Diesel,"Total, vehicle type",272,2023,1
2023-01-01,NB,Diesel,Passenger cars,0,2023,1
2023-01-01,NB,Diesel,Pickup trucks,264,2023,1
2023-01-01,NB,Diesel,Multi-purpose vehicles,4,2023,1
2023-01-01,NB,Diesel,Vans,4,2023,1
2023-01-01,NB,All zero-emission vehicles,"Total, vehicle type",220,2023,1
2023-01-01,NB,All zero-emission vehicles,Passenger cars,33,2023,1
2023-01-01,NB,All zero-emission vehicles,Pickup trucks,16,2023,1
2023-01-01,NB,All zero-emission vehicles,Multi-purpose vehicles,162,2023,1
2023-01-01,NB,All zero-emission vehicles,Vans,9,2023,1
2023-01-01,NB,Electric,"Total, vehicle type",153,2023,1
2023-01-01,NB,Electric,Passenger cars,33,2023,1
2023-01-01,NB,Electric,Pickup trucks,16,2023,1
2023-01-01,NB,Electric,Multi-purpose vehicles,100,2023,1
2023-01-01,NB,Electric,Vans,4,2023,1
2023-01-01,NB,Hybrid Electric,"Total, vehicle type",67,2023,1
2023-01-01,NB,Hybrid Electric,Passenger cars,0,2023,1
2023-01-01,NB,Hybrid Electric,Pickup trucks,0,2023,1
2023-01-01,NB,Hybrid Electric,Multi-purpose vehicles,62,2023,1
2023-01-01,NB,Hybrid Electric,Vans,5,2023,1
2023-01-01,NB,Hybrid Electric,"Total, vehicle type",392,2023,1
2023-01-01,NB,Hybrid Electric,Passenger cars,57,2023,1
2023-01-01,NB,Hybrid Electric,Pickup trucks,49,2023,1
2023-01-01,NB,Hybrid Electric,Multi-purpose vehicles,281,2023,1
2023-01-01,NB,Hybrid Electric,Vans,5,2023,1
2023-01-01,NB,Other,"Total, vehicle type",0,2023,1
2023-01-01,NB,Other,Passenger cars,0,2023,1
2023-01-01,NB,Other,Pickup trucks,0,2023,1
2023-01-01,NB,Other,Multi-purpose vehicles,0,2023,1
2023-01-01,NB,Other,Vans,0,2023,1
2023-01-01,QUE,All fuel types,"Total, vehicle type",80667,2023,1
2023-01-01,QUE,All fuel types,Passenger cars,14221,2023,1
2023-01-01,QUE,All fuel types,Pickup trucks,15269,2023,1
2023-01-01,QUE,All fuel types,Multi-purpose vehicles,48402,2023,1
2023-01-01,QUE,All fuel types,Vans,2775,2023,1
2023-01-01,QUE,Gas,"Total, vehicle type",61615,2023,1
2023-01-01,QUE,Gas,Passenger cars,10176,2023,1
2023-01-01,QUE,Gas,Pickup trucks,11528,2023,1
2023-01-01,QUE,Gas,Multi-purpose vehicles,37818,2023,1
2023-01-01,QUE,Gas,Vans,2093,2023,1
2023-01-01,QUE,Diesel,"Total, vehicle type",3139,2023,1
2023-01-01,QUE,Diesel,Passenger cars,0,2023,1
2023-01-01,QUE,Diesel,Pickup trucks,2754,2023,1
2023-01-01,QUE,Diesel,Multi-purpose vehicles,139,2023,1
2023-01-01,QUE,Diesel,Vans,246,2023,1
2023-01-01,QUE,All zero-emission vehicles,"Total, vehicle type",11932,2023,1
2023-01-01,QUE,All zero-emission vehicles,Passenger cars,3277,2023,1
2023-01-01,QUE,All zero-emission vehicles,Pickup trucks,356,2023,1
2023-01-01,QUE,All zero-emission vehicles,Multi-purpose vehicles,7954,2023,1
2023-01-01,QUE,All zero-emission vehicles,Vans,345,2023,1
2023-01-01,QUE,Electric,"Total, vehicle type",9187,2023,1
2023-01-01,QUE,Electric,Passenger cars,3193,2023,1
2023-01-01,QUE,Electric,Pickup trucks,356,2023,1
2023-01-01,QUE,Electric,Multi-purpose vehicles,5441,2023,1
2023-01-01,QUE,Electric,Vans,197,2023,1
2023-01-01,QUE,Hybrid Electric,"Total, vehicle type",2745,2023,1
2023-01-01,QUE,Hybrid Electric,Passenger cars,84,2023,1
2023-01-01,QUE,Hybrid Electric,Pickup trucks,0,2023,1
2023-01-01,QUE,Hybrid Electric,Multi-purpose vehicles,2513,2023,1
2023-01-01,QUE,Hybrid Electric,Vans,148,2023,1
2023-01-01,QUE,Hybrid Electric,"Total, vehicle type",3981,2023,1
2023-01-01,QUE,Hybrid Electric,Passenger cars,768,2023,1
2023-01-01,QUE,Hybrid Electric,Pickup trucks,631,2023,1
2023-01-01,QUE,Hybrid Electric,Multi-purpose vehicles,2491,2023,1
2023-01-01,QUE,Hybrid Electric,Vans,91,2023,1
2023-01-01,QUE,Other,"Total, vehicle type",0,2023,1
2023-01-01,QUE,Other,Passenger cars,0,2023,1
2023-01-01,QUE,Other,Pickup trucks,0,2023,1
2023-01-01,QUE,Other,Multi-purpose vehicles,0,2023,1
2023-01-01,QUE,Other,Vans,0,2023,1
2023-01-01,ON,All fuel types,"Total, vehicle type",143618,2023,1
2023-01-01,ON,All fuel types,Passenger cars,22732,2023,1
2023-01-01,ON,All fuel types,Pickup trucks,31184,2023,1
2023-01-01,ON,All fuel types,Multi-purpose vehicles,83564,2023,1
2023-01-01,ON,All fuel types,Vans,6138,2023,1
2023-01-01,ON,Gas,"Total, vehicle type",118688,2023,1
2023-01-01,ON,Gas,Passenger cars,18491,2023,1
2023-01-01,ON,Gas,Pickup trucks,25222,2023,1
2023-01-01,ON,Gas,Multi-purpose vehicles,69928,2023,1
2023-01-01,ON,Gas,Vans,5047,2023,1
2023-01-01,ON,Diesel,"Total, vehicle type",5276,2023,1
2023-01-01,ON,Diesel,Passenger cars,0,2023,1
2023-01-01,ON,Diesel,Pickup trucks,4423,2023,1
2023-01-01,ON,Diesel,Multi-purpose vehicles,330,2023,1
2023-01-01,ON,Diesel,Vans,523,2023,1
2023-01-01,ON,All zero-emission vehicles,"Total, vehicle type",8520,2023,1
2023-01-01,ON,All zero-emission vehicles,Passenger cars,2450,2023,1
2023-01-01,ON,All zero-emission vehicles,Pickup trucks,354,2023,1
2023-01-01,ON,All zero-emission vehicles,Multi-purpose vehicles,5418,2023,1
2023-01-01,ON,All zero-emission vehicles,Vans,298,2023,1
2023-01-01,ON,Electric,"Total, vehicle type",6760,2023,1
2023-01-01,ON,Electric,Passenger cars,2365,2023,1
2023-01-01,ON,Electric,Pickup trucks,354,2023,1
2023-01-01,ON,Electric,Multi-purpose vehicles,3938,2023,1
2023-01-01,ON,Electric,Vans,103,2023,1
2023-01-01,ON,Hybrid Electric,"Total, vehicle type",1760,2023,1
2023-01-01,ON,Hybrid Electric,Passenger cars,85,2023,1
2023-01-01,ON,Hybrid Electric,Pickup trucks,0,2023,1
2023-01-01,ON,Hybrid Electric,Multi-purpose vehicles,1480,2023,1
2023-01-01,ON,Hybrid Electric,Vans,195,2023,1
2023-01-01,ON,Hybrid Electric,"Total, vehicle type",11134,2023,1
2023-01-01,ON,Hybrid Electric,Passenger cars,1791,2023,1
2023-01-01,ON,Hybrid Electric,Pickup trucks,1185,2023,1
2023-01-01,ON,Hybrid Electric,Multi-purpose vehicles,7888,2023,1
2023-01-01,ON,Hybrid Electric,Vans,270,2023,1
2023-01-01,ON,Other,"Total, vehicle type",0,2023,1
2023-01-01,ON,Other,Passenger cars,0,2023,1
2023-01-01,ON,Other,Pickup trucks,0,2023,1
2023-01-01,ON,Other,Multi-purpose vehicles,0,2023,1
2023-01-01,ON,Other,Vans,0,2023,1
2023-01-01,MB,All fuel types,"Total, vehicle type",9614,2023,1
2023-01-01,MB,All fuel types,Passenger cars,1024,2023,1
2023-01-01,MB,All fuel types,Pickup trucks,3001,2023,1
2023-01-01,MB,All fuel types,Multi-purpose vehicles,5294,2023,1
2023-01-01,MB,All fuel types,Vans,295,2023,1
2023-01-01,MB,Gas,"Total, vehicle type",8443,2023,1
2023-01-01,MB,Gas,Passenger cars,903,2023,1
2023-01-01,MB,Gas,Pickup trucks,2545,2023,1
2023-01-01,MB,Gas,Multi-purpose vehicles,4733,2023,1
2023-01-01,MB,Gas,Vans,262,2023,1
2023-01-01,MB,Diesel,"Total, vehicle type",401,2023,1
2023-01-01,MB,Diesel,Passenger cars,0,2023,1
2023-01-01,MB,Diesel,Pickup trucks,365,2023,1
2023-01-01,MB,Diesel,Multi-purpose vehicles,23,2023,1
2023-01-01,MB,Diesel,Vans,13,2023,1
2023-01-01,MB,All zero-emission vehicles,"Total, vehicle type",262,2023,1
2023-01-01,MB,All zero-emission vehicles,Passenger cars,37,2023,1
2023-01-01,MB,All zero-emission vehicles,Pickup trucks,19,2023,1
2023-01-01,MB,All zero-emission vehicles,Multi-purpose vehicles,197,2023,1
2023-01-01,MB,All zero-emission vehicles,Vans,9,2023,1
2023-01-01,MB,Electric,"Total, vehicle type",173,2023,1
2023-01-01,MB,Electric,Passenger cars,33,2023,1
2023-01-01,MB,Electric,Pickup trucks,19,2023,1
2023-01-01,MB,Electric,Multi-purpose vehicles,114,2023,1
2023-01-01,MB,Electric,Vans,7,2023,1
2023-01-01,MB,Hybrid Electric,"Total, vehicle type",89,2023,1
2023-01-01,MB,Hybrid Electric,Passenger cars,4,2023,1
2023-01-01,MB,Hybrid Electric,Pickup trucks,0,2023,1
2023-01-01,MB,Hybrid Electric,Multi-purpose vehicles,83,2023,1
2023-01-01,MB,Hybrid Electric,Vans,2,2023,1
2023-01-01,MB,Hybrid Electric,"Total, vehicle type",508,2023,1
2023-01-01,MB,Hybrid Electric,Passenger cars,84,2023,1
2023-01-01,MB,Hybrid Electric,Pickup trucks,72,2023,1
2023-01-01,MB,Hybrid Electric,Multi-purpose vehicles,341,2023,1
2023-01-01,MB,Hybrid Electric,Vans,11,2023,1
2023-01-01,MB,Other,"Total, vehicle type",0,2023,1
2023-01-01,MB,Other,Passenger cars,0,2023,1
2023-01-01,MB,Other,Pickup trucks,0,2023,1
2023-01-01,MB,Other,Multi-purpose vehicles,0,2023,1
2023-01-01,MB,Other,Vans,0,2023,1
2023-01-01,SAS,All fuel types,"Total, vehicle type",10850,2023,1
2023-01-01,SAS,All fuel types,Passenger cars,755,2023,1
2023-01-01,SAS,All fuel types,Pickup trucks,4479,2023,1
2023-01-01,SAS,All fuel types,Multi-purpose vehicles,5369,2023,1
2023-01-01,SAS,All fuel types,Vans,247,2023,1
2023-01-01,SAS,Gas,"Total, vehicle type",9300,2023,1
2023-01-01,SAS,Gas,Passenger cars,681,2023,1
2023-01-01,SAS,Gas,Pickup trucks,3497,2023,1
2023-01-01,SAS,Gas,Multi-purpose vehicles,4902,2023,1
2023-01-01,SAS,Gas,Vans,220,2023,1
2023-01-01,SAS,Diesel,"Total, vehicle type",920,2023,1
2023-01-01,SAS,Diesel,Passenger cars,0,2023,1
2023-01-01,SAS,Diesel,Pickup trucks,860,2023,1
2023-01-01,SAS,Diesel,Multi-purpose vehicles,49,2023,1
2023-01-01,SAS,Diesel,Vans,11,2023,1
2023-01-01,SAS,All zero-emission vehicles,"Total, vehicle type",188,2023,1
2023-01-01,SAS,All zero-emission vehicles,Passenger cars,27,2023,1
2023-01-01,SAS,All zero-emission vehicles,Pickup trucks,10,2023,1
2023-01-01,SAS,All zero-emission vehicles,Multi-purpose vehicles,148,2023,1
2023-01-01,SAS,All zero-emission vehicles,Vans,3,2023,1
2023-01-01,SAS,Electric,"Total, vehicle type",107,2023,1
2023-01-01,SAS,Electric,Passenger cars,26,2023,1
2023-01-01,SAS,Electric,Pickup trucks,10,2023,1
2023-01-01,SAS,Electric,Multi-purpose vehicles,68,2023,1
2023-01-01,SAS,Electric,Vans,3,2023,1
2023-01-01,SAS,Hybrid Electric,"Total, vehicle type",81,2023,1
2023-01-01,SAS,Hybrid Electric,Passenger cars,1,2023,1
2023-01-01,SAS,Hybrid Electric,Pickup trucks,0,2023,1
2023-01-01,SAS,Hybrid Electric,Multi-purpose vehicles,80,2023,1
2023-01-01,SAS,Hybrid Electric,Vans,0,2023,1
2023-01-01,SAS,Hybrid Electric,"Total, vehicle type",442,2023,1
2023-01-01,SAS,Hybrid Electric,Passenger cars,47,2023,1
2023-01-01,SAS,Hybrid Electric,Pickup trucks,112,2023,1
2023-01-01,SAS,Hybrid Electric,Multi-purpose vehicles,270,2023,1
2023-01-01,SAS,Hybrid Electric,Vans,13,2023,1
2023-01-01,SAS,Other,"Total, vehicle type",0,2023,1
2023-01-01,SAS,Other,Passenger cars,0,2023,1
2023-01-01,SAS,Other,Pickup trucks,0,2023,1
2023-01-01,SAS,Other,Multi-purpose vehicles,0,2023,1
2023-01-01,SAS,Other,Vans,0,2023,1
2023-01-01,BC,All fuel types,"Total, vehicle type",45018,2023,1
2023-01-01,BC,All fuel types,Passenger cars,7960,2023,1
2023-01-01,BC,All fuel types,Pickup trucks,10252,2023,1
2023-01-01,BC,All fuel types,Multi-purpose vehicles,25385,2023,1
2023-01-01,BC,All fuel types,Vans,1421,2023,1
2023-01-01,BC,Gas,"Total, vehicle type",30980,2023,1
2023-01-01,BC,Gas,Passenger cars,4711,2023,1
2023-01-01,BC,Gas,Pickup trucks,7327,2023,1
2023-01-01,BC,Gas,Multi-purpose vehicles,17983,2023,1
2023-01-01,BC,Gas,Vans,959,2023,1
2023-01-01,BC,Diesel,"Total, vehicle type",2367,2023,1
2023-01-01,BC,Diesel,Passenger cars,0,2023,1
2023-01-01,BC,Diesel,Pickup trucks,1973,2023,1
2023-01-01,BC,Diesel,Multi-purpose vehicles,103,2023,1
2023-01-01,BC,Diesel,Vans,291,2023,1
2023-01-01,BC,All zero-emission vehicles,"Total, vehicle type",8133,2023,1
2023-01-01,BC,All zero-emission vehicles,Passenger cars,2380,2023,1
2023-01-01,BC,All zero-emission vehicles,Pickup trucks,531,2023,1
2023-01-01,BC,All zero-emission vehicles,Multi-purpose vehicles,5140,2023,1
2023-01-01,BC,All zero-emission vehicles,Vans,82,2023,1
2023-01-01,BC,Electric,"Total, vehicle type",6636,2023,1
2023-01-01,BC,Electric,Passenger cars,2348,2023,1
2023-01-01,BC,Electric,Pickup trucks,531,2023,1
2023-01-01,BC,Electric,Multi-purpose vehicles,3687,2023,1
2023-01-01,BC,Electric,Vans,70,2023,1
2023-01-01,BC,Hybrid Electric,"Total, vehicle type",1497,2023,1
2023-01-01,BC,Hybrid Electric,Passenger cars,32,2023,1
2023-01-01,BC,Hybrid Electric,Pickup trucks,0,2023,1
2023-01-01,BC,Hybrid Electric,Multi-purpose vehicles,1453,2023,1
2023-01-01,BC,Hybrid Electric,Vans,12,2023,1
2023-01-01,BC,Hybrid Electric,"Total, vehicle type",3532,2023,1
2023-01-01,BC,Hybrid Electric,Passenger cars,863,2023,1
2023-01-01,BC,Hybrid Electric,Pickup trucks,421,2023,1
2023-01-01,BC,Hybrid Electric,Multi-purpose vehicles,2159,2023,1
2023-01-01,BC,Hybrid Electric,Vans,89,2023,1
2023-01-01,BC,Other,"Total, vehicle type",6,2023,1
2023-01-01,BC,Other,Passenger cars,6,2023,1
2023-01-01,BC,Other,Pickup trucks,0,2023,1
2023-01-01,BC,Other,Multi-purpose vehicles,0,2023,1
2023-01-01,BC,Other,Vans,0,2023,1
2023-04-01,CAN,All fuel types,"Total, vehicle type",473577,2023,4
2023-04-01,CAN,All fuel types,Passenger cars,75521,2023,4
2023-04-01,CAN,All fuel types,Pickup trucks,99196,2023,4
2023-04-01,CAN,All fuel types,Multi-purpose vehicles,280366,2023,4
2023-04-01,CAN,All fuel types,Vans,18494,2023,4
2023-04-01,CAN,Gas,"Total, vehicle type",367126,2023,4
2023-04-01,CAN,Gas,Passenger cars,60030,2023,4
2023-04-01,CAN,Gas,Pickup trucks,77293,2023,4
2023-04-01,CAN,Gas,Multi-purpose vehicles,215070,2023,4
2023-04-01,CAN,Gas,Vans,14733,2023,4
2023-04-01,CAN,Diesel,"Total, vehicle type",19765,2023,4
2023-04-01,CAN,Diesel,Passenger cars,0,2023,4
2023-04-01,CAN,Diesel,Pickup trucks,17067,2023,4
2023-04-01,CAN,Diesel,Multi-purpose vehicles,1499,2023,4
2023-04-01,CAN,Diesel,Vans,1199,2023,4
2023-04-01,CAN,All zero-emission vehicles,"Total, vehicle type",47683,2023,4
2023-04-01,CAN,All zero-emission vehicles,Passenger cars,8854,2023,4
2023-04-01,CAN,All zero-emission vehicles,Pickup trucks,1274,2023,4
2023-04-01,CAN,All zero-emission vehicles,Multi-purpose vehicles,36146,2023,4
2023-04-01,CAN,All zero-emission vehicles,Vans,1409,2023,4
2023-04-01,CAN,Electric,"Total, vehicle type",35631,2023,4
2023-04-01,CAN,Electric,Passenger cars,8134,2023,4
2023-04-01,CAN,Electric,Pickup trucks,1273,2023,4
2023-04-01,CAN,Electric,Multi-purpose vehicles,25586,2023,4
2023-04-01,CAN,Electric,Vans,638,2023,4
2023-04-01,CAN,Hybrid Electric,"Total, vehicle type",12052,2023,4
2023-04-01,CAN,Hybrid Electric,Passenger cars,720,2023,4
2023-04-01,CAN,Hybrid Electric,Pickup trucks,1,2023,4
2023-04-01,CAN,Hybrid Electric,Multi-purpose vehicles,10560,2023,4
2023-04-01,CAN,Hybrid Electric,Vans,771,2023,4
2023-04-01,CAN,Hybrid Electric,"Total, vehicle type",38998,2023,4
2023-04-01,CAN,Hybrid Electric,Passenger cars,6632,2023,4
2023-04-01,CAN,Hybrid Electric,Pickup trucks,3562,2023,4
2023-04-01,CAN,Hybrid Electric,Multi-purpose vehicles,27651,2023,4
2023-04-01,CAN,Hybrid Electric,Vans,1153,2023,4
2023-04-01,CAN,Other,"Total, vehicle type",5,2023,4
2023-04-01,CAN,Other,Passenger cars,5,2023,4
2023-04-01,CAN,Other,Pickup trucks,0,2023,4
2023-04-01,CAN,Other,Multi-purpose vehicles,0,2023,4
2023-04-01,CAN,Other,Vans,0,2023,4
2023-04-01,PEI,All fuel types,"Total, vehicle type",1880,2023,4
2023-04-01,PEI,All fuel types,Passenger cars,292,2023,4
2023-04-01,PEI,All fuel types,Pickup trucks,416,2023,4
2023-04-01,PEI,All fuel types,Multi-purpose vehicles,1121,2023,4
2023-04-01,PEI,All fuel types,Vans,51,2023,4
2023-04-01,PEI,Gas,"Total, vehicle type",1509,2023,4
2023-04-01,PEI,Gas,Passenger cars,256,2023,4
2023-04-01,PEI,Gas,Pickup trucks,332,2023,4
2023-04-01,PEI,Gas,Multi-purpose vehicles,889,2023,4
2023-04-01,PEI,Gas,Vans,32,2023,4
2023-04-01,PEI,Diesel,"Total, vehicle type",77,2023,4
2023-04-01,PEI,Diesel,Passenger cars,0,2023,4
2023-04-01,PEI,Diesel,Pickup trucks,73,2023,4
2023-04-01,PEI,Diesel,Multi-purpose vehicles,0,2023,4
2023-04-01,PEI,Diesel,Vans,4,2023,4
2023-04-01,PEI,All zero-emission vehicles,"Total, vehicle type",120,2023,4
2023-04-01,PEI,All zero-emission vehicles,Passenger cars,10,2023,4
2023-04-01,PEI,All zero-emission vehicles,Pickup trucks,7,2023,4
2023-04-01,PEI,All zero-emission vehicles,Multi-purpose vehicles,95,2023,4
2023-04-01,PEI,All zero-emission vehicles,Vans,8,2023,4
2023-04-01,PEI,Electric,"Total, vehicle type",59,2023,4
2023-04-01,PEI,Electric,Passenger cars,9,2023,4
2023-04-01,PEI,Electric,Pickup trucks,7,2023,4
2023-04-01,PEI,Electric,Multi-purpose vehicles,43,2023,4
2023-04-01,PEI,Electric,Vans,0,2023,4
2023-04-01,PEI,Hybrid Electric,"Total, vehicle type",61,2023,4
2023-04-01,PEI,Hybrid Electric,Passenger cars,1,2023,4
2023-04-01,PEI,Hybrid Electric,Pickup trucks,0,2023,4
2023-04-01,PEI,Hybrid Electric,Multi-purpose vehicles,52,2023,4
2023-04-01,PEI,Hybrid Electric,Vans,8,2023,4
2023-04-01,PEI,Hybrid Electric,"Total, vehicle type",174,2023,4
2023-04-01,PEI,Hybrid Electric,Passenger cars,26,2023,4
2023-04-01,PEI,Hybrid Electric,Pickup trucks,4,2023,4
2023-04-01,PEI,Hybrid Electric,Multi-purpose vehicles,137,2023,4
2023-04-01,PEI,Hybrid Electric,Vans,7,2023,4
2023-04-01,PEI,Other,"Total, vehicle type",0,2023,4
2023-04-01,PEI,Other,Passenger cars,0,2023,4
2023-04-01,PEI,Other,Pickup trucks,0,2023,4
2023-04-01,PEI,Other,Multi-purpose vehicles,0,2023,4
2023-04-01,PEI,Other,Vans,0,2023,4
2023-04-01,NB,All fuel types,"Total, vehicle type",10009,2023,4
2023-04-01,NB,All fuel types,Passenger cars,1341,2023,4
2023-04-01,NB,All fuel types,Pickup trucks,2521,2023,4
2023-04-01,NB,All fuel types,Multi-purpose vehicles,5883,2023,4
2023-04-01,NB,All fuel types,Vans,264,2023,4
2023-04-01,NB,Gas,"Total, vehicle type",8364,2023,4
2023-04-01,NB,Gas,Passenger cars,1158,2023,4
2023-04-01,NB,Gas,Pickup trucks,2100,2023,4
2023-04-01,NB,Gas,Multi-purpose vehicles,4874,2023,4
2023-04-01,NB,Gas,Vans,232,2023,4
2023-04-01,NB,Diesel,"Total, vehicle type",354,2023,4
2023-04-01,NB,Diesel,Passenger cars,0,2023,4
2023-04-01,NB,Diesel,Pickup trucks,344,2023,4
2023-04-01,NB,Diesel,Multi-purpose vehicles,8,2023,4
2023-04-01,NB,Diesel,Vans,2,2023,4
2023-04-01,NB,All zero-emission vehicles,"Total, vehicle type",458,2023,4
2023-04-01,NB,All zero-emission vehicles,Passenger cars,59,2023,4
2023-04-01,NB,All zero-emission vehicles,Pickup trucks,17,2023,4
2023-04-01,NB,All zero-emission vehicles,Multi-purpose vehicles,375,2023,4
2023-04-01,NB,All zero-emission vehicles,Vans,7,2023,4
2023-04-01,NB,Electric,"Total, vehicle type",226,2023,4
2023-04-01,NB,Electric,Passenger cars,51,2023,4
2023-04-01,NB,Electric,Pickup trucks,17,2023,4
2023-04-01,NB,Electric,Multi-purpose vehicles,156,2023,4
2023-04-01,NB,Electric,Vans,2,2023,4
2023-04-01,NB,Hybrid Electric,"Total, vehicle type",232,2023,4
2023-04-01,NB,Hybrid Electric,Passenger cars,8,2023,4
2023-04-01,NB,Hybrid Electric,Pickup trucks,0,2023,4
2023-04-01,NB,Hybrid Electric,Multi-purpose vehicles,219,2023,4
2023-04-01,NB,Hybrid Electric,Vans,5,2023,4
2023-04-01,NB,Hybrid Electric,"Total, vehicle type",833,2023,4
2023-04-01,NB,Hybrid Electric,Passenger cars,124,2023,4
2023-04-01,NB,Hybrid Electric,Pickup trucks,60,2023,4
2023-04-01,NB,Hybrid Electric,Multi-purpose vehicles,626,2023,4
2023-04-01,NB,Hybrid Electric,Vans,23,2023,4
2023-04-01,NB,Other,"Total, vehicle type",0,2023,4
2023-04-01,NB,Other,Passenger cars,0,2023,4
2023-04-01,NB,Other,Pickup trucks,0,2023,4
2023-04-01,NB,Other,Multi-purpose vehicles,0,2023,4
2023-04-01,NB,Other,Vans,0,2023,4
2023-04-01,QUE,All fuel types,"Total, vehicle type",116914,2023,4
2023-04-01,QUE,All fuel types,Passenger cars,21105,2023,4
2023-04-01,QUE,All fuel types,Pickup trucks,18971,2023,4
2023-04-01,QUE,All fuel types,Multi-purpose vehicles,71729,2023,4
2023-04-01,QUE,All fuel types,Vans,5109,2023,4
2023-04-01,QUE,Gas,"Total, vehicle type",85582,2023,4
2023-04-01,QUE,Gas,Passenger cars,15937,2023,4
2023-04-01,QUE,Gas,Pickup trucks,14280,2023,4
2023-04-01,QUE,Gas,Multi-purpose vehicles,51483,2023,4
2023-04-01,QUE,Gas,Vans,3882,2023,4
2023-04-01,QUE,Diesel,"Total, vehicle type",3966,2023,4
2023-04-01,QUE,Diesel,Passenger cars,0,2023,4
2023-04-01,QUE,Diesel,Pickup trucks,3489,2023,4
2023-04-01,QUE,Diesel,Multi-purpose vehicles,213,2023,4
2023-04-01,QUE,Diesel,Vans,264,2023,4
2023-04-01,QUE,All zero-emission vehicles,"Total, vehicle type",20129,2023,4
2023-04-01,QUE,All zero-emission vehicles,Passenger cars,3725,2023,4
2023-04-01,QUE,All zero-emission vehicles,Pickup trucks,387,2023,4
2023-04-01,QUE,All zero-emission vehicles,Multi-purpose vehicles,15316,2023,4
2023-04-01,QUE,All zero-emission vehicles,Vans,701,2023,4
2023-04-01,QUE,Electric,"Total, vehicle type",14777,2023,4
2023-04-01,QUE,Electric,Passenger cars,3442,2023,4
2023-04-01,QUE,Electric,Pickup trucks,387,2023,4
2023-04-01,QUE,Electric,Multi-purpose vehicles,10618,2023,4
2023-04-01,QUE,Electric,Vans,330,2023,4
2023-04-01,QUE,Hybrid Electric,"Total, vehicle type",5352,2023,4
2023-04-01,QUE,Hybrid Electric,Passenger cars,283,2023,4
2023-04-01,QUE,Hybrid Electric,Pickup trucks,0,2023,4
2023-04-01,QUE,Hybrid Electric,Multi-purpose vehicles,4698,2023,4
2023-04-01,QUE,Hybrid Electric,Vans,371,2023,4
2023-04-01,QUE,Hybrid Electric,"Total, vehicle type",7236,2023,4
2023-04-01,QUE,Hybrid Electric,Passenger cars,1442,2023,4
2023-04-01,QUE,Hybrid Electric,Pickup trucks,815,2023,4
2023-04-01,QUE,Hybrid Electric,Multi-purpose vehicles,4717,2023,4
2023-04-01,QUE,Hybrid Electric,Vans,262,2023,4
2023-04-01,QUE,Other,"Total, vehicle type",1,2023,4
2023-04-01,QUE,Other,Passenger cars,1,2023,4
2023-04-01,QUE,Other,Pickup trucks,0,2023,4
2023-04-01,QUE,Other,Multi-purpose vehicles,0,2023,4
2023-04-01,QUE,Other,Vans,0,2023,4
2023-04-01,ON,All fuel types,"Total, vehicle type",183653,2023,4
2023-04-01,ON,All fuel types,Passenger cars,31866,2023,4
2023-04-01,ON,All fuel types,Pickup trucks,32563,2023,4
2023-04-01,ON,All fuel types,Multi-purpose vehicles,111715,2023,4
2023-04-01,ON,All fuel types,Vans,7509,2023,4
2023-04-01,ON,Gas,"Total, vehicle type",147758,2023,4
2023-04-01,ON,Gas,Passenger cars,26508,2023,4
2023-04-01,ON,Gas,Pickup trucks,26515,2023,4
2023-04-01,ON,Gas,Multi-purpose vehicles,88750,2023,4
2023-04-01,ON,Gas,Vans,5985,2023,4
2023-04-01,ON,Diesel,"Total, vehicle type",5560,2023,4
2023-04-01,ON,Diesel,Passenger cars,0,2023,4
2023-04-01,ON,Diesel,Pickup trucks,4477,2023,4
2023-04-01,ON,Diesel,Multi-purpose vehicles,477,2023,4
2023-04-01,ON,Diesel,Vans,606,2023,4
2023-04-01,ON,All zero-emission vehicles,"Total, vehicle type",12797,2023,4
2023-04-01,ON,All zero-emission vehicles,Passenger cars,2402,2023,4
2023-04-01,ON,All zero-emission vehicles,Pickup trucks,382,2023,4
2023-04-01,ON,All zero-emission vehicles,Multi-purpose vehicles,9586,2023,4
2023-04-01,ON,All zero-emission vehicles,Vans,427,2023,4
2023-04-01,ON,Electric,"Total, vehicle type",9486,2023,4
2023-04-01,ON,Electric,Passenger cars,2192,2023,4
2023-04-01,ON,Electric,Pickup trucks,382,2023,4
2023-04-01,ON,Electric,Multi-purpose vehicles,6743,2023,4
2023-04-01,ON,Electric,Vans,169,2023,4
2023-04-01,ON,Hybrid Electric,"Total, vehicle type",3311,2023,4
2023-04-01,ON,Hybrid Electric,Passenger cars,210,2023,4
2023-04-01,ON,Hybrid Electric,Pickup trucks,0,2023,4
2023-04-01,ON,Hybrid Electric,Multi-purpose vehicles,2843,2023,4
2023-04-01,ON,Hybrid Electric,Vans,258,2023,4
2023-04-01,ON,Hybrid Electric,"Total, vehicle type",17538,2023,4
2023-04-01,ON,Hybrid Electric,Passenger cars,2956,2023,4
2023-04-01,ON,Hybrid Electric,Pickup trucks,1189,2023,4
2023-04-01,ON,Hybrid Electric,Multi-purpose vehicles,12902,2023,4
2023-04-01,ON,Hybrid Electric,Vans,491,2023,4
2023-04-01,ON,Other,"Total, vehicle type",0,2023,4
2023-04-01,ON,Other,Passenger cars,0,2023,4
2023-04-01,ON,Other,Pickup trucks,0,2023,4
2023-04-01,ON,Other,Multi-purpose vehicles,0,2023,4
2023-04-01,ON,Other,Vans,0,2023,4
2023-04-01,MB,All fuel types,"Total, vehicle type",11867,2023,4
2023-04-01,MB,All fuel types,Passenger cars,1398,2023,4
2023-04-01,MB,All fuel types,Pickup trucks,3335,2023,4
2023-04-01,MB,All fuel types,Multi-purpose vehicles,6774,2023,4
2023-04-01,MB,All fuel types,Vans,360,2023,4
2023-04-01,MB,Gas,"Total, vehicle type",9940,2023,4
2023-04-01,MB,Gas,Passenger cars,1211,2023,4
2023-04-01,MB,Gas,Pickup trucks,2744,2023,4
2023-04-01,MB,Gas,Multi-purpose vehicles,5676,2023,4
2023-04-01,MB,Gas,Vans,309,2023,4
2023-04-01,MB,Diesel,"Total, vehicle type",527,2023,4
2023-04-01,MB,Diesel,Passenger cars,0,2023,4
2023-04-01,MB,Diesel,Pickup trucks,472,2023,4
2023-04-01,MB,Diesel,Multi-purpose vehicles,51,2023,4
2023-04-01,MB,Diesel,Vans,4,2023,4
2023-04-01,MB,All zero-emission vehicles,"Total, vehicle type",383,2023,4
2023-04-01,MB,All zero-emission vehicles,Passenger cars,50,2023,4
2023-04-01,MB,All zero-emission vehicles,Pickup trucks,26,2023,4
2023-04-01,MB,All zero-emission vehicles,Multi-purpose vehicles,295,2023,4
2023-04-01,MB,All zero-emission vehicles,Vans,12,2023,4
2023-04-01,MB,Electric,"Total, vehicle type",238,2023,4
2023-04-01,MB,Electric,Passenger cars,43,2023,4
2023-04-01,MB,Electric,Pickup trucks,26,2023,4
2023-04-01,MB,Electric,Multi-purpose vehicles,162,2023,4
2023-04-01,MB,Electric,Vans,7,2023,4
2023-04-01,MB,Hybrid Electric,"Total, vehicle type",145,2023,4
2023-04-01,MB,Hybrid Electric,Passenger cars,7,2023,4
2023-04-01,MB,Hybrid Electric,Pickup trucks,0,2023,4
2023-04-01,MB,Hybrid Electric,Multi-purpose vehicles,133,2023,4
2023-04-01,MB,Hybrid Electric,Vans,5,2023,4
2023-04-01,MB,Hybrid Electric,"Total, vehicle type",1017,2023,4
2023-04-01,MB,Hybrid Electric,Passenger cars,137,2023,4
2023-04-01,MB,Hybrid Electric,Pickup trucks,93,2023,4
2023-04-01,MB,Hybrid Electric,Multi-purpose vehicles,752,2023,4
2023-04-01,MB,Hybrid Electric,Vans,35,2023,4
2023-04-01,MB,Other,"Total, vehicle type",0,2023,4
2023-04-01,MB,Other,Passenger cars,0,2023,4
2023-04-01,MB,Other,Pickup trucks,0,2023,4
2023-04-01,MB,Other,Multi-purpose vehicles,0,2023,4
2023-04-01,MB,Other,Vans,0,2023,4
2023-04-01,SAS,All fuel types,"Total, vehicle type",12376,2023,4
2023-04-01,SAS,All fuel types,Passenger cars,943,2023,4
2023-04-01,SAS,All fuel types,Pickup trucks,4503,2023,4
2023-04-01,SAS,All fuel types,Multi-purpose vehicles,6596,2023,4
2023-04-01,SAS,All fuel types,Vans,334,2023,4
2023-04-01,SAS,Gas,"Total, vehicle type",10144,2023,4
2023-04-01,SAS,Gas,Passenger cars,836,2023,4
2023-04-01,SAS,Gas,Pickup trucks,3375,2023,4
2023-04-01,SAS,Gas,Multi-purpose vehicles,5644,2023,4
2023-04-01,SAS,Gas,Vans,289,2023,4
2023-04-01,SAS,Diesel,"Total, vehicle type",1121,2023,4
2023-04-01,SAS,Diesel,Passenger cars,0,2023,4
2023-04-01,SAS,Diesel,Pickup trucks,975,2023,4
2023-04-01,SAS,Diesel,Multi-purpose vehicles,134,2023,4
2023-04-01,SAS,Diesel,Vans,12,2023,4
2023-04-01,SAS,All zero-emission vehicles,"Total, vehicle type",280,2023,4
2023-04-01,SAS,All zero-emission vehicles,Passenger cars,33,2023,4
2023-04-01,SAS,All zero-emission vehicles,Pickup trucks,23,2023,4
2023-04-01,SAS,All zero-emission vehicles,Multi-purpose vehicles,215,2023,4
2023-04-01,SAS,All zero-emission vehicles,Vans,9,2023,4
2023-04-01,SAS,Electric,"Total, vehicle type",165,2023,4
2023-04-01,SAS,Electric,Passenger cars,30,2023,4
2023-04-01,SAS,Electric,Pickup trucks,23,2023,4
2023-04-01,SAS,Electric,Multi-purpose vehicles,110,2023,4
2023-04-01,SAS,Electric,Vans,2,2023,4
2023-04-01,SAS,Hybrid Electric,"Total, vehicle type",115,2023,4
2023-04-01,SAS,Hybrid Electric,Passenger cars,3,2023,4
2023-04-01,SAS,Hybrid Electric,Pickup trucks,0,2023,4
2023-04-01,SAS,Hybrid Electric,Multi-purpose vehicles,105,2023,4
2023-04-01,SAS,Hybrid Electric,Vans,7,2023,4
2023-04-01,SAS,Hybrid Electric,"Total, vehicle type",831,2023,4
2023-04-01,SAS,Hybrid Electric,Passenger cars,74,2023,4
2023-04-01,SAS,Hybrid Electric,Pickup trucks,130,2023,4
2023-04-01,SAS,Hybrid Electric,Multi-purpose vehicles,603,2023,4
2023-04-01,SAS,Hybrid Electric,Vans,24,2023,4
2023-04-01,SAS,Other,"Total, vehicle type",0,2023,4
2023-04-01,SAS,Other,Passenger cars,0,2023,4
2023-04-01,SAS,Other,Pickup trucks,0,2023,4
2023-04-01,SAS,Other,Multi-purpose vehicles,0,2023,4
2023-04-01,SAS,Other,Vans,0,2023,4
2023-04-01,BC,All fuel types,"Total, vehicle type",58783,2023,4
2023-04-01,BC,All fuel types,Passenger cars,9742,2023,4
2023-04-01,BC,All fuel types,Pickup trucks,11888,2023,4
2023-04-01,BC,All fuel types,Multi-purpose vehicles,34711,2023,4
2023-04-01,BC,All fuel types,Vans,2442,2023,4
2023-04-01,BC,Gas,"Total, vehicle type",39154,2023,4
2023-04-01,BC,Gas,Passenger cars,6396,2023,4
2023-04-01,BC,Gas,Pickup trucks,8368,2023,4
2023-04-01,BC,Gas,Multi-purpose vehicles,22515,2023,4
2023-04-01,BC,Gas,Vans,1875,2023,4
2023-04-01,BC,Diesel,"Total, vehicle type",2972,2023,4
2023-04-01,BC,Diesel,Passenger cars,0,2023,4
2023-04-01,BC,Diesel,Pickup trucks,2578,2023,4
2023-04-01,BC,Diesel,Multi-purpose vehicles,185,2023,4
2023-04-01,BC,Diesel,Vans,209,2023,4
2023-04-01,BC,All zero-emission vehicles,"Total, vehicle type",11005,2023,4
2023-04-01,BC,All zero-emission vehicles,Passenger cars,2174,2023,4
2023-04-01,BC,All zero-emission vehicles,Pickup trucks,339,2023,4
2023-04-01,BC,All zero-emission vehicles,Multi-purpose vehicles,8305,2023,4
2023-04-01,BC,All zero-emission vehicles,Vans,187,2023,4
2023-04-01,BC,Electric,"Total, vehicle type",9086,2023,4
2023-04-01,BC,Electric,Passenger cars,1997,2023,4
2023-04-01,BC,Electric,Pickup trucks,339,2023,4
2023-04-01,BC,Electric,Multi-purpose vehicles,6638,2023,4
2023-04-01,BC,Electric,Vans,112,2023,4
2023-04-01,BC,Hybrid Electric,"Total, vehicle type",1919,2023,4
2023-04-01,BC,Hybrid Electric,Passenger cars,177,2023,4
2023-04-01,BC,Hybrid Electric,Pickup trucks,0,2023,4
2023-04-01,BC,Hybrid Electric,Multi-purpose vehicles,1667,2023,4
2023-04-01,BC,Hybrid Electric,Vans,75,2023,4
2023-04-01,BC,Hybrid Electric,"Total, vehicle type",5648,2023,4
2023-04-01,BC,Hybrid Electric,Passenger cars,1168,2023,4
2023-04-01,BC,Hybrid Electric,Pickup trucks,603,2023,4
2023-04-01,BC,Hybrid Electric,Multi-purpose vehicles,3706,2023,4
2023-04-01,BC,Hybrid Electric,Vans,171,2023,4
2023-04-01,BC,Other,"Total, vehicle type",4,2023,4
2023-04-01,BC,Other,Passenger cars,4,2023,4
2023-04-01,BC,Other,Pickup trucks,0,2023,4
2023-04-01,BC,Other,Multi-purpose vehicles,0,2023,4
2023-04-01,BC,Other,Vans,0,2023,4
2023-07-01,CAN,All fuel types,"Total, vehicle type",457343,2023,7
2023-07-01,CAN,All fuel types,Passenger cars,70996,2023,7
2023-07-01,CAN,All fuel types,Pickup trucks,95983,2023,7
2023-07-01,CAN,All fuel types,Multi-purpose vehicles,272921,2023,7
2023-07-01,CAN,All fuel types,Vans,17443,2023,7
2023-07-01,CAN,Gas,"Total, vehicle type",343082,2023,7
2023-07-01,CAN,Gas,Passenger cars,52625,2023,7
2023-07-01,CAN,Gas,Pickup trucks,75463,2023,7
2023-07-01,CAN,Gas,Multi-purpose vehicles,200914,2023,7
2023-07-01,CAN,Gas,Vans,14080,2023,7
2023-07-01,CAN,Diesel,"Total, vehicle type",18102,2023,7
2023-07-01,CAN,Diesel,Passenger cars,0,2023,7
2023-07-01,CAN,Diesel,Pickup trucks,15504,2023,7
2023-07-01,CAN,Diesel,Multi-purpose vehicles,1287,2023,7
2023-07-01,CAN,Diesel,Vans,1311,2023,7
2023-07-01,CAN,All zero-emission vehicles,"Total, vehicle type",57406,2023,7
2023-07-01,CAN,All zero-emission vehicles,Passenger cars,11660,2023,7
2023-07-01,CAN,All zero-emission vehicles,Pickup trucks,2026,2023,7
2023-07-01,CAN,All zero-emission vehicles,Multi-purpose vehicles,42860,2023,7
2023-07-01,CAN,All zero-emission vehicles,Vans,860,2023,7
2023-07-01,CAN,Electric,"Total, vehicle type",43763,2023,7
2023-07-01,CAN,Electric,Passenger cars,10244,2023,7
2023-07-01,CAN,Electric,Pickup trucks,2025,2023,7
2023-07-01,CAN,Electric,Multi-purpose vehicles,30981,2023,7
2023-07-01,CAN,Electric,Vans,513,2023,7
2023-07-01,CAN,Hybrid Electric,"Total, vehicle type",13643,2023,7
2023-07-01,CAN,Hybrid Electric,Passenger cars,1416,2023,7
2023-07-01,CAN,Hybrid Electric,Pickup trucks,1,2023,7
2023-07-01,CAN,Hybrid Electric,Multi-purpose vehicles,11879,2023,7
2023-07-01,CAN,Hybrid Electric,Vans,347,2023,7
2023-07-01,CAN,Hybrid Electric,"Total, vehicle type",38750,2023,7
2023-07-01,CAN,Hybrid Electric,Passenger cars,6708,2023,7
2023-07-01,CAN,Hybrid Electric,Pickup trucks,2990,2023,7
2023-07-01,CAN,Hybrid Electric,Multi-purpose vehicles,27860,2023,7
2023-07-01,CAN,Hybrid Electric,Vans,1192,2023,7
2023-07-01,CAN,Other,"Total, vehicle type",3,2023,7
2023-07-01,CAN,Other,Passenger cars,3,2023,7
2023-07-01,CAN,Other,Pickup trucks,0,2023,7
2023-07-01,CAN,Other,Multi-purpose vehicles,0,2023,7
2023-07-01,CAN,Other,Vans,0,2023,7
2023-07-01,PEI,All fuel types,"Total, vehicle type",1698,2023,7
2023-07-01,PEI,All fuel types,Passenger cars,260,2023,7
2023-07-01,PEI,All fuel types,Pickup trucks,407,2023,7
2023-07-01,PEI,All fuel types,Multi-purpose vehicles,987,2023,7
2023-07-01,PEI,All fuel types,Vans,44,2023,7
2023-07-01,PEI,Gas,"Total, vehicle type",1288,2023,7
2023-07-01,PEI,Gas,Passenger cars,211,2023,7
2023-07-01,PEI,Gas,Pickup trucks,318,2023,7
2023-07-01,PEI,Gas,Multi-purpose vehicles,730,2023,7
2023-07-01,PEI,Gas,Vans,29,2023,7
2023-07-01,PEI,Diesel,"Total, vehicle type",64,2023,7
2023-07-01,PEI,Diesel,Passenger cars,0,2023,7
2023-07-01,PEI,Diesel,Pickup trucks,57,2023,7
2023-07-01,PEI,Diesel,Multi-purpose vehicles,4,2023,7
2023-07-01,PEI,Diesel,Vans,3,2023,7
2023-07-01,PEI,All zero-emission vehicles,"Total, vehicle type",159,2023,7
2023-07-01,PEI,All zero-emission vehicles,Passenger cars,27,2023,7
2023-07-01,PEI,All zero-emission vehicles,Pickup trucks,14,2023,7
2023-07-01,PEI,All zero-emission vehicles,Multi-purpose vehicles,115,2023,7
2023-07-01,PEI,All zero-emission vehicles,Vans,3,2023,7
2023-07-01,PEI,Electric,"Total, vehicle type",94,2023,7
2023-07-01,PEI,Electric,Passenger cars,20,2023,7
2023-07-01,PEI,Electric,Pickup trucks,14,2023,7
2023-07-01,PEI,Electric,Multi-purpose vehicles,60,2023,7
2023-07-01,PEI,Electric,Vans,0,2023,7
2023-07-01,PEI,Hybrid Electric,"Total, vehicle type",65,2023,7
2023-07-01,PEI,Hybrid Electric,Passenger cars,7,2023,7
2023-07-01,PEI,Hybrid Electric,Pickup trucks,0,2023,7
2023-07-01,PEI,Hybrid Electric,Multi-purpose vehicles,55,2023,7
2023-07-01,PEI,Hybrid Electric,Vans,3,2023,7
2023-07-01,PEI,Hybrid Electric,"Total, vehicle type",187,2023,7
2023-07-01,PEI,Hybrid Electric,Passenger cars,22,2023,7
2023-07-01,PEI,Hybrid Electric,Pickup trucks,18,2023,7
2023-07-01,PEI,Hybrid Electric,Multi-purpose vehicles,138,2023,7
2023-07-01,PEI,Hybrid Electric,Vans,9,2023,7
2023-07-01,PEI,Other,"Total, vehicle type",0,2023,7
2023-07-01,PEI,Other,Passenger cars,0,2023,7
2023-07-01,PEI,Other,Pickup trucks,0,2023,7
2023-07-01,PEI,Other,Multi-purpose vehicles,0,2023,7
2023-07-01,PEI,Other,Vans,0,2023,7
2023-07-01,NB,All fuel types,"Total, vehicle type",9133,2023,7
2023-07-01,NB,All fuel types,Passenger cars,1110,2023,7
2023-07-01,NB,All fuel types,Pickup trucks,2358,2023,7
2023-07-01,NB,All fuel types,Multi-purpose vehicles,5360,2023,7
2023-07-01,NB,All fuel types,Vans,305,2023,7
2023-07-01,NB,Gas,"Total, vehicle type",7454,2023,7
2023-07-01,NB,Gas,Passenger cars,932,2023,7
2023-07-01,NB,Gas,Pickup trucks,2017,2023,7
2023-07-01,NB,Gas,Multi-purpose vehicles,4230,2023,7
2023-07-01,NB,Gas,Vans,275,2023,7
2023-07-01,NB,Diesel,"Total, vehicle type",293,2023,7
2023-07-01,NB,Diesel,Passenger cars,0,2023,7
2023-07-01,NB,Diesel,Pickup trucks,272,2023,7
2023-07-01,NB,Diesel,Multi-purpose vehicles,14,2023,7
2023-07-01,NB,Diesel,Vans,7,2023,7
2023-07-01,NB,All zero-emission vehicles,"Total, vehicle type",536,2023,7
2023-07-01,NB,All zero-emission vehicles,Passenger cars,65,2023,7
2023-07-01,NB,All zero-emission vehicles,Pickup trucks,22,2023,7
2023-07-01,NB,All zero-emission vehicles,Multi-purpose vehicles,445,2023,7
2023-07-01,NB,All zero-emission vehicles,Vans,4,2023,7
2023-07-01,NB,Electric,"Total, vehicle type",284,2023,7
2023-07-01,NB,Electric,Passenger cars,48,2023,7
2023-07-01,NB,Electric,Pickup trucks,22,2023,7
2023-07-01,NB,Electric,Multi-purpose vehicles,210,2023,7
2023-07-01,NB,Electric,Vans,4,2023,7
2023-07-01,NB,Hybrid Electric,"Total, vehicle type",252,2023,7
2023-07-01,NB,Hybrid Electric,Passenger cars,17,2023,7
2023-07-01,NB,Hybrid Electric,Pickup trucks,0,2023,7
2023-07-01,NB,Hybrid Electric,Multi-purpose vehicles,235,2023,7
2023-07-01,NB,Hybrid Electric,Vans,0,2023,7
2023-07-01,NB,Hybrid Electric,"Total, vehicle type",850,2023,7
2023-07-01,NB,Hybrid Electric,Passenger cars,113,2023,7
2023-07-01,NB,Hybrid Electric,Pickup trucks,47,2023,7
2023-07-01,NB,Hybrid Electric,Multi-purpose vehicles,671,2023,7
2023-07-01,NB,Hybrid Electric,Vans,19,2023,7
2023-07-01,NB,Other,"Total, vehicle type",0,2023,7
2023-07-01,NB,Other,Passenger cars,0,2023,7
2023-07-01,NB,Other,Pickup trucks,0,2023,7
2023-07-01,NB,Other,Multi-purpose vehicles,0,2023,7
2023-07-01,NB,Other,Vans,0,2023,7
2023-07-01,QUE,All fuel types,"Total, vehicle type",112860,2023,7
2023-07-01,QUE,All fuel types,Passenger cars,20101,2023,7
2023-07-01,QUE,All fuel types,Pickup trucks,17074,2023,7
2023-07-01,QUE,All fuel types,Multi-purpose vehicles,71548,2023,7
2023-07-01,QUE,All fuel types,Vans,4137,2023,7
2023-07-01,QUE,Gas,"Total, vehicle type",78174,2023,7
2023-07-01,QUE,Gas,Passenger cars,13851,2023,7
2023-07-01,QUE,Gas,Pickup trucks,13004,2023,7
2023-07-01,QUE,Gas,Multi-purpose vehicles,48172,2023,7
2023-07-01,QUE,Gas,Vans,3147,2023,7
2023-07-01,QUE,Diesel,"Total, vehicle type",3312,2023,7
2023-07-01,QUE,Diesel,Passenger cars,0,2023,7
2023-07-01,QUE,Diesel,Pickup trucks,2876,2023,7
2023-07-01,QUE,Diesel,Multi-purpose vehicles,121,2023,7
2023-07-01,QUE,Diesel,Vans,315,2023,7
2023-07-01,QUE,All zero-emission vehicles,"Total, vehicle type",24307,2023,7
2023-07-01,QUE,All zero-emission vehicles,Passenger cars,4834,2023,7
2023-07-01,QUE,All zero-emission vehicles,Pickup trucks,713,2023,7
2023-07-01,QUE,All zero-emission vehicles,Multi-purpose vehicles,18331,2023,7
2023-07-01,QUE,All zero-emission vehicles,Vans,429,2023,7
2023-07-01,QUE,Electric,"Total, vehicle type",18162,2023,7
2023-07-01,QUE,Electric,Passenger cars,4178,2023,7
2023-07-01,QUE,Electric,Pickup trucks,712,2023,7
2023-07-01,QUE,Electric,Multi-purpose vehicles,13017,2023,7
2023-07-01,QUE,Electric,Vans,255,2023,7
2023-07-01,QUE,Hybrid Electric,"Total, vehicle type",6145,2023,7
2023-07-01,QUE,Hybrid Electric,Passenger cars,656,2023,7
2023-07-01,QUE,Hybrid Electric,Pickup trucks,1,2023,7
2023-07-01,QUE,Hybrid Electric,Multi-purpose vehicles,5314,2023,7
2023-07-01,QUE,Hybrid Electric,Vans,174,2023,7
2023-07-01,QUE,Hybrid Electric,"Total, vehicle type",7067,2023,7
2023-07-01,QUE,Hybrid Electric,Passenger cars,1416,2023,7
2023-07-01,QUE,Hybrid Electric,Pickup trucks,481,2023,7
2023-07-01,QUE,Hybrid Electric,Multi-purpose vehicles,4924,2023,7
2023-07-01,QUE,Hybrid Electric,Vans,246,2023,7
2023-07-01,QUE,Other,"Total, vehicle type",0,2023,7
2023-07-01,QUE,Other,Passenger cars,0,2023,7
2023-07-01,QUE,Other,Pickup trucks,0,2023,7
2023-07-01,QUE,Other,Multi-purpose vehicles,0,2023,7
2023-07-01,QUE,Other,Vans,0,2023,7
2023-07-01,ON,All fuel types,"Total, vehicle type",178597,2023,7
2023-07-01,ON,All fuel types,Passenger cars,29904,2023,7
2023-07-01,ON,All fuel types,Pickup trucks,32977,2023,7
2023-07-01,ON,All fuel types,Multi-purpose vehicles,108349,2023,7
2023-07-01,ON,All fuel types,Vans,7367,2023,7
2023-07-01,ON,Gas,"Total, vehicle type",140936,2023,7
2023-07-01,ON,Gas,Passenger cars,23413,2023,7
2023-07-01,ON,Gas,Pickup trucks,26921,2023,7
2023-07-01,ON,Gas,Multi-purpose vehicles,84527,2023,7
2023-07-01,ON,Gas,Vans,6075,2023,7
2023-07-01,ON,Diesel,"Total, vehicle type",5355,2023,7
2023-07-01,ON,Diesel,Passenger cars,0,2023,7
2023-07-01,ON,Diesel,Pickup trucks,4361,2023,7
2023-07-01,ON,Diesel,Multi-purpose vehicles,409,2023,7
2023-07-01,ON,Diesel,Vans,585,2023,7
2023-07-01,ON,All zero-emission vehicles,"Total, vehicle type",14710,2023,7
2023-07-01,ON,All zero-emission vehicles,Passenger cars,3451,2023,7
2023-07-01,ON,All zero-emission vehicles,Pickup trucks,523,2023,7
2023-07-01,ON,All zero-emission vehicles,Multi-purpose vehicles,10555,2023,7
2023-07-01,ON,All zero-emission vehicles,Vans,181,2023,7
2023-07-01,ON,Electric,"Total, vehicle type",11458,2023,7
2023-07-01,ON,Electric,Passenger cars,3129,2023,7
2023-07-01,ON,Electric,Pickup trucks,523,2023,7
2023-07-01,ON,Electric,Multi-purpose vehicles,7730,2023,7
2023-07-01,ON,Electric,Vans,76,2023,7
2023-07-01,ON,Hybrid Electric,"Total, vehicle type",3252,2023,7
2023-07-01,ON,Hybrid Electric,Passenger cars,322,2023,7
2023-07-01,ON,Hybrid Electric,Pickup trucks,0,2023,7
2023-07-01,ON,Hybrid Electric,Multi-purpose vehicles,2825,2023,7
2023-07-01,ON,Hybrid Electric,Vans,105,2023,7
2023-07-01,ON,Hybrid Electric,"Total, vehicle type",17596,2023,7
2023-07-01,ON,Hybrid Electric,Passenger cars,3040,2023,7
2023-07-01,ON,Hybrid Electric,Pickup trucks,1172,2023,7
2023-07-01,ON,Hybrid Electric,Multi-purpose vehicles,12858,2023,7
2023-07-01,ON,Hybrid Electric,Vans,526,2023,7
2023-07-01,ON,Other,"Total, vehicle type",0,2023,7
2023-07-01,ON,Other,Passenger cars,0,2023,7
2023-07-01,ON,Other,Pickup trucks,0,2023,7
2023-07-01,ON,Other,Multi-purpose vehicles,0,2023,7
2023-07-01,ON,Other,Vans,0,2023,7
2023-07-01,MB,All fuel types,"Total, vehicle type",13166,2023,7
2023-07-01,MB,All fuel types,Passenger cars,1370,2023,7
2023-07-01,MB,All fuel types,Pickup trucks,3560,2023,7
2023-07-01,MB,All fuel types,Multi-purpose vehicles,7799,2023,7
2023-07-01,MB,All fuel types,Vans,437,2023,7
2023-07-01,MB,Gas,"Total, vehicle type",10953,2023,7
2023-07-01,MB,Gas,Passenger cars,1150,2023,7
2023-07-01,MB,Gas,Pickup trucks,3004,2023,7
2023-07-01,MB,Gas,Multi-purpose vehicles,6415,2023,7
2023-07-01,MB,Gas,Vans,384,2023,7
2023-07-01,MB,Diesel,"Total, vehicle type",500,2023,7
2023-07-01,MB,Diesel,Passenger cars,0,2023,7
2023-07-01,MB,Diesel,Pickup trucks,444,2023,7
2023-07-01,MB,Diesel,Multi-purpose vehicles,48,2023,7
2023-07-01,MB,Diesel,Vans,8,2023,7
2023-07-01,MB,All zero-emission vehicles,"Total, vehicle type",577,2023,7
2023-07-01,MB,All zero-emission vehicles,Passenger cars,70,2023,7
2023-07-01,MB,All zero-emission vehicles,Pickup trucks,28,2023,7
2023-07-01,MB,All zero-emission vehicles,Multi-purpose vehicles,473,2023,7
2023-07-01,MB,All zero-emission vehicles,Vans,6,2023,7
2023-07-01,MB,Electric,"Total, vehicle type",335,2023,7
2023-07-01,MB,Electric,Passenger cars,59,2023,7
2023-07-01,MB,Electric,Pickup trucks,28,2023,7
2023-07-01,MB,Electric,Multi-purpose vehicles,245,2023,7
2023-07-01,MB,Electric,Vans,3,2023,7
2023-07-01,MB,Hybrid Electric,"Total, vehicle type",242,2023,7
2023-07-01,MB,Hybrid Electric,Passenger cars,11,2023,7
2023-07-01,MB,Hybrid Electric,Pickup trucks,0,2023,7
2023-07-01,MB,Hybrid Electric,Multi-purpose vehicles,228,2023,7
2023-07-01,MB,Hybrid Electric,Vans,3,2023,7
2023-07-01,MB,Hybrid Electric,"Total, vehicle type",1136,2023,7
2023-07-01,MB,Hybrid Electric,Passenger cars,150,2023,7
2023-07-01,MB,Hybrid Electric,Pickup trucks,84,2023,7
2023-07-01,MB,Hybrid Electric,Multi-purpose vehicles,863,2023,7
2023-07-01,MB,Hybrid Electric,Vans,39,2023,7
2023-07-01,MB,Other,"Total, vehicle type",0,2023,7
2023-07-01,MB,Other,Passenger cars,0,2023,7
2023-07-01,MB,Other,Pickup trucks,0,2023,7
2023-07-01,MB,Other,Multi-purpose vehicles,0,2023,7
2023-07-01,MB,Other,Vans,0,2023,7
2023-07-01,SAS,All fuel types,"Total, vehicle type",11933,2023,7
2023-07-01,SAS,All fuel types,Passenger cars,789,2023,7
2023-07-01,SAS,All fuel types,Pickup trucks,4707,2023,7
2023-07-01,SAS,All fuel types,Multi-purpose vehicles,6097,2023,7
2023-07-01,SAS,All fuel types,Vans,340,2023,7
2023-07-01,SAS,Gas,"Total, vehicle type",9727,2023,7
2023-07-01,SAS,Gas,Passenger cars,664,2023,7
2023-07-01,SAS,Gas,Pickup trucks,3679,2023,7
2023-07-01,SAS,Gas,Multi-purpose vehicles,5089,2023,7
2023-07-01,SAS,Gas,Vans,295,2023,7
2023-07-01,SAS,Diesel,"Total, vehicle type",1068,2023,7
2023-07-01,SAS,Diesel,Passenger cars,0,2023,7
2023-07-01,SAS,Diesel,Pickup trucks,907,2023,7
2023-07-01,SAS,Diesel,Multi-purpose vehicles,150,2023,7
2023-07-01,SAS,Diesel,Vans,11,2023,7
2023-07-01,SAS,All zero-emission vehicles,"Total, vehicle type",350,2023,7
2023-07-01,SAS,All zero-emission vehicles,Passenger cars,47,2023,7
2023-07-01,SAS,All zero-emission vehicles,Pickup trucks,21,2023,7
2023-07-01,SAS,All zero-emission vehicles,Multi-purpose vehicles,276,2023,7
2023-07-01,SAS,All zero-emission vehicles,Vans,6,2023,7
2023-07-01,SAS,Electric,"Total, vehicle type",202,2023,7
2023-07-01,SAS,Electric,Passenger cars,40,2023,7
2023-07-01,SAS,Electric,Pickup trucks,21,2023,7
2023-07-01,SAS,Electric,Multi-purpose vehicles,139,2023,7
2023-07-01,SAS,Electric,Vans,2,2023,7
2023-07-01,SAS,Hybrid Electric,"Total, vehicle type",148,2023,7
2023-07-01,SAS,Hybrid Electric,Passenger cars,7,2023,7
2023-07-01,SAS,Hybrid Electric,Pickup trucks,0,2023,7
2023-07-01,SAS,Hybrid Electric,Multi-purpose vehicles,137,2023,7
2023-07-01,SAS,Hybrid Electric,Vans,4,2023,7
2023-07-01,SAS,Hybrid Electric,"Total, vehicle type",788,2023,7
2023-07-01,SAS,Hybrid Electric,Passenger cars,78,2023,7
2023-07-01,SAS,Hybrid Electric,Pickup trucks,100,2023,7
2023-07-01,SAS,Hybrid Electric,Multi-purpose vehicles,582,2023,7
2023-07-01,SAS,Hybrid Electric,Vans,28,2023,7
2023-07-01,SAS,Other,"Total, vehicle type",0,2023,7
2023-07-01,SAS,Other,Passenger cars,0,2023,7
2023-07-01,SAS,Other,Pickup trucks,0,2023,7
2023-07-01,SAS,Other,Multi-purpose vehicles,0,2023,7
2023-07-01,SAS,Other,Vans,0,2023,7
2023-07-01,BC,All fuel types,"Total, vehicle type",56699,2023,7
2023-07-01,BC,All fuel types,Passenger cars,9306,2023,7
2023-07-01,BC,All fuel types,Pickup trucks,11162,2023,7
2023-07-01,BC,All fuel types,Multi-purpose vehicles,34144,2023,7
2023-07-01,BC,All fuel types,Vans,2087,2023,7
2023-07-01,BC,Gas,"Total, vehicle type",35133,2023,7
2023-07-01,BC,Gas,Passenger cars,5566,2023,7
2023-07-01,BC,Gas,Pickup trucks,7920,2023,7
2023-07-01,BC,Gas,Multi-purpose vehicles,20127,2023,7
2023-07-01,BC,Gas,Vans,1520,2023,7
2023-07-01,BC,Diesel,"Total, vehicle type",2626,2023,7
2023-07-01,BC,Diesel,Passenger cars,0,2023,7
2023-07-01,BC,Diesel,Pickup trucks,2216,2023,7
2023-07-01,BC,Diesel,Multi-purpose vehicles,169,2023,7
2023-07-01,BC,Diesel,Vans,241,2023,7
2023-07-01,BC,All zero-emission vehicles,"Total, vehicle type",13472,2023,7
2023-07-01,BC,All zero-emission vehicles,Passenger cars,2602,2023,7
2023-07-01,BC,All zero-emission vehicles,Pickup trucks,513,2023,7
2023-07-01,BC,All zero-emission vehicles,Multi-purpose vehicles,10185,2023,7
2023-07-01,BC,All zero-emission vehicles,Vans,172,2023,7
2023-07-01,BC,Electric,"Total, vehicle type",11111,2023,7
2023-07-01,BC,Electric,Passenger cars,2291,2023,7
2023-07-01,BC,Electric,Pickup trucks,513,2023,7
2023-07-01,BC,Electric,Multi-purpose vehicles,8175,2023,7
2023-07-01,BC,Electric,Vans,132,2023,7
2023-07-01,BC,Hybrid Electric,"Total, vehicle type",2361,2023,7
2023-07-01,BC,Hybrid Electric,Passenger cars,311,2023,7
2023-07-01,BC,Hybrid Electric,Pickup trucks,0,2023,7
2023-07-01,BC,Hybrid Electric,Multi-purpose vehicles,2010,2023,7
2023-07-01,BC,Hybrid Electric,Vans,40,2023,7
2023-07-01,BC,Hybrid Electric,"Total, vehicle type",5465,2023,7
2023-07-01,BC,Hybrid Electric,Passenger cars,1135,2023,7
2023-07-01,BC,Hybrid Electric,Pickup trucks,513,2023,7
2023-07-01,BC,Hybrid Electric,Multi-purpose vehicles,3663,2023,7
2023-07-01,BC,Hybrid Electric,Vans,154,2023,7
2023-07-01,BC,Other,"Total, vehicle type",3,2023,7
2023-07-01,BC,Other,Passenger cars,3,2023,7
2023-07-01,BC,Other,Pickup trucks,0,2023,7
2023-07-01,BC,Other,Multi-purpose vehicles,0,2023,7
2023-07-01,BC,Other,Vans,0,2023,7
2023-10-01,CAN,All fuel types,"Total, vehicle type",428108,2023,10
2023-10-01,CAN,All fuel types,Passenger cars,59079,2023,10
2023-10-01,CAN,All fuel types,Pickup trucks,88531,2023,10
2023-10-01,CAN,All fuel types,Multi-purpose vehicles,267086,2023,10
2023-10-01,CAN,All fuel types,Vans,13412,2023,10
2023-10-01,CAN,Gas,"Total, vehicle type",320820,2023,10
2023-10-01,CAN,Gas,Passenger cars,44474,2023,10
2023-10-01,CAN,Gas,Pickup trucks,67206,2023,10
2023-10-01,CAN,Gas,Multi-purpose vehicles,199295,2023,10
2023-10-01,CAN,Gas,Vans,9845,2023,10
2023-10-01,CAN,Diesel,"Total, vehicle type",19586,2023,10
2023-10-01,CAN,Diesel,Passenger cars,0,2023,10
2023-10-01,CAN,Diesel,Pickup trucks,16784,2023,10
2023-10-01,CAN,Diesel,Multi-purpose vehicles,1478,2023,10
2023-10-01,CAN,Diesel,Vans,1324,2023,10
2023-10-01,CAN,All zero-emission vehicles,"Total, vehicle type",52685,2023,10
2023-10-01,CAN,All zero-emission vehicles,Passenger cars,9140,2023,10
2023-10-01,CAN,All zero-emission vehicles,Pickup trucks,2051,2023,10
2023-10-01,CAN,All zero-emission vehicles,Multi-purpose vehicles,40822,2023,10
2023-10-01,CAN,All zero-emission vehicles,Vans,672,2023,10
2023-10-01,CAN,Electric,"Total, vehicle type",40051,2023,10
2023-10-01,CAN,Electric,Passenger cars,8193,2023,10
2023-10-01,CAN,Electric,Pickup trucks,2051,2023,10
2023-10-01,CAN,Electric,Multi-purpose vehicles,29462,2023,10
2023-10-01,CAN,Electric,Vans,345,2023,10
2023-10-01,CAN,Hybrid Electric,"Total, vehicle type",12634,2023,10
2023-10-01,CAN,Hybrid Electric,Passenger cars,947,2023,10
2023-10-01,CAN,Hybrid Electric,Pickup trucks,0,2023,10
2023-10-01,CAN,Hybrid Electric,Multi-purpose vehicles,11360,2023,10
2023-10-01,CAN,Hybrid Electric,Vans,327,2023,10
2023-10-01,CAN,Hybrid Electric,"Total, vehicle type",35015,2023,10
2023-10-01,CAN,Hybrid Electric,Passenger cars,5463,2023,10
2023-10-01,CAN,Hybrid Electric,Pickup trucks,2490,2023,10
2023-10-01,CAN,Hybrid Electric,Multi-purpose vehicles,25491,2023,10
2023-10-01,CAN,Hybrid Electric,Vans,1571,2023,10
2023-10-01,CAN,Other,"Total, vehicle type",2,2023,10
2023-10-01,CAN,Other,Passenger cars,2,2023,10
2023-10-01,CAN,Other,Pickup trucks,0,2023,10
2023-10-01,CAN,Other,Multi-purpose vehicles,0,2023,10
2023-10-01,CAN,Other,Vans,0,2023,10
2023-10-01,PEI,All fuel types,"Total, vehicle type",1685,2023,10
2023-10-01,PEI,All fuel types,Passenger cars,233,2023,10
2023-10-01,PEI,All fuel types,Pickup trucks,371,2023,10
2023-10-01,PEI,All fuel types,Multi-purpose vehicles,1033,2023,10
2023-10-01,PEI,All fuel types,Vans,48,2023,10
2023-10-01,PEI,Gas,"Total, vehicle type",1322,2023,10
2023-10-01,PEI,Gas,Passenger cars,198,2023,10
2023-10-01,PEI,Gas,Pickup trucks,287,2023,10
2023-10-01,PEI,Gas,Multi-purpose vehicles,802,2023,10
2023-10-01,PEI,Gas,Vans,35,2023,10
2023-10-01,PEI,Diesel,"Total, vehicle type",60,2023,10
2023-10-01,PEI,Diesel,Passenger cars,0,2023,10
2023-10-01,PEI,Diesel,Pickup trucks,56,2023,10
2023-10-01,PEI,Diesel,Multi-purpose vehicles,2,2023,10
2023-10-01,PEI,Diesel,Vans,2,2023,10
2023-10-01,PEI,All zero-emission vehicles,"Total, vehicle type",147,2023,10
2023-10-01,PEI,All zero-emission vehicles,Passenger cars,17,2023,10
2023-10-01,PEI,All zero-emission vehicles,Pickup trucks,10,2023,10
2023-10-01,PEI,All zero-emission vehicles,Multi-purpose vehicles,115,2023,10
2023-10-01,PEI,All zero-emission vehicles,Vans,5,2023,10
2023-10-01,PEI,Electric,"Total, vehicle type",104,2023,10
2023-10-01,PEI,Electric,Passenger cars,14,2023,10
2023-10-01,PEI,Electric,Pickup trucks,10,2023,10
2023-10-01,PEI,Electric,Multi-purpose vehicles,77,2023,10
2023-10-01,PEI,Electric,Vans,3,2023,10
2023-10-01,PEI,Hybrid Electric,"Total, vehicle type",43,2023,10
2023-10-01,PEI,Hybrid Electric,Passenger cars,3,2023,10
2023-10-01,PEI,Hybrid Electric,Pickup trucks,0,2023,10
2023-10-01,PEI,Hybrid Electric,Multi-purpose vehicles,38,2023,10
2023-10-01,PEI,Hybrid Electric,Vans,2,2023,10
2023-10-01,PEI,Hybrid Electric,"Total, vehicle type",156,2023,10
2023-10-01,PEI,Hybrid Electric,Passenger cars,18,2023,10
2023-10-01,PEI,Hybrid Electric,Pickup trucks,18,2023,10
2023-10-01,PEI,Hybrid Electric,Multi-purpose vehicles,114,2023,10
2023-10-01,PEI,Hybrid Electric,Vans,6,2023,10
2023-10-01,PEI,Other,"Total, vehicle type",0,2023,10
2023-10-01,PEI,Other,Passenger cars,0,2023,10
2023-10-01,PEI,Other,Pickup trucks,0,2023,10
2023-10-01,PEI,Other,Multi-purpose vehicles,0,2023,10
2023-10-01,PEI,Other,Vans,0,2023,10
2023-10-01,NB,All fuel types,"Total, vehicle type",9275,2023,10
2023-10-01,NB,All fuel types,Passenger cars,1042,2023,10
2023-10-01,NB,All fuel types,Pickup trucks,2118,2023,10
2023-10-01,NB,All fuel types,Multi-purpose vehicles,5886,2023,10
2023-10-01,NB,All fuel types,Vans,229,2023,10
2023-10-01,NB,Gas,"Total, vehicle type",7682,2023,10
2023-10-01,NB,Gas,Passenger cars,896,2023,10
2023-10-01,NB,Gas,Pickup trucks,1750,2023,10
2023-10-01,NB,Gas,Multi-purpose vehicles,4840,2023,10
2023-10-01,NB,Gas,Vans,196,2023,10
2023-10-01,NB,Diesel,"Total, vehicle type",315,2023,10
2023-10-01,NB,Diesel,Passenger cars,0,2023,10
2023-10-01,NB,Diesel,Pickup trucks,298,2023,10
2023-10-01,NB,Diesel,Multi-purpose vehicles,10,2023,10
2023-10-01,NB,Diesel,Vans,7,2023,10
2023-10-01,NB,All zero-emission vehicles,"Total, vehicle type",532,2023,10
2023-10-01,NB,All zero-emission vehicles,Passenger cars,62,2023,10
2023-10-01,NB,All zero-emission vehicles,Pickup trucks,20,2023,10
2023-10-01,NB,All zero-emission vehicles,Multi-purpose vehicles,441,2023,10
2023-10-01,NB,All zero-emission vehicles,Vans,9,2023,10
2023-10-01,NB,Electric,"Total, vehicle type",300,2023,10
2023-10-01,NB,Electric,Passenger cars,53,2023,10
2023-10-01,NB,Electric,Pickup trucks,20,2023,10
2023-10-01,NB,Electric,Multi-purpose vehicles,222,2023,10
2023-10-01,NB,Electric,Vans,5,2023,10
2023-10-01,NB,Hybrid Electric,"Total, vehicle type",232,2023,10
2023-10-01,NB,Hybrid Electric,Passenger cars,9,2023,10
2023-10-01,NB,Hybrid Electric,Pickup trucks,0,2023,10
2023-10-01,NB,Hybrid Electric,Multi-purpose vehicles,219,2023,10
2023-10-01,NB,Hybrid Electric,Vans,4,2023,10
2023-10-01,NB,Hybrid Electric,"Total, vehicle type",746,2023,10
2023-10-01,NB,Hybrid Electric,Passenger cars,84,2023,10
2023-10-01,NB,Hybrid Electric,Pickup trucks,50,2023,10
2023-10-01,NB,Hybrid Electric,Multi-purpose vehicles,595,2023,10
2023-10-01,NB,Hybrid Electric,Vans,17,2023,10
2023-10-01,NB,Other,"Total, vehicle type",0,2023,10
2023-10-01,NB,Other,Passenger cars,0,2023,10
2023-10-01,NB,Other,Pickup trucks,0,2023,10
2023-10-01,NB,Other,Multi-purpose vehicles,0,2023,10
2023-10-01,NB,Other,Vans,0,2023,10
2023-10-01,QUE,All fuel types,"Total, vehicle type",105041,2023,10
2023-10-01,QUE,All fuel types,Passenger cars,17142,2023,10
2023-10-01,QUE,All fuel types,Pickup trucks,15723,2023,10
2023-10-01,QUE,All fuel types,Multi-purpose vehicles,69035,2023,10
2023-10-01,QUE,All fuel types,Vans,3141,2023,10
2023-10-01,QUE,Gas,"Total, vehicle type",71965,2023,10
2023-10-01,QUE,Gas,Passenger cars,11812,2023,10
2023-10-01,QUE,Gas,Pickup trucks,11090,2023,10
2023-10-01,QUE,Gas,Multi-purpose vehicles,46762,2023,10
2023-10-01,QUE,Gas,Vans,2301,2023,10
2023-10-01,QUE,Diesel,"Total, vehicle type",3815,2023,10
2023-10-01,QUE,Diesel,Passenger cars,0,2023,10
2023-10-01,QUE,Diesel,Pickup trucks,3270,2023,10
2023-10-01,QUE,Diesel,Multi-purpose vehicles,240,2023,10
2023-10-01,QUE,Diesel,Vans,305,2023,10
2023-10-01,QUE,All zero-emission vehicles,"Total, vehicle type",23429,2023,10
2023-10-01,QUE,All zero-emission vehicles,Passenger cars,4297,2023,10
2023-10-01,QUE,All zero-emission vehicles,Pickup trucks,867,2023,10
2023-10-01,QUE,All zero-emission vehicles,Multi-purpose vehicles,17952,2023,10
2023-10-01,QUE,All zero-emission vehicles,Vans,313,2023,10
2023-10-01,QUE,Electric,"Total, vehicle type",17559,2023,10
2023-10-01,QUE,Electric,Passenger cars,3785,2023,10
2023-10-01,QUE,Electric,Pickup trucks,867,2023,10
2023-10-01,QUE,Electric,Multi-purpose vehicles,12794,2023,10
2023-10-01,QUE,Electric,Vans,113,2023,10
2023-10-01,QUE,Hybrid Electric,"Total, vehicle type",5870,2023,10
2023-10-01,QUE,Hybrid Electric,Passenger cars,512,2023,10
2023-10-01,QUE,Hybrid Electric,Pickup trucks,0,2023,10
2023-10-01,QUE,Hybrid Electric,Multi-purpose vehicles,5158,2023,10
2023-10-01,QUE,Hybrid Electric,Vans,200,2023,10
2023-10-01,QUE,Hybrid Electric,"Total, vehicle type",5832,2023,10
2023-10-01,QUE,Hybrid Electric,Passenger cars,1033,2023,10
2023-10-01,QUE,Hybrid Electric,Pickup trucks,496,2023,10
2023-10-01,QUE,Hybrid Electric,Multi-purpose vehicles,4081,2023,10
2023-10-01,QUE,Hybrid Electric,Vans,222,2023,10
2023-10-01,QUE,Other,"Total, vehicle type",0,2023,10
2023-10-01,QUE,Other,Passenger cars,0,2023,10
2023-10-01,QUE,Other,Pickup trucks,0,2023,10
2023-10-01,QUE,Other,Multi-purpose vehicles,0,2023,10
2023-10-01,QUE,Other,Vans,0,2023,10
2023-10-01,ON,All fuel types,"Total, vehicle type",171136,2023,10
2023-10-01,ON,All fuel types,Passenger cars,26037,2023,10
2023-10-01,ON,All fuel types,Pickup trucks,30930,2023,10
2023-10-01,ON,All fuel types,Multi-purpose vehicles,108458,2023,10
2023-10-01,ON,All fuel types,Vans,5711,2023,10
2023-10-01,ON,Gas,"Total, vehicle type",134635,2023,10
2023-10-01,ON,Gas,Passenger cars,20641,2023,10
2023-10-01,ON,Gas,Pickup trucks,24612,2023,10
2023-10-01,ON,Gas,Multi-purpose vehicles,85324,2023,10
2023-10-01,ON,Gas,Vans,4058,2023,10
2023-10-01,ON,Diesel,"Total, vehicle type",6135,2023,10
2023-10-01,ON,Diesel,Passenger cars,0,2023,10
2023-10-01,ON,Diesel,Pickup trucks,4863,2023,10
2023-10-01,ON,Diesel,Multi-purpose vehicles,599,2023,10
2023-10-01,ON,Diesel,Vans,673,2023,10
2023-10-01,ON,All zero-emission vehicles,"Total, vehicle type",14105,2023,10
2023-10-01,ON,All zero-emission vehicles,Passenger cars,2698,2023,10
2023-10-01,ON,All zero-emission vehicles,Pickup trucks,550,2023,10
2023-10-01,ON,All zero-emission vehicles,Multi-purpose vehicles,10636,2023,10
2023-10-01,ON,All zero-emission vehicles,Vans,221,2023,10
2023-10-01,ON,Electric,"Total, vehicle type",10931,2023,10
2023-10-01,ON,Electric,Passenger cars,2488,2023,10
2023-10-01,ON,Electric,Pickup trucks,550,2023,10
2023-10-01,ON,Electric,Multi-purpose vehicles,7734,2023,10
2023-10-01,ON,Electric,Vans,159,2023,10
2023-10-01,ON,Hybrid Electric,"Total, vehicle type",3174,2023,10
2023-10-01,ON,Hybrid Electric,Passenger cars,210,2023,10
2023-10-01,ON,Hybrid Electric,Pickup trucks,0,2023,10
2023-10-01,ON,Hybrid Electric,Multi-purpose vehicles,2902,2023,10
2023-10-01,ON,Hybrid Electric,Vans,62,2023,10
2023-10-01,ON,Hybrid Electric,"Total, vehicle type",16261,2023,10
2023-10-01,ON,Hybrid Electric,Passenger cars,2698,2023,10
2023-10-01,ON,Hybrid Electric,Pickup trucks,905,2023,10
2023-10-01,ON,Hybrid Electric,Multi-purpose vehicles,11899,2023,10
2023-10-01,ON,Hybrid Electric,Vans,759,2023,10
2023-10-01,ON,Other,"Total, vehicle type",0,2023,10
2023-10-01,ON,Other,Passenger cars,0,2023,10
2023-10-01,ON,Other,Pickup trucks,0,2023,10
2023-10-01,ON,Other,Multi-purpose vehicles,0,2023,10
2023-10-01,ON,Other,Vans,0,2023,10
2023-10-01,MB,All fuel types,"Total, vehicle type",10471,2023,10
2023-10-01,MB,All fuel types,Passenger cars,897,2023,10
2023-10-01,MB,All fuel types,Pickup trucks,2974,2023,10
2023-10-01,MB,All fuel types,Multi-purpose vehicles,6260,2023,10
2023-10-01,MB,All fuel types,Vans,340,2023,10
2023-10-01,MB,Gas,"Total, vehicle type",8815,2023,10
2023-10-01,MB,Gas,Passenger cars,769,2023,10
2023-10-01,MB,Gas,Pickup trucks,2485,2023,10
2023-10-01,MB,Gas,Multi-purpose vehicles,5269,2023,10
2023-10-01,MB,Gas,Vans,292,2023,10
2023-10-01,MB,Diesel,"Total, vehicle type",462,2023,10
2023-10-01,MB,Diesel,Passenger cars,0,2023,10
2023-10-01,MB,Diesel,Pickup trucks,412,2023,10
2023-10-01,MB,Diesel,Multi-purpose vehicles,38,2023,10
2023-10-01,MB,Diesel,Vans,12,2023,10
2023-10-01,MB,All zero-emission vehicles,"Total, vehicle type",376,2023,10
2023-10-01,MB,All zero-emission vehicles,Passenger cars,34,2023,10
2023-10-01,MB,All zero-emission vehicles,Pickup trucks,26,2023,10
2023-10-01,MB,All zero-emission vehicles,Multi-purpose vehicles,313,2023,10
2023-10-01,MB,All zero-emission vehicles,Vans,3,2023,10
2023-10-01,MB,Electric,"Total, vehicle type",220,2023,10
2023-10-01,MB,Electric,Passenger cars,29,2023,10
2023-10-01,MB,Electric,Pickup trucks,26,2023,10
2023-10-01,MB,Electric,Multi-purpose vehicles,163,2023,10
2023-10-01,MB,Electric,Vans,2,2023,10
2023-10-01,MB,Hybrid Electric,"Total, vehicle type",156,2023,10
2023-10-01,MB,Hybrid Electric,Passenger cars,5,2023,10
2023-10-01,MB,Hybrid Electric,Pickup trucks,0,2023,10
2023-10-01,MB,Hybrid Electric,Multi-purpose vehicles,150,2023,10
2023-10-01,MB,Hybrid Electric,Vans,1,2023,10
2023-10-01,MB,Hybrid Electric,"Total, vehicle type",818,2023,10
2023-10-01,MB,Hybrid Electric,Passenger cars,94,2023,10
2023-10-01,MB,Hybrid Electric,Pickup trucks,51,2023,10
2023-10-01,MB,Hybrid Electric,Multi-purpose vehicles,640,2023,10
2023-10-01,MB,Hybrid Electric,Vans,33,2023,10
2023-10-01,MB,Other,"Total, vehicle type",0,2023,10
2023-10-01,MB,Other,Passenger cars,0,2023,10
2023-10-01,MB,Other,Pickup trucks,0,2023,10
2023-10-01,MB,Other,Multi-purpose vehicles,0,2023,10
2023-10-01,MB,Other,Vans,0,2023,10
2023-10-01,SAS,All fuel types,"Total, vehicle type",12275,2023,10
2023-10-01,SAS,All fuel types,Passenger cars,672,2023,10
2023-10-01,SAS,All fuel types,Pickup trucks,4694,2023,10
2023-10-01,SAS,All fuel types,Multi-purpose vehicles,6621,2023,10
2023-10-01,SAS,All fuel types,Vans,288,2023,10
2023-10-01,SAS,Gas,"Total, vehicle type",10058,2023,10
2023-10-01,SAS,Gas,Passenger cars,595,2023,10
2023-10-01,SAS,Gas,Pickup trucks,3430,2023,10
2023-10-01,SAS,Gas,Multi-purpose vehicles,5784,2023,10
2023-10-01,SAS,Gas,Vans,249,2023,10
2023-10-01,SAS,Diesel,"Total, vehicle type",1283,2023,10
2023-10-01,SAS,Diesel,Passenger cars,0,2023,10
2023-10-01,SAS,Diesel,Pickup trucks,1169,2023,10
2023-10-01,SAS,Diesel,Multi-purpose vehicles,109,2023,10
2023-10-01,SAS,Diesel,Vans,5,2023,10
2023-10-01,SAS,All zero-emission vehicles,"Total, vehicle type",258,2023,10
2023-10-01,SAS,All zero-emission vehicles,Passenger cars,25,2023,10
2023-10-01,SAS,All zero-emission vehicles,Pickup trucks,17,2023,10
2023-10-01,SAS,All zero-emission vehicles,Multi-purpose vehicles,213,2023,10
2023-10-01,SAS,All zero-emission vehicles,Vans,3,2023,10
2023-10-01,SAS,Electric,"Total, vehicle type",132,2023,10
2023-10-01,SAS,Electric,Passenger cars,23,2023,10
2023-10-01,SAS,Electric,Pickup trucks,17,2023,10
2023-10-01,SAS,Electric,Multi-purpose vehicles,89,2023,10
2023-10-01,SAS,Electric,Vans,3,2023,10
2023-10-01,SAS,Hybrid Electric,"Total, vehicle type",126,2023,10
2023-10-01,SAS,Hybrid Electric,Passenger cars,2,2023,10
2023-10-01,SAS,Hybrid Electric,Pickup trucks,0,2023,10
2023-10-01,SAS,Hybrid Electric,Multi-purpose vehicles,124,2023,10
2023-10-01,SAS,Hybrid Electric,Vans,0,2023,10
2023-10-01,SAS,Hybrid Electric,"Total, vehicle type",676,2023,10
2023-10-01,SAS,Hybrid Electric,Passenger cars,52,2023,10
2023-10-01,SAS,Hybrid Electric,Pickup trucks,78,2023,10
2023-10-01,SAS,Hybrid Electric,Multi-purpose vehicles,515,2023,10
2023-10-01,SAS,Hybrid Electric,Vans,31,2023,10
2023-10-01,SAS,Other,"Total, vehicle type",0,2023,10
2023-10-01,SAS,Other,Passenger cars,0,2023,10
2023-10-01,SAS,Other,Pickup trucks,0,2023,10
2023-10-01,SAS,Other,Multi-purpose vehicles,0,2023,10
2023-10-01,SAS,Other,Vans,0,2023,10
2023-10-01,BC,All fuel types,"Total, vehicle type",50169,2023,10
2023-10-01,BC,All fuel types,Passenger cars,6788,2023,10
2023-10-01,BC,All fuel types,Pickup trucks,10581,2023,10
2023-10-01,BC,All fuel types,Multi-purpose vehicles,31160,2023,10
2023-10-01,BC,All fuel types,Vans,1640,2023,10
2023-10-01,BC,Gas,"Total, vehicle type",31308,2023,10
2023-10-01,BC,Gas,Passenger cars,4278,2023,10
2023-10-01,BC,Gas,Pickup trucks,7559,2023,10
2023-10-01,BC,Gas,Multi-purpose vehicles,18411,2023,10
2023-10-01,BC,Gas,Vans,1060,2023,10
2023-10-01,BC,Diesel,"Total, vehicle type",2632,2023,10
2023-10-01,BC,Diesel,Passenger cars,0,2023,10
2023-10-01,BC,Diesel,Pickup trucks,2227,2023,10
2023-10-01,BC,Diesel,Multi-purpose vehicles,172,2023,10
2023-10-01,BC,Diesel,Vans,233,2023,10
2023-10-01,BC,All zero-emission vehicles,"Total, vehicle type",11028,2023,10
2023-10-01,BC,All zero-emission vehicles,Passenger cars,1614,2023,10
2023-10-01,BC,All zero-emission vehicles,Pickup trucks,404,2023,10
2023-10-01,BC,All zero-emission vehicles,Multi-purpose vehicles,8931,2023,10
2023-10-01,BC,All zero-emission vehicles,Vans,79,2023,10
2023-10-01,BC,Electric,"Total, vehicle type",9054,2023,10
2023-10-01,BC,Electric,Passenger cars,1482,2023,10
2023-10-01,BC,Electric,Pickup trucks,404,2023,10
2023-10-01,BC,Electric,Multi-purpose vehicles,7125,2023,10
2023-10-01,BC,Electric,Vans,43,2023,10
2023-10-01,BC,Hybrid Electric,"Total, vehicle type",1974,2023,10
2023-10-01,BC,Hybrid Electric,Passenger cars,132,2023,10
2023-10-01,BC,Hybrid Electric,Pickup trucks,0,2023,10
2023-10-01,BC,Hybrid Electric,Multi-purpose vehicles,1806,2023,10
2023-10-01,BC,Hybrid Electric,Vans,36,2023,10
2023-10-01,BC,Hybrid Electric,"Total, vehicle type",5199,2023,10
2023-10-01,BC,Hybrid Electric,Passenger cars,894,2023,10
2023-10-01,BC,Hybrid Electric,Pickup trucks,391,2023,10
2023-10-01,BC,Hybrid Electric,Multi-purpose vehicles,3646,2023,10
2023-10-01,BC,Hybrid Electric,Vans,268,2023,10
2023-10-01,BC,Other,"Total, vehicle type",2,2023,10
2023-10-01,BC,Other,Passenger cars,2,2023,10
2023-10-01,BC,Other,Pickup trucks,0,2023,10
2023-10-01,BC,Other,Multi-purpose vehicles,0,2023,10
2023-10-01,BC,Other,Vans,0,2023,10
2024-01-01,CAN,All fuel types,"Total, vehicle type",414876,2024,1
2024-01-01,CAN,All fuel types,Passenger cars,56646,2024,1
2024-01-01,CAN,All fuel types,Pickup trucks,79959,2024,1
2024-01-01,CAN,All fuel types,Multi-purpose vehicles,264325,2024,1
2024-01-01,CAN,All fuel types,Vans,13946,2024,1
2024-01-01,CAN,Gas,"Total, vehicle type",313551,2024,1
2024-01-01,CAN,Gas,Passenger cars,44197,2024,1
2024-01-01,CAN,Gas,Pickup trucks,59609,2024,1
2024-01-01,CAN,Gas,Multi-purpose vehicles,199635,2024,1
2024-01-01,CAN,Gas,Vans,10110,2024,1
2024-01-01,CAN,Diesel,"Total, vehicle type",17979,2024,1
2024-01-01,CAN,Diesel,Passenger cars,0,2024,1
2024-01-01,CAN,Diesel,Pickup trucks,15698,2024,1
2024-01-01,CAN,Diesel,Multi-purpose vehicles,1256,2024,1
2024-01-01,CAN,Diesel,Vans,1025,2024,1
2024-01-01,CAN,All zero-emission vehicles,"Total, vehicle type",48411,2024,1
2024-01-01,CAN,All zero-emission vehicles,Passenger cars,7396,2024,1
2024-01-01,CAN,All zero-emission vehicles,Pickup trucks,1628,2024,1
2024-01-01,CAN,All zero-emission vehicles,Multi-purpose vehicles,38925,2024,1
2024-01-01,CAN,All zero-emission vehicles,Vans,462,2024,1
2024-01-01,CAN,Electric,"Total, vehicle type",35771,2024,1
2024-01-01,CAN,Electric,Passenger cars,5710,2024,1
2024-01-01,CAN,Electric,Pickup trucks,1628,2024,1
2024-01-01,CAN,Electric,Multi-purpose vehicles,28162,2024,1
2024-01-01,CAN,Electric,Vans,271,2024,1
2024-01-01,CAN,Hybrid Electric,"Total, vehicle type",12640,2024,1
2024-01-01,CAN,Hybrid Electric,Passenger cars,1686,2024,1
2024-01-01,CAN,Hybrid Electric,Pickup trucks,0,2024,1
2024-01-01,CAN,Hybrid Electric,Multi-purpose vehicles,10763,2024,1
2024-01-01,CAN,Hybrid Electric,Vans,191,2024,1
2024-01-01,CAN,Hybrid Electric,"Total, vehicle type",34933,2024,1
2024-01-01,CAN,Hybrid Electric,Passenger cars,5051,2024,1
2024-01-01,CAN,Hybrid Electric,Pickup trucks,3024,2024,1
2024-01-01,CAN,Hybrid Electric,Multi-purpose vehicles,24509,2024,1
2024-01-01,CAN,Hybrid Electric,Vans,2349,2024,1
2024-01-01,CAN,Other,"Total, vehicle type",2,2024,1
2024-01-01,CAN,Other,Passenger cars,2,2024,1
2024-01-01,CAN,Other,Pickup trucks,0,2024,1
2024-01-01,CAN,Other,Multi-purpose vehicles,0,2024,1
2024-01-01,CAN,Other,Vans,0,2024,1
2024-01-01,PEI,All fuel types,"Total, vehicle type",1358,2024,1
2024-01-01,PEI,All fuel types,Passenger cars,163,2024,1
2024-01-01,PEI,All fuel types,Pickup trucks,351,2024,1
2024-01-01,PEI,All fuel types,Multi-purpose vehicles,809,2024,1
2024-01-01,PEI,All fuel types,Vans,35,2024,1
2024-01-01,PEI,Gas,"Total, vehicle type",1056,2024,1
2024-01-01,PEI,Gas,Passenger cars,121,2024,1
2024-01-01,PEI,Gas,Pickup trucks,255,2024,1
2024-01-01,PEI,Gas,Multi-purpose vehicles,654,2024,1
2024-01-01,PEI,Gas,Vans,26,2024,1
2024-01-01,PEI,Diesel,"Total, vehicle type",79,2024,1
2024-01-01,PEI,Diesel,Passenger cars,0,2024,1
2024-01-01,PEI,Diesel,Pickup trucks,72,2024,1
2024-01-01,PEI,Diesel,Multi-purpose vehicles,7,2024,1
2024-01-01,PEI,Diesel,Vans,0,2024,1
2024-01-01,PEI,All zero-emission vehicles,"Total, vehicle type",108,2024,1
2024-01-01,PEI,All zero-emission vehicles,Passenger cars,15,2024,1
2024-01-01,PEI,All zero-emission vehicles,Pickup trucks,5,2024,1
2024-01-01,PEI,All zero-emission vehicles,Multi-purpose vehicles,85,2024,1
2024-01-01,PEI,All zero-emission vehicles,Vans,3,2024,1
2024-01-01,PEI,Electric,"Total, vehicle type",50,2024,1
2024-01-01,PEI,Electric,Passenger cars,10,2024,1
2024-01-01,PEI,Electric,Pickup trucks,5,2024,1
2024-01-01,PEI,Electric,Multi-purpose vehicles,34,2024,1
2024-01-01,PEI,Electric,Vans,1,2024,1
2024-01-01,PEI,Hybrid Electric,"Total, vehicle type",58,2024,1
2024-01-01,PEI,Hybrid Electric,Passenger cars,5,2024,1
2024-01-01,PEI,Hybrid Electric,Pickup trucks,0,2024,1
2024-01-01,PEI,Hybrid Electric,Multi-purpose vehicles,51,2024,1
2024-01-01,PEI,Hybrid Electric,Vans,2,2024,1
2024-01-01,PEI,Hybrid Electric,"Total, vehicle type",115,2024,1
2024-01-01,PEI,Hybrid Electric,Passenger cars,27,2024,1
2024-01-01,PEI,Hybrid Electric,Pickup trucks,19,2024,1
2024-01-01,PEI,Hybrid Electric,Multi-purpose vehicles,63,2024,1
2024-01-01,PEI,Hybrid Electric,Vans,6,2024,1
2024-01-01,PEI,Other,"Total, vehicle type",0,2024,1
2024-01-01,PEI,Other,Passenger cars,0,2024,1
2024-01-01,PEI,Other,Pickup trucks,0,2024,1
2024-01-01,PEI,Other,Multi-purpose vehicles,0,2024,1
2024-01-01,PEI,Other,Vans,0,2024,1
2024-01-01,NB,All fuel types,"Total, vehicle type",8512,2024,1
2024-01-01,NB,All fuel types,Passenger cars,977,2024,1
2024-01-01,NB,All fuel types,Pickup trucks,1867,2024,1
2024-01-01,NB,All fuel types,Multi-purpose vehicles,5430,2024,1
2024-01-01,NB,All fuel types,Vans,238,2024,1
2024-01-01,NB,Gas,"Total, vehicle type",7056,2024,1
2024-01-01,NB,Gas,Passenger cars,822,2024,1
2024-01-01,NB,Gas,Pickup trucks,1486,2024,1
2024-01-01,NB,Gas,Multi-purpose vehicles,4550,2024,1
2024-01-01,NB,Gas,Vans,198,2024,1
2024-01-01,NB,Diesel,"Total, vehicle type",332,2024,1
2024-01-01,NB,Diesel,Passenger cars,0,2024,1
2024-01-01,NB,Diesel,Pickup trucks,318,2024,1
2024-01-01,NB,Diesel,Multi-purpose vehicles,10,2024,1
2024-01-01,NB,Diesel,Vans,4,2024,1
2024-01-01,NB,All zero-emission vehicles,"Total, vehicle type",468,2024,1
2024-01-01,NB,All zero-emission vehicles,Passenger cars,48,2024,1
2024-01-01,NB,All zero-emission vehicles,Pickup trucks,12,2024,1
2024-01-01,NB,All zero-emission vehicles,Multi-purpose vehicles,401,2024,1
2024-01-01,NB,All zero-emission vehicles,Vans,7,2024,1
2024-01-01,NB,Electric,"Total, vehicle type",251,2024,1
2024-01-01,NB,Electric,Passenger cars,30,2024,1
2024-01-01,NB,Electric,Pickup trucks,12,2024,1
2024-01-01,NB,Electric,Multi-purpose vehicles,204,2024,1
2024-01-01,NB,Electric,Vans,5,2024,1
2024-01-01,NB,Hybrid Electric,"Total, vehicle type",217,2024,1
2024-01-01,NB,Hybrid Electric,Passenger cars,18,2024,1
2024-01-01,NB,Hybrid Electric,Pickup trucks,0,2024,1
2024-01-01,NB,Hybrid Electric,Multi-purpose vehicles,197,2024,1
2024-01-01,NB,Hybrid Electric,Vans,2,2024,1
2024-01-01,NB,Hybrid Electric,"Total, vehicle type",656,2024,1
2024-01-01,NB,Hybrid Electric,Passenger cars,107,2024,1
2024-01-01,NB,Hybrid Electric,Pickup trucks,51,2024,1
2024-01-01,NB,Hybrid Electric,Multi-purpose vehicles,469,2024,1
2024-01-01,NB,Hybrid Electric,Vans,29,2024,1
2024-01-01,NB,Other,"Total, vehicle type",0,2024,1
2024-01-01,NB,Other,Passenger cars,0,2024,1
2024-01-01,NB,Other,Pickup trucks,0,2024,1
2024-01-01,NB,Other,Multi-purpose vehicles,0,2024,1
2024-01-01,NB,Other,Vans,0,2024,1
2024-01-01,QUE,All fuel types,"Total, vehicle type",100547,2024,1
2024-01-01,QUE,All fuel types,Passenger cars,14326,2024,1
2024-01-01,QUE,All fuel types,Pickup trucks,13984,2024,1
2024-01-01,QUE,All fuel types,Multi-purpose vehicles,69155,2024,1
2024-01-01,QUE,All fuel types,Vans,3082,2024,1
2024-01-01,QUE,Gas,"Total, vehicle type",68085,2024,1
2024-01-01,QUE,Gas,Passenger cars,9919,2024,1
2024-01-01,QUE,Gas,Pickup trucks,9977,2024,1
2024-01-01,QUE,Gas,Multi-purpose vehicles,46042,2024,1
2024-01-01,QUE,Gas,Vans,2147,2024,1
2024-01-01,QUE,Diesel,"Total, vehicle type",3429,2024,1
2024-01-01,QUE,Diesel,Passenger cars,0,2024,1
2024-01-01,QUE,Diesel,Pickup trucks,3001,2024,1
2024-01-01,QUE,Diesel,Multi-purpose vehicles,169,2024,1
2024-01-01,QUE,Diesel,Vans,259,2024,1
2024-01-01,QUE,All zero-emission vehicles,"Total, vehicle type",23476,2024,1
2024-01-01,QUE,All zero-emission vehicles,Passenger cars,3396,2024,1
2024-01-01,QUE,All zero-emission vehicles,Pickup trucks,547,2024,1
2024-01-01,QUE,All zero-emission vehicles,Multi-purpose vehicles,19343,2024,1
2024-01-01,QUE,All zero-emission vehicles,Vans,190,2024,1
2024-01-01,QUE,Electric,"Total, vehicle type",17833,2024,1
2024-01-01,QUE,Electric,Passenger cars,2629,2024,1
2024-01-01,QUE,Electric,Pickup trucks,547,2024,1
2024-01-01,QUE,Electric,Multi-purpose vehicles,14542,2024,1
2024-01-01,QUE,Electric,Vans,115,2024,1
2024-01-01,QUE,Hybrid Electric,"Total, vehicle type",5643,2024,1
2024-01-01,QUE,Hybrid Electric,Passenger cars,767,2024,1
2024-01-01,QUE,Hybrid Electric,Pickup trucks,0,2024,1
2024-01-01,QUE,Hybrid Electric,Multi-purpose vehicles,4801,2024,1
2024-01-01,QUE,Hybrid Electric,Vans,75,2024,1
2024-01-01,QUE,Hybrid Electric,"Total, vehicle type",5557,2024,1
2024-01-01,QUE,Hybrid Electric,Passenger cars,1011,2024,1
2024-01-01,QUE,Hybrid Electric,Pickup trucks,459,2024,1
2024-01-01,QUE,Hybrid Electric,Multi-purpose vehicles,3601,2024,1
2024-01-01,QUE,Hybrid Electric,Vans,486,2024,1
2024-01-01,QUE,Other,"Total, vehicle type",0,2024,1
2024-01-01,QUE,Other,Passenger cars,0,2024,1
2024-01-01,QUE,Other,Pickup trucks,0,2024,1
2024-01-01,QUE,Other,Multi-purpose vehicles,0,2024,1
2024-01-01,QUE,Other,Vans,0,2024,1
2024-01-01,ON,All fuel types,"Total, vehicle type",163029,2024,1
2024-01-01,ON,All fuel types,Passenger cars,25187,2024,1
2024-01-01,ON,All fuel types,Pickup trucks,27618,2024,1
2024-01-01,ON,All fuel types,Multi-purpose vehicles,103973,2024,1
2024-01-01,ON,All fuel types,Vans,6251,2024,1
2024-01-01,ON,Gas,"Total, vehicle type",129954,2024,1
2024-01-01,ON,Gas,Passenger cars,20943,2024,1
2024-01-01,ON,Gas,Pickup trucks,21366,2024,1
2024-01-01,ON,Gas,Multi-purpose vehicles,83112,2024,1
2024-01-01,ON,Gas,Vans,4533,2024,1
2024-01-01,ON,Diesel,"Total, vehicle type",5449,2024,1
2024-01-01,ON,Diesel,Passenger cars,0,2024,1
2024-01-01,ON,Diesel,Pickup trucks,4468,2024,1
2024-01-01,ON,Diesel,Multi-purpose vehicles,505,2024,1
2024-01-01,ON,Diesel,Vans,476,2024,1
2024-01-01,ON,All zero-emission vehicles,"Total, vehicle type",11026,2024,1
2024-01-01,ON,All zero-emission vehicles,Passenger cars,1984,2024,1
2024-01-01,ON,All zero-emission vehicles,Pickup trucks,469,2024,1
2024-01-01,ON,All zero-emission vehicles,Multi-purpose vehicles,8453,2024,1
2024-01-01,ON,All zero-emission vehicles,Vans,120,2024,1
2024-01-01,ON,Electric,"Total, vehicle type",8144,2024,1
2024-01-01,ON,Electric,Passenger cars,1596,2024,1
2024-01-01,ON,Electric,Pickup trucks,469,2024,1
2024-01-01,ON,Electric,Multi-purpose vehicles,6030,2024,1
2024-01-01,ON,Electric,Vans,49,2024,1
2024-01-01,ON,Hybrid Electric,"Total, vehicle type",2882,2024,1
2024-01-01,ON,Hybrid Electric,Passenger cars,388,2024,1
2024-01-01,ON,Hybrid Electric,Pickup trucks,0,2024,1
2024-01-01,ON,Hybrid Electric,Multi-purpose vehicles,2423,2024,1
2024-01-01,ON,Hybrid Electric,Vans,71,2024,1
2024-01-01,ON,Hybrid Electric,"Total, vehicle type",16600,2024,1
2024-01-01,ON,Hybrid Electric,Passenger cars,2260,2024,1
2024-01-01,ON,Hybrid Electric,Pickup trucks,1315,2024,1
2024-01-01,ON,Hybrid Electric,Multi-purpose vehicles,11903,2024,1
2024-01-01,ON,Hybrid Electric,Vans,1122,2024,1
2024-01-01,ON,Other,"Total, vehicle type",0,2024,1
2024-01-01,ON,Other,Passenger cars,0,2024,1
2024-01-01,ON,Other,Pickup trucks,0,2024,1
2024-01-01,ON,Other,Multi-purpose vehicles,0,2024,1
2024-01-01,ON,Other,Vans,0,2024,1
2024-01-01,MB,All fuel types,"Total, vehicle type",13287,2024,1
2024-01-01,MB,All fuel types,Passenger cars,1457,2024,1
2024-01-01,MB,All fuel types,Pickup trucks,3262,2024,1
2024-01-01,MB,All fuel types,Multi-purpose vehicles,8259,2024,1
2024-01-01,MB,All fuel types,Vans,309,2024,1
2024-01-01,MB,Gas,"Total, vehicle type",11155,2024,1
2024-01-01,MB,Gas,Passenger cars,1276,2024,1
2024-01-01,MB,Gas,Pickup trucks,2652,2024,1
2024-01-01,MB,Gas,Multi-purpose vehicles,6993,2024,1
2024-01-01,MB,Gas,Vans,234,2024,1
2024-01-01,MB,Diesel,"Total, vehicle type",549,2024,1
2024-01-01,MB,Diesel,Passenger cars,0,2024,1
2024-01-01,MB,Diesel,Pickup trucks,499,2024,1
2024-01-01,MB,Diesel,Multi-purpose vehicles,41,2024,1
2024-01-01,MB,Diesel,Vans,9,2024,1
2024-01-01,MB,All zero-emission vehicles,"Total, vehicle type",460,2024,1
2024-01-01,MB,All zero-emission vehicles,Passenger cars,60,2024,1
2024-01-01,MB,All zero-emission vehicles,Pickup trucks,40,2024,1
2024-01-01,MB,All zero-emission vehicles,Multi-purpose vehicles,353,2024,1
2024-01-01,MB,All zero-emission vehicles,Vans,7,2024,1
2024-01-01,MB,Electric,"Total, vehicle type",248,2024,1
2024-01-01,MB,Electric,Passenger cars,39,2024,1
2024-01-01,MB,Electric,Pickup trucks,40,2024,1
2024-01-01,MB,Electric,Multi-purpose vehicles,164,2024,1
2024-01-01,MB,Electric,Vans,5,2024,1
2024-01-01,MB,Hybrid Electric,"Total, vehicle type",212,2024,1
2024-01-01,MB,Hybrid Electric,Passenger cars,21,2024,1
2024-01-01,MB,Hybrid Electric,Pickup trucks,0,2024,1
2024-01-01,MB,Hybrid Electric,Multi-purpose vehicles,189,2024,1
2024-01-01,MB,Hybrid Electric,Vans,2,2024,1
2024-01-01,MB,Hybrid Electric,"Total, vehicle type",1123,2024,1
2024-01-01,MB,Hybrid Electric,Passenger cars,121,2024,1
2024-01-01,MB,Hybrid Electric,Pickup trucks,71,2024,1
2024-01-01,MB,Hybrid Electric,Multi-purpose vehicles,872,2024,1
2024-01-01,MB,Hybrid Electric,Vans,59,2024,1
2024-01-01,MB,Other,"Total, vehicle type",0,2024,1
2024-01-01,MB,Other,Passenger cars,0,2024,1
2024-01-01,MB,Other,Pickup trucks,0,2024,1
2024-01-01,MB,Other,Multi-purpose vehicles,0,2024,1
2024-01-01,MB,Other,Vans,0,2024,1
2024-01-01,SAS,All fuel types,"Total, vehicle type",12026,2024,1
2024-01-01,SAS,All fuel types,Passenger cars,851,2024,1
2024-01-01,SAS,All fuel types,Pickup trucks,4323,2024,1
2024-01-01,SAS,All fuel types,Multi-purpose vehicles,6576,2024,1
2024-01-01,SAS,All fuel types,Vans,276,2024,1
2024-01-01,SAS,Gas,"Total, vehicle type",9952,2024,1
2024-01-01,SAS,Gas,Passenger cars,777,2024,1
2024-01-01,SAS,Gas,Pickup trucks,3188,2024,1
2024-01-01,SAS,Gas,Multi-purpose vehicles,5775,2024,1
2024-01-01,SAS,Gas,Vans,212,2024,1
2024-01-01,SAS,Diesel,"Total, vehicle type",1155,2024,1
2024-01-01,SAS,Diesel,Passenger cars,0,2024,1
2024-01-01,SAS,Diesel,Pickup trucks,1033,2024,1
2024-01-01,SAS,Diesel,Multi-purpose vehicles,116,2024,1
2024-01-01,SAS,Diesel,Vans,6,2024,1
2024-01-01,SAS,All zero-emission vehicles,"Total, vehicle type",265,2024,1
2024-01-01,SAS,All zero-emission vehicles,Passenger cars,31,2024,1
2024-01-01,SAS,All zero-emission vehicles,Pickup trucks,19,2024,1
2024-01-01,SAS,All zero-emission vehicles,Multi-purpose vehicles,213,2024,1
2024-01-01,SAS,All zero-emission vehicles,Vans,2,2024,1
2024-01-01,SAS,Electric,"Total, vehicle type",131,2024,1
2024-01-01,SAS,Electric,Passenger cars,23,2024,1
2024-01-01,SAS,Electric,Pickup trucks,19,2024,1
2024-01-01,SAS,Electric,Multi-purpose vehicles,89,2024,1
2024-01-01,SAS,Electric,Vans,0,2024,1
2024-01-01,SAS,Hybrid Electric,"Total, vehicle type",134,2024,1
2024-01-01,SAS,Hybrid Electric,Passenger cars,8,2024,1
2024-01-01,SAS,Hybrid Electric,Pickup trucks,0,2024,1
2024-01-01,SAS,Hybrid Electric,Multi-purpose vehicles,124,2024,1
2024-01-01,SAS,Hybrid Electric,Vans,2,2024,1
2024-01-01,SAS,Hybrid Electric,"Total, vehicle type",654,2024,1
2024-01-01,SAS,Hybrid Electric,Passenger cars,43,2024,1
2024-01-01,SAS,Hybrid Electric,Pickup trucks,83,2024,1
2024-01-01,SAS,Hybrid Electric,Multi-purpose vehicles,472,2024,1
2024-01-01,SAS,Hybrid Electric,Vans,56,2024,1
2024-01-01,SAS,Other,"Total, vehicle type",0,2024,1
2024-01-01,SAS,Other,Passenger cars,0,2024,1
2024-01-01,SAS,Other,Pickup trucks,0,2024,1
2024-01-01,SAS,Other,Multi-purpose vehicles,0,2024,1
2024-01-01,SAS,Other,Vans,0,2024,1
2024-01-01,BC,All fuel types,"Total, vehicle type",49963,2024,1
2024-01-01,BC,All fuel types,Passenger cars,7334,2024,1
2024-01-01,BC,All fuel types,Pickup trucks,8725,2024,1
2024-01-01,BC,All fuel types,Multi-purpose vehicles,32068,2024,1
2024-01-01,BC,All fuel types,Vans,1836,2024,1
2024-01-01,BC,Gas,"Total, vehicle type",32262,2024,1
2024-01-01,BC,Gas,Passenger cars,4897,2024,1
2024-01-01,BC,Gas,Pickup trucks,5883,2024,1
2024-01-01,BC,Gas,Multi-purpose vehicles,20242,2024,1
2024-01-01,BC,Gas,Vans,1240,2024,1
2024-01-01,BC,Diesel,"Total, vehicle type",2301,2024,1
2024-01-01,BC,Diesel,Passenger cars,0,2024,1
2024-01-01,BC,Diesel,Pickup trucks,2008,2024,1
2024-01-01,BC,Diesel,Multi-purpose vehicles,131,2024,1
2024-01-01,BC,Diesel,Vans,162,2024,1
2024-01-01,BC,All zero-emission vehicles,"Total, vehicle type",10135,2024,1
2024-01-01,BC,All zero-emission vehicles,Passenger cars,1492,2024,1
2024-01-01,BC,All zero-emission vehicles,Pickup trucks,373,2024,1
2024-01-01,BC,All zero-emission vehicles,Multi-purpose vehicles,8168,2024,1
2024-01-01,BC,All zero-emission vehicles,Vans,102,2024,1
2024-01-01,BC,Electric,"Total, vehicle type",7633,2024,1
2024-01-01,BC,Electric,Passenger cars,1125,2024,1
2024-01-01,BC,Electric,Pickup trucks,373,2024,1
2024-01-01,BC,Electric,Multi-purpose vehicles,6059,2024,1
2024-01-01,BC,Electric,Vans,76,2024,1
2024-01-01,BC,Hybrid Electric,"Total, vehicle type",2502,2024,1
2024-01-01,BC,Hybrid Electric,Passenger cars,367,2024,1
2024-01-01,BC,Hybrid Electric,Pickup trucks,0,2024,1
2024-01-01,BC,Hybrid Electric,Multi-purpose vehicles,2109,2024,1
2024-01-01,BC,Hybrid Electric,Vans,26,2024,1
2024-01-01,BC,Hybrid Electric,"Total, vehicle type",5263,2024,1
2024-01-01,BC,Hybrid Electric,Passenger cars,943,2024,1
2024-01-01,BC,Hybrid Electric,Pickup trucks,461,2024,1
2024-01-01,BC,Hybrid Electric,Multi-purpose vehicles,3527,2024,1
2024-01-01,BC,Hybrid Electric,Vans,332,2024,1
2024-01-01,BC,Other,"Total, vehicle type",2,2024,1
2024-01-01,BC,Other,Passenger cars,2,2024,1
2024-01-01,BC,Other,Pickup trucks,0,2024,1
2024-01-01,BC,Other,Multi-purpose vehicles,0,2024,1
2024-01-01,BC,Other,Vans,0,2024,1
2024-04-01,CAN,All fuel types,"Total, vehicle type",511173,2024,4
2024-04-01,CAN,All fuel types,Passenger cars,73973,2024,4
2024-04-01,CAN,All fuel types,Pickup trucks,102862,2024,4
2024-04-01,CAN,All fuel types,Multi-purpose vehicles,315915,2024,4
2024-04-01,CAN,All fuel types,Vans,18423,2024,4
2024-04-01,CAN,Gas,"Total, vehicle type",383572,2024,4
2024-04-01,CAN,Gas,Passenger cars,59115,2024,4
2024-04-01,CAN,Gas,Pickup trucks,76462,2024,4
2024-04-01,CAN,Gas,Multi-purpose vehicles,234307,2024,4
2024-04-01,CAN,Gas,Vans,13688,2024,4
2024-04-01,CAN,Diesel,"Total, vehicle type",20917,2024,4
2024-04-01,CAN,Diesel,Passenger cars,0,2024,4
2024-04-01,CAN,Diesel,Pickup trucks,18469,2024,4
2024-04-01,CAN,Diesel,Multi-purpose vehicles,1300,2024,4
2024-04-01,CAN,Diesel,Vans,1148,2024,4
2024-04-01,CAN,All zero-emission vehicles,"Total, vehicle type",65733,2024,4
2024-04-01,CAN,All zero-emission vehicles,Passenger cars,9683,2024,4
2024-04-01,CAN,All zero-emission vehicles,Pickup trucks,2715,2024,4
2024-04-01,CAN,All zero-emission vehicles,Multi-purpose vehicles,52674,2024,4
2024-04-01,CAN,All zero-emission vehicles,Vans,661,2024,4
2024-04-01,CAN,Electric,"Total, vehicle type",48489,2024,4
2024-04-01,CAN,Electric,Passenger cars,8832,2024,4
2024-04-01,CAN,Electric,Pickup trucks,2715,2024,4
2024-04-01,CAN,Electric,Multi-purpose vehicles,36636,2024,4
2024-04-01,CAN,Electric,Vans,306,2024,4
2024-04-01,CAN,Hybrid Electric,"Total, vehicle type",17244,2024,4
2024-04-01,CAN,Hybrid Electric,Passenger cars,851,2024,4
2024-04-01,CAN,Hybrid Electric,Pickup trucks,0,2024,4
2024-04-01,CAN,Hybrid Electric,Multi-purpose vehicles,16038,2024,4
2024-04-01,CAN,Hybrid Electric,Vans,355,2024,4
2024-04-01,CAN,Hybrid Electric,"Total, vehicle type",40940,2024,4
2024-04-01,CAN,Hybrid Electric,Passenger cars,5164,2024,4
2024-04-01,CAN,Hybrid Electric,Pickup trucks,5216,2024,4
2024-04-01,CAN,Hybrid Electric,Multi-purpose vehicles,27634,2024,4
2024-04-01,CAN,Hybrid Electric,Vans,2926,2024,4
2024-04-01,CAN,Other,"Total, vehicle type",11,2024,4
2024-04-01,CAN,Other,Passenger cars,11,2024,4
2024-04-01,CAN,Other,Pickup trucks,0,2024,4
2024-04-01,CAN,Other,Multi-purpose vehicles,0,2024,4
2024-04-01,CAN,Other,Vans,0,2024,4
2024-04-01,PEI,All fuel types,"Total, vehicle type",1985,2024,4
2024-04-01,PEI,All fuel types,Passenger cars,286,2024,4
2024-04-01,PEI,All fuel types,Pickup trucks,440,2024,4
2024-04-01,PEI,All fuel types,Multi-purpose vehicles,1213,2024,4
2024-04-01,PEI,All fuel types,Vans,46,2024,4
2024-04-01,PEI,Gas,"Total, vehicle type",1543,2024,4
2024-04-01,PEI,Gas,Passenger cars,242,2024,4
2024-04-01,PEI,Gas,Pickup trucks,317,2024,4
2024-04-01,PEI,Gas,Multi-purpose vehicles,954,2024,4
2024-04-01,PEI,Gas,Vans,30,2024,4
2024-04-01,PEI,Diesel,"Total, vehicle type",84,2024,4
2024-04-01,PEI,Diesel,Passenger cars,0,2024,4
2024-04-01,PEI,Diesel,Pickup trucks,82,2024,4
2024-04-01,PEI,Diesel,Multi-purpose vehicles,2,2024,4
2024-04-01,PEI,Diesel,Vans,0,2024,4
2024-04-01,PEI,All zero-emission vehicles,"Total, vehicle type",173,2024,4
2024-04-01,PEI,All zero-emission vehicles,Passenger cars,11,2024,4
2024-04-01,PEI,All zero-emission vehicles,Pickup trucks,21,2024,4
2024-04-01,PEI,All zero-emission vehicles,Multi-purpose vehicles,137,2024,4
2024-04-01,PEI,All zero-emission vehicles,Vans,4,2024,4
2024-04-01,PEI,Electric,"Total, vehicle type",81,2024,4
2024-04-01,PEI,Electric,Passenger cars,9,2024,4
2024-04-01,PEI,Electric,Pickup trucks,21,2024,4
2024-04-01,PEI,Electric,Multi-purpose vehicles,51,2024,4
2024-04-01,PEI,Electric,Vans,0,2024,4
2024-04-01,PEI,Hybrid Electric,"Total, vehicle type",92,2024,4
2024-04-01,PEI,Hybrid Electric,Passenger cars,2,2024,4
2024-04-01,PEI,Hybrid Electric,Pickup trucks,0,2024,4
2024-04-01,PEI,Hybrid Electric,Multi-purpose vehicles,86,2024,4
2024-04-01,PEI,Hybrid Electric,Vans,4,2024,4
2024-04-01,PEI,Hybrid Electric,"Total, vehicle type",185,2024,4
2024-04-01,PEI,Hybrid Electric,Passenger cars,33,2024,4
2024-04-01,PEI,Hybrid Electric,Pickup trucks,20,2024,4
2024-04-01,PEI,Hybrid Electric,Multi-purpose vehicles,120,2024,4
2024-04-01,PEI,Hybrid Electric,Vans,12,2024,4
2024-04-01,PEI,Other,"Total, vehicle type",0,2024,4
2024-04-01,PEI,Other,Passenger cars,0,2024,4
2024-04-01,PEI,Other,Pickup trucks,0,2024,4
2024-04-01,PEI,Other,Multi-purpose vehicles,0,2024,4
2024-04-01,PEI,Other,Vans,0,2024,4
2024-04-01,Nova Scotia,All fuel types,"Total, vehicle type",14733,2024,4
2024-04-01,Nova Scotia,All fuel types,Passenger cars,2444,2024,4
2024-04-01,Nova Scotia,All fuel types,Pickup trucks,2515,2024,4
2024-04-01,Nova Scotia,All fuel types,Multi-purpose vehicles,9355,2024,4
2024-04-01,Nova Scotia,All fuel types,Vans,419,2024,4
2024-04-01,Nova Scotia,Gas,"Total, vehicle type",12427,2024,4
2024-04-01,Nova Scotia,Gas,Passenger cars,2202,2024,4
2024-04-01,Nova Scotia,Gas,Pickup trucks,1978,2024,4
2024-04-01,Nova Scotia,Gas,Multi-purpose vehicles,7895,2024,4
2024-04-01,Nova Scotia,Gas,Vans,352,2024,4
2024-04-01,Nova Scotia,Diesel,"Total, vehicle type",435,2024,4
2024-04-01,Nova Scotia,Diesel,Passenger cars,0,2024,4
2024-04-01,Nova Scotia,Diesel,Pickup trucks,405,2024,4
2024-04-01,Nova Scotia,Diesel,Multi-purpose vehicles,15,2024,4
2024-04-01,Nova Scotia,Diesel,Vans,15,2024,4
2024-04-01,Nova Scotia,All zero-emission vehicles,"Total, vehicle type",694,2024,4
2024-04-01,Nova Scotia,All zero-emission vehicles,Passenger cars,86,2024,4
2024-04-01,Nova Scotia,All zero-emission vehicles,Pickup trucks,23,2024,4
2024-04-01,Nova Scotia,All zero-emission vehicles,Multi-purpose vehicles,576,2024,4
2024-04-01,Nova Scotia,All zero-emission vehicles,Vans,9,2024,4
2024-04-01,Nova Scotia,Electric,"Total, vehicle type",364,2024,4
2024-04-01,Nova Scotia,Electric,Passenger cars,71,2024,4
2024-04-01,Nova Scotia,Electric,Pickup trucks,23,2024,4
2024-04-01,Nova Scotia,Electric,Multi-purpose vehicles,265,2024,4
2024-04-01,Nova Scotia,Electric,Vans,5,2024,4
2024-04-01,Nova Scotia,Hybrid Electric,"Total, vehicle type",330,2024,4
2024-04-01,Nova Scotia,Hybrid Electric,Passenger cars,15,2024,4
2024-04-01,Nova Scotia,Hybrid Electric,Pickup trucks,0,2024,4
2024-04-01,Nova Scotia,Hybrid Electric,Multi-purpose vehicles,311,2024,4
2024-04-01,Nova Scotia,Hybrid Electric,Vans,4,2024,4
2024-04-01,Nova Scotia,Hybrid Electric,"Total, vehicle type",1177,2024,4
2024-04-01,Nova Scotia,Hybrid Electric,Passenger cars,156,2024,4
2024-04-01,Nova Scotia,Hybrid Electric,Pickup trucks,109,2024,4
2024-04-01,Nova Scotia,Hybrid Electric,Multi-purpose vehicles,869,2024,4
2024-04-01,Nova Scotia,Hybrid Electric,Vans,43,2024,4
2024-04-01,Nova Scotia,Other,"Total, vehicle type",0,2024,4
2024-04-01,Nova Scotia,Other,Passenger cars,0,2024,4
2024-04-01,Nova Scotia,Other,Pickup trucks,0,2024,4
2024-04-01,Nova Scotia,Other,Multi-purpose vehicles,0,2024,4
2024-04-01,Nova Scotia,Other,Vans,0,2024,4
2024-04-01,NB,All fuel types,"Total, vehicle type",11187,2024,4
2024-04-01,NB,All fuel types,Passenger cars,1403,2024,4
2024-04-01,NB,All fuel types,Pickup trucks,2579,2024,4
2024-04-01,NB,All fuel types,Multi-purpose vehicles,6983,2024,4
2024-04-01,NB,All fuel types,Vans,222,2024,4
2024-04-01,NB,Gas,"Total, vehicle type",9033,2024,4
2024-04-01,NB,Gas,Passenger cars,1203,2024,4
2024-04-01,NB,Gas,Pickup trucks,2043,2024,4
2024-04-01,NB,Gas,Multi-purpose vehicles,5629,2024,4
2024-04-01,NB,Gas,Vans,158,2024,4
2024-04-01,NB,Diesel,"Total, vehicle type",429,2024,4
2024-04-01,NB,Diesel,Passenger cars,0,2024,4
2024-04-01,NB,Diesel,Pickup trucks,403,2024,4
2024-04-01,NB,Diesel,Multi-purpose vehicles,15,2024,4
2024-04-01,NB,Diesel,Vans,11,2024,4
2024-04-01,NB,All zero-emission vehicles,"Total, vehicle type",799,2024,4
2024-04-01,NB,All zero-emission vehicles,Passenger cars,79,2024,4
2024-04-01,NB,All zero-emission vehicles,Pickup trucks,33,2024,4
2024-04-01,NB,All zero-emission vehicles,Multi-purpose vehicles,681,2024,4
2024-04-01,NB,All zero-emission vehicles,Vans,6,2024,4
2024-04-01,NB,Electric,"Total, vehicle type",376,2024,4
2024-04-01,NB,Electric,Passenger cars,57,2024,4
2024-04-01,NB,Electric,Pickup trucks,33,2024,4
2024-04-01,NB,Electric,Multi-purpose vehicles,284,2024,4
2024-04-01,NB,Electric,Vans,2,2024,4
2024-04-01,NB,Hybrid Electric,"Total, vehicle type",423,2024,4
2024-04-01,NB,Hybrid Electric,Passenger cars,22,2024,4
2024-04-01,NB,Hybrid Electric,Pickup trucks,0,2024,4
2024-04-01,NB,Hybrid Electric,Multi-purpose vehicles,397,2024,4
2024-04-01,NB,Hybrid Electric,Vans,4,2024,4
2024-04-01,NB,Hybrid Electric,"Total, vehicle type",926,2024,4
2024-04-01,NB,Hybrid Electric,Passenger cars,121,2024,4
2024-04-01,NB,Hybrid Electric,Pickup trucks,100,2024,4
2024-04-01,NB,Hybrid Electric,Multi-purpose vehicles,658,2024,4
2024-04-01,NB,Hybrid Electric,Vans,47,2024,4
2024-04-01,NB,Other,"Total, vehicle type",0,2024,4
2024-04-01,NB,Other,Passenger cars,0,2024,4
2024-04-01,NB,Other,Pickup trucks,0,2024,4
2024-04-01,NB,Other,Multi-purpose vehicles,0,2024,4
2024-04-01,NB,Other,Vans,0,2024,4
2024-04-01,QUE,All fuel types,"Total, vehicle type",129429,2024,4
2024-04-01,QUE,All fuel types,Passenger cars,19879,2024,4
2024-04-01,QUE,All fuel types,Pickup trucks,18608,2024,4
2024-04-01,QUE,All fuel types,Multi-purpose vehicles,86881,2024,4
2024-04-01,QUE,All fuel types,Vans,4061,2024,4
2024-04-01,QUE,Gas,"Total, vehicle type",84415,2024,4
2024-04-01,QUE,Gas,Passenger cars,14290,2024,4
2024-04-01,QUE,Gas,Pickup trucks,13180,2024,4
2024-04-01,QUE,Gas,Multi-purpose vehicles,53957,2024,4
2024-04-01,QUE,Gas,Vans,2988,2024,4
2024-04-01,QUE,Diesel,"Total, vehicle type",4037,2024,4
2024-04-01,QUE,Diesel,Passenger cars,0,2024,4
2024-04-01,QUE,Diesel,Pickup trucks,3610,2024,4
2024-04-01,QUE,Diesel,Multi-purpose vehicles,171,2024,4
2024-04-01,QUE,Diesel,Vans,256,2024,4
2024-04-01,QUE,All zero-emission vehicles,"Total, vehicle type",33911,2024,4
2024-04-01,QUE,All zero-emission vehicles,Passenger cars,4464,2024,4
2024-04-01,QUE,All zero-emission vehicles,Pickup trucks,1003,2024,4
2024-04-01,QUE,All zero-emission vehicles,Multi-purpose vehicles,28158,2024,4
2024-04-01,QUE,All zero-emission vehicles,Vans,286,2024,4
2024-04-01,QUE,Electric,"Total, vehicle type",25693,2024,4
2024-04-01,QUE,Electric,Passenger cars,4052,2024,4
2024-04-01,QUE,Electric,Pickup trucks,1003,2024,4
2024-04-01,QUE,Electric,Multi-purpose vehicles,20500,2024,4
2024-04-01,QUE,Electric,Vans,138,2024,4
2024-04-01,QUE,Hybrid Electric,"Total, vehicle type",8218,2024,4
2024-04-01,QUE,Hybrid Electric,Passenger cars,412,2024,4
2024-04-01,QUE,Hybrid Electric,Pickup trucks,0,2024,4
2024-04-01,QUE,Hybrid Electric,Multi-purpose vehicles,7658,2024,4
2024-04-01,QUE,Hybrid Electric,Vans,148,2024,4
2024-04-01,QUE,Hybrid Electric,"Total, vehicle type",7066,2024,4
2024-04-01,QUE,Hybrid Electric,Passenger cars,1125,2024,4
2024-04-01,QUE,Hybrid Electric,Pickup trucks,815,2024,4
2024-04-01,QUE,Hybrid Electric,Multi-purpose vehicles,4595,2024,4
2024-04-01,QUE,Hybrid Electric,Vans,531,2024,4
2024-04-01,QUE,Other,"Total, vehicle type",0,2024,4
2024-04-01,QUE,Other,Passenger cars,0,2024,4
2024-04-01,QUE,Other,Pickup trucks,0,2024,4
2024-04-01,QUE,Other,Multi-purpose vehicles,0,2024,4
2024-04-01,QUE,Other,Vans,0,2024,4
2024-04-01,ON,All fuel types,"Total, vehicle type",190548,2024,4
2024-04-01,ON,All fuel types,Passenger cars,31074,2024,4
2024-04-01,ON,All fuel types,Pickup trucks,34599,2024,4
2024-04-01,ON,All fuel types,Multi-purpose vehicles,117240,2024,4
2024-04-01,ON,All fuel types,Vans,7635,2024,4
2024-04-01,ON,Gas,"Total, vehicle type",151783,2024,4
2024-04-01,ON,Gas,Passenger cars,26071,2024,4
2024-04-01,ON,Gas,Pickup trucks,26647,2024,4
2024-04-01,ON,Gas,Multi-purpose vehicles,93456,2024,4
2024-04-01,ON,Gas,Vans,5609,2024,4
2024-04-01,ON,Diesel,"Total, vehicle type",5647,2024,4
2024-04-01,ON,Diesel,Passenger cars,0,2024,4
2024-04-01,ON,Diesel,Pickup trucks,4649,2024,4
2024-04-01,ON,Diesel,Multi-purpose vehicles,463,2024,4
2024-04-01,ON,Diesel,Vans,535,2024,4
2024-04-01,ON,All zero-emission vehicles,"Total, vehicle type",14377,2024,4
2024-04-01,ON,All zero-emission vehicles,Passenger cars,2676,2024,4
2024-04-01,ON,All zero-emission vehicles,Pickup trucks,730,2024,4
2024-04-01,ON,All zero-emission vehicles,Multi-purpose vehicles,10788,2024,4
2024-04-01,ON,All zero-emission vehicles,Vans,183,2024,4
2024-04-01,ON,Electric,"Total, vehicle type",10469,2024,4
2024-04-01,ON,Electric,Passenger cars,2480,2024,4
2024-04-01,ON,Electric,Pickup trucks,730,2024,4
2024-04-01,ON,Electric,Multi-purpose vehicles,7210,2024,4
2024-04-01,ON,Electric,Vans,49,2024,4
2024-04-01,ON,Hybrid Electric,"Total, vehicle type",3908,2024,4
2024-04-01,ON,Hybrid Electric,Passenger cars,196,2024,4
2024-04-01,ON,Hybrid Electric,Pickup trucks,0,2024,4
2024-04-01,ON,Hybrid Electric,Multi-purpose vehicles,3578,2024,4
2024-04-01,ON,Hybrid Electric,Vans,134,2024,4
2024-04-01,ON,Hybrid Electric,"Total, vehicle type",18741,2024,4
2024-04-01,ON,Hybrid Electric,Passenger cars,2327,2024,4
2024-04-01,ON,Hybrid Electric,Pickup trucks,2573,2024,4
2024-04-01,ON,Hybrid Electric,Multi-purpose vehicles,12533,2024,4
2024-04-01,ON,Hybrid Electric,Vans,1308,2024,4
2024-04-01,ON,Other,"Total, vehicle type",0,2024,4
2024-04-01,ON,Other,Passenger cars,0,2024,4
2024-04-01,ON,Other,Pickup trucks,0,2024,4
2024-04-01,ON,Other,Multi-purpose vehicles,0,2024,4
2024-04-01,ON,Other,Vans,0,2024,4
2024-04-01,MB,All fuel types,"Total, vehicle type",14779,2024,4
2024-04-01,MB,All fuel types,Passenger cars,1484,2024,4
2024-04-01,MB,All fuel types,Pickup trucks,3717,2024,4
2024-04-01,MB,All fuel types,Multi-purpose vehicles,9122,2024,4
2024-04-01,MB,All fuel types,Vans,456,2024,4
2024-04-01,MB,Gas,"Total, vehicle type",12353,2024,4
2024-04-01,MB,Gas,Passenger cars,1330,2024,4
2024-04-01,MB,Gas,Pickup trucks,3049,2024,4
2024-04-01,MB,Gas,Multi-purpose vehicles,7626,2024,4
2024-04-01,MB,Gas,Vans,348,2024,4
2024-04-01,MB,Diesel,"Total, vehicle type",573,2024,4
2024-04-01,MB,Diesel,Passenger cars,0,2024,4
2024-04-01,MB,Diesel,Pickup trucks,526,2024,4
2024-04-01,MB,Diesel,Multi-purpose vehicles,37,2024,4
2024-04-01,MB,Diesel,Vans,10,2024,4
2024-04-01,MB,All zero-emission vehicles,"Total, vehicle type",736,2024,4
2024-04-01,MB,All zero-emission vehicles,Passenger cars,62,2024,4
2024-04-01,MB,All zero-emission vehicles,Pickup trucks,34,2024,4
2024-04-01,MB,All zero-emission vehicles,Multi-purpose vehicles,636,2024,4
2024-04-01,MB,All zero-emission vehicles,Vans,4,2024,4
2024-04-01,MB,Electric,"Total, vehicle type",440,2024,4
2024-04-01,MB,Electric,Passenger cars,53,2024,4
2024-04-01,MB,Electric,Pickup trucks,34,2024,4
2024-04-01,MB,Electric,Multi-purpose vehicles,352,2024,4
2024-04-01,MB,Electric,Vans,1,2024,4
2024-04-01,MB,Hybrid Electric,"Total, vehicle type",296,2024,4
2024-04-01,MB,Hybrid Electric,Passenger cars,9,2024,4
2024-04-01,MB,Hybrid Electric,Pickup trucks,0,2024,4
2024-04-01,MB,Hybrid Electric,Multi-purpose vehicles,284,2024,4
2024-04-01,MB,Hybrid Electric,Vans,3,2024,4
2024-04-01,MB,Hybrid Electric,"Total, vehicle type",1117,2024,4
2024-04-01,MB,Hybrid Electric,Passenger cars,92,2024,4
2024-04-01,MB,Hybrid Electric,Pickup trucks,108,2024,4
2024-04-01,MB,Hybrid Electric,Multi-purpose vehicles,823,2024,4
2024-04-01,MB,Hybrid Electric,Vans,94,2024,4
2024-04-01,MB,Other,"Total, vehicle type",0,2024,4
2024-04-01,MB,Other,Passenger cars,0,2024,4
2024-04-01,MB,Other,Pickup trucks,0,2024,4
2024-04-01,MB,Other,Multi-purpose vehicles,0,2024,4
2024-04-01,MB,Other,Vans,0,2024,4
2024-04-01,SAS,All fuel types,"Total, vehicle type",13780,2024,4
2024-04-01,SAS,All fuel types,Passenger cars,990,2024,4
2024-04-01,SAS,All fuel types,Pickup trucks,4952,2024,4
2024-04-01,SAS,All fuel types,Multi-purpose vehicles,7459,2024,4
2024-04-01,SAS,All fuel types,Vans,379,2024,4
2024-04-01,SAS,Gas,"Total, vehicle type",11323,2024,4
2024-04-01,SAS,Gas,Passenger cars,913,2024,4
2024-04-01,SAS,Gas,Pickup trucks,3612,2024,4
2024-04-01,SAS,Gas,Multi-purpose vehicles,6506,2024,4
2024-04-01,SAS,Gas,Vans,292,2024,4
2024-04-01,SAS,Diesel,"Total, vehicle type",1310,2024,4
2024-04-01,SAS,Diesel,Passenger cars,0,2024,4
2024-04-01,SAS,Diesel,Pickup trucks,1182,2024,4
2024-04-01,SAS,Diesel,Multi-purpose vehicles,116,2024,4
2024-04-01,SAS,Diesel,Vans,12,2024,4
2024-04-01,SAS,All zero-emission vehicles,"Total, vehicle type",336,2024,4
2024-04-01,SAS,All zero-emission vehicles,Passenger cars,31,2024,4
2024-04-01,SAS,All zero-emission vehicles,Pickup trucks,33,2024,4
2024-04-01,SAS,All zero-emission vehicles,Multi-purpose vehicles,265,2024,4
2024-04-01,SAS,All zero-emission vehicles,Vans,7,2024,4
2024-04-01,SAS,Electric,"Total, vehicle type",200,2024,4
2024-04-01,SAS,Electric,Passenger cars,28,2024,4
2024-04-01,SAS,Electric,Pickup trucks,33,2024,4
2024-04-01,SAS,Electric,Multi-purpose vehicles,135,2024,4
2024-04-01,SAS,Electric,Vans,4,2024,4
2024-04-01,SAS,Hybrid Electric,"Total, vehicle type",136,2024,4
2024-04-01,SAS,Hybrid Electric,Passenger cars,3,2024,4
2024-04-01,SAS,Hybrid Electric,Pickup trucks,0,2024,4
2024-04-01,SAS,Hybrid Electric,Multi-purpose vehicles,130,2024,4
2024-04-01,SAS,Hybrid Electric,Vans,3,2024,4
2024-04-01,SAS,Hybrid Electric,"Total, vehicle type",811,2024,4
2024-04-01,SAS,Hybrid Electric,Passenger cars,46,2024,4
2024-04-01,SAS,Hybrid Electric,Pickup trucks,125,2024,4
2024-04-01,SAS,Hybrid Electric,Multi-purpose vehicles,572,2024,4
2024-04-01,SAS,Hybrid Electric,Vans,68,2024,4
2024-04-01,SAS,Other,"Total, vehicle type",0,2024,4
2024-04-01,SAS,Other,Passenger cars,0,2024,4
2024-04-01,SAS,Other,Pickup trucks,0,2024,4
2024-04-01,SAS,Other,Multi-purpose vehicles,0,2024,4
2024-04-01,SAS,Other,Vans,0,2024,4
2024-04-01,BC,All fuel types,"Total, vehicle type",61529,2024,4
2024-04-01,BC,All fuel types,Passenger cars,9350,2024,4
2024-04-01,BC,All fuel types,Pickup trucks,12675,2024,4
2024-04-01,BC,All fuel types,Multi-purpose vehicles,36822,2024,4
2024-04-01,BC,All fuel types,Vans,2682,2024,4
2024-04-01,BC,Gas,"Total, vehicle type",40077,2024,4
2024-04-01,BC,Gas,Passenger cars,6491,2024,4
2024-04-01,BC,Gas,Pickup trucks,8390,2024,4
2024-04-01,BC,Gas,Multi-purpose vehicles,23316,2024,4
2024-04-01,BC,Gas,Vans,1880,2024,4
2024-04-01,BC,Diesel,"Total, vehicle type",3369,2024,4
2024-04-01,BC,Diesel,Passenger cars,0,2024,4
2024-04-01,BC,Diesel,Pickup trucks,2979,2024,4
2024-04-01,BC,Diesel,Multi-purpose vehicles,172,2024,4
2024-04-01,BC,Diesel,Vans,218,2024,4
2024-04-01,BC,All zero-emission vehicles,"Total, vehicle type",12171,2024,4
2024-04-01,BC,All zero-emission vehicles,Passenger cars,1975,2024,4
2024-04-01,BC,All zero-emission vehicles,Pickup trucks,652,2024,4
2024-04-01,BC,All zero-emission vehicles,Multi-purpose vehicles,9419,2024,4
2024-04-01,BC,All zero-emission vehicles,Vans,125,2024,4
2024-04-01,BC,Electric,"Total, vehicle type",9370,2024,4
2024-04-01,BC,Electric,Passenger cars,1820,2024,4
2024-04-01,BC,Electric,Pickup trucks,652,2024,4
2024-04-01,BC,Electric,Multi-purpose vehicles,6808,2024,4
2024-04-01,BC,Electric,Vans,90,2024,4
2024-04-01,BC,Hybrid Electric,"Total, vehicle type",2801,2024,4
2024-04-01,BC,Hybrid Electric,Passenger cars,155,2024,4
2024-04-01,BC,Hybrid Electric,Pickup trucks,0,2024,4
2024-04-01,BC,Hybrid Electric,Multi-purpose vehicles,2611,2024,4
2024-04-01,BC,Hybrid Electric,Vans,35,2024,4
2024-04-01,BC,Hybrid Electric,"Total, vehicle type",5901,2024,4
2024-04-01,BC,Hybrid Electric,Passenger cars,873,2024,4
2024-04-01,BC,Hybrid Electric,Pickup trucks,654,2024,4
2024-04-01,BC,Hybrid Electric,Multi-purpose vehicles,3915,2024,4
2024-04-01,BC,Hybrid Electric,Vans,459,2024,4
2024-04-01,BC,Other,"Total, vehicle type",11,2024,4
2024-04-01,BC,Other,Passenger cars,11,2024,4
2024-04-01,BC,Other,Pickup trucks,0,2024,4
2024-04-01,BC,Other,Multi-purpose vehicles,0,2024,4
2024-04-01,BC,Other,Vans,0,2024,4
2024-07-01,CAN,All fuel types,"Total, vehicle type",483287,2024,7
2024-07-01,CAN,All fuel types,Passenger cars,65422,2024,7
2024-07-01,CAN,All fuel types,Pickup trucks,97494,2024,7
2024-07-01,CAN,All fuel types,Multi-purpose vehicles,301689,2024,7
2024-07-01,CAN,All fuel types,Vans,18682,2024,7
2024-07-01,CAN,Gas,"Total, vehicle type",339446,2024,7
2024-07-01,CAN,Gas,Passenger cars,45543,2024,7
2024-07-01,CAN,Gas,Pickup trucks,68367,2024,7
2024-07-01,CAN,Gas,Multi-purpose vehicles,212206,2024,7
2024-07-01,CAN,Gas,Vans,13330,2024,7
2024-07-01,CAN,Diesel,"Total, vehicle type",21860,2024,7
2024-07-01,CAN,Diesel,Passenger cars,0,2024,7
2024-07-01,CAN,Diesel,Pickup trucks,19060,2024,7
2024-07-01,CAN,Diesel,Multi-purpose vehicles,1507,2024,7
2024-07-01,CAN,Diesel,Vans,1293,2024,7
2024-07-01,CAN,All zero-emission vehicles,"Total, vehicle type",75636,2024,7
2024-07-01,CAN,All zero-emission vehicles,Passenger cars,11130,2024,7
2024-07-01,CAN,All zero-emission vehicles,Pickup trucks,4326,2024,7
2024-07-01,CAN,All zero-emission vehicles,Multi-purpose vehicles,59515,2024,7
2024-07-01,CAN,All zero-emission vehicles,Vans,665,2024,7
2024-07-01,CAN,Electric,"Total, vehicle type",56048,2024,7
2024-07-01,CAN,Electric,Passenger cars,9263,2024,7
2024-07-01,CAN,Electric,Pickup trucks,4326,2024,7
2024-07-01,CAN,Electric,Multi-purpose vehicles,42146,2024,7
2024-07-01,CAN,Electric,Vans,313,2024,7
2024-07-01,CAN,Hybrid Electric,"Total, vehicle type",19588,2024,7
2024-07-01,CAN,Hybrid Electric,Passenger cars,1867,2024,7
2024-07-01,CAN,Hybrid Electric,Pickup trucks,0,2024,7
2024-07-01,CAN,Hybrid Electric,Multi-purpose vehicles,17369,2024,7
2024-07-01,CAN,Hybrid Electric,Vans,352,2024,7
2024-07-01,CAN,Hybrid Electric,"Total, vehicle type",46342,2024,7
2024-07-01,CAN,Hybrid Electric,Passenger cars,8746,2024,7
2024-07-01,CAN,Hybrid Electric,Pickup trucks,5741,2024,7
2024-07-01,CAN,Hybrid Electric,Multi-purpose vehicles,28461,2024,7
2024-07-01,CAN,Hybrid Electric,Vans,3394,2024,7
2024-07-01,CAN,Other,"Total, vehicle type",3,2024,7
2024-07-01,CAN,Other,Passenger cars,3,2024,7
2024-07-01,CAN,Other,Pickup trucks,0,2024,7
2024-07-01,CAN,Other,Multi-purpose vehicles,0,2024,7
2024-07-01,CAN,Other,Vans,0,2024,7
2024-07-01,PEI,All fuel types,"Total, vehicle type",1900,2024,7
2024-07-01,PEI,All fuel types,Passenger cars,215,2024,7
2024-07-01,PEI,All fuel types,Pickup trucks,414,2024,7
2024-07-01,PEI,All fuel types,Multi-purpose vehicles,1220,2024,7
2024-07-01,PEI,All fuel types,Vans,51,2024,7
2024-07-01,PEI,Gas,"Total, vehicle type",1448,2024,7
2024-07-01,PEI,Gas,Passenger cars,167,2024,7
2024-07-01,PEI,Gas,Pickup trucks,277,2024,7
2024-07-01,PEI,Gas,Multi-purpose vehicles,966,2024,7
2024-07-01,PEI,Gas,Vans,38,2024,7
2024-07-01,PEI,Diesel,"Total, vehicle type",99,2024,7
2024-07-01,PEI,Diesel,Passenger cars,0,2024,7
2024-07-01,PEI,Diesel,Pickup trucks,94,2024,7
2024-07-01,PEI,Diesel,Multi-purpose vehicles,5,2024,7
2024-07-01,PEI,Diesel,Vans,0,2024,7
2024-07-01,PEI,All zero-emission vehicles,"Total, vehicle type",168,2024,7
2024-07-01,PEI,All zero-emission vehicles,Passenger cars,12,2024,7
2024-07-01,PEI,All zero-emission vehicles,Pickup trucks,16,2024,7
2024-07-01,PEI,All zero-emission vehicles,Multi-purpose vehicles,135,2024,7
2024-07-01,PEI,All zero-emission vehicles,Vans,5,2024,7
2024-07-01,PEI,Electric,"Total, vehicle type",91,2024,7
2024-07-01,PEI,Electric,Passenger cars,11,2024,7
2024-07-01,PEI,Electric,Pickup trucks,16,2024,7
2024-07-01,PEI,Electric,Multi-purpose vehicles,63,2024,7
2024-07-01,PEI,Electric,Vans,1,2024,7
2024-07-01,PEI,Hybrid Electric,"Total, vehicle type",77,2024,7
2024-07-01,PEI,Hybrid Electric,Passenger cars,1,2024,7
2024-07-01,PEI,Hybrid Electric,Pickup trucks,0,2024,7
2024-07-01,PEI,Hybrid Electric,Multi-purpose vehicles,72,2024,7
2024-07-01,PEI,Hybrid Electric,Vans,4,2024,7
2024-07-01,PEI,Hybrid Electric,"Total, vehicle type",185,2024,7
2024-07-01,PEI,Hybrid Electric,Passenger cars,36,2024,7
2024-07-01,PEI,Hybrid Electric,Pickup trucks,27,2024,7
2024-07-01,PEI,Hybrid Electric,Multi-purpose vehicles,114,2024,7
2024-07-01,PEI,Hybrid Electric,Vans,8,2024,7
2024-07-01,PEI,Other,"Total, vehicle type",0,2024,7
2024-07-01,PEI,Other,Passenger cars,0,2024,7
2024-07-01,PEI,Other,Pickup trucks,0,2024,7
2024-07-01,PEI,Other,Multi-purpose vehicles,0,2024,7
2024-07-01,PEI,Other,Vans,0,2024,7
2024-07-01,Nova Scotia,All fuel types,"Total, vehicle type",12925,2024,7
2024-07-01,Nova Scotia,All fuel types,Passenger cars,1824,2024,7
2024-07-01,Nova Scotia,All fuel types,Pickup trucks,2497,2024,7
2024-07-01,Nova Scotia,All fuel types,Multi-purpose vehicles,8173,2024,7
2024-07-01,Nova Scotia,All fuel types,Vans,431,2024,7
2024-07-01,Nova Scotia,Gas,"Total, vehicle type",10573,2024,7
2024-07-01,Nova Scotia,Gas,Passenger cars,1544,2024,7
2024-07-01,Nova Scotia,Gas,Pickup trucks,1929,2024,7
2024-07-01,Nova Scotia,Gas,Multi-purpose vehicles,6750,2024,7
2024-07-01,Nova Scotia,Gas,Vans,350,2024,7
2024-07-01,Nova Scotia,Diesel,"Total, vehicle type",420,2024,7
2024-07-01,Nova Scotia,Diesel,Passenger cars,0,2024,7
2024-07-01,Nova Scotia,Diesel,Pickup trucks,391,2024,7
2024-07-01,Nova Scotia,Diesel,Multi-purpose vehicles,15,2024,7
2024-07-01,Nova Scotia,Diesel,Vans,14,2024,7
2024-07-01,Nova Scotia,All zero-emission vehicles,"Total, vehicle type",751,2024,7
2024-07-01,Nova Scotia,All zero-emission vehicles,Passenger cars,84,2024,7
2024-07-01,Nova Scotia,All zero-emission vehicles,Pickup trucks,41,2024,7
2024-07-01,Nova Scotia,All zero-emission vehicles,Multi-purpose vehicles,609,2024,7
2024-07-01,Nova Scotia,All zero-emission vehicles,Vans,17,2024,7
2024-07-01,Nova Scotia,Electric,"Total, vehicle type",398,2024,7
2024-07-01,Nova Scotia,Electric,Passenger cars,63,2024,7
2024-07-01,Nova Scotia,Electric,Pickup trucks,41,2024,7
2024-07-01,Nova Scotia,Electric,Multi-purpose vehicles,283,2024,7
2024-07-01,Nova Scotia,Electric,Vans,11,2024,7
2024-07-01,Nova Scotia,Hybrid Electric,"Total, vehicle type",353,2024,7
2024-07-01,Nova Scotia,Hybrid Electric,Passenger cars,21,2024,7
2024-07-01,Nova Scotia,Hybrid Electric,Pickup trucks,0,2024,7
2024-07-01,Nova Scotia,Hybrid Electric,Multi-purpose vehicles,326,2024,7
2024-07-01,Nova Scotia,Hybrid Electric,Vans,6,2024,7
2024-07-01,Nova Scotia,Hybrid Electric,"Total, vehicle type",1181,2024,7
2024-07-01,Nova Scotia,Hybrid Electric,Passenger cars,196,2024,7
2024-07-01,Nova Scotia,Hybrid Electric,Pickup trucks,136,2024,7
2024-07-01,Nova Scotia,Hybrid Electric,Multi-purpose vehicles,799,2024,7
2024-07-01,Nova Scotia,Hybrid Electric,Vans,50,2024,7
2024-07-01,Nova Scotia,Other,"Total, vehicle type",0,2024,7
2024-07-01,Nova Scotia,Other,Passenger cars,0,2024,7
2024-07-01,Nova Scotia,Other,Pickup trucks,0,2024,7
2024-07-01,Nova Scotia,Other,Multi-purpose vehicles,0,2024,7
2024-07-01,Nova Scotia,Other,Vans,0,2024,7
2024-07-01,NB,All fuel types,"Total, vehicle type",10914,2024,7
2024-07-01,NB,All fuel types,Passenger cars,1233,2024,7
2024-07-01,NB,All fuel types,Pickup trucks,2458,2024,7
2024-07-01,NB,All fuel types,Multi-purpose vehicles,6927,2024,7
2024-07-01,NB,All fuel types,Vans,296,2024,7
2024-07-01,NB,Gas,"Total, vehicle type",8642,2024,7
2024-07-01,NB,Gas,Passenger cars,989,2024,7
2024-07-01,NB,Gas,Pickup trucks,1863,2024,7
2024-07-01,NB,Gas,Multi-purpose vehicles,5558,2024,7
2024-07-01,NB,Gas,Vans,232,2024,7
2024-07-01,NB,Diesel,"Total, vehicle type",450,2024,7
2024-07-01,NB,Diesel,Passenger cars,0,2024,7
2024-07-01,NB,Diesel,Pickup trucks,429,2024,7
2024-07-01,NB,Diesel,Multi-purpose vehicles,20,2024,7
2024-07-01,NB,Diesel,Vans,1,2024,7
2024-07-01,NB,All zero-emission vehicles,"Total, vehicle type",769,2024,7
2024-07-01,NB,All zero-emission vehicles,Passenger cars,71,2024,7
2024-07-01,NB,All zero-emission vehicles,Pickup trucks,54,2024,7
2024-07-01,NB,All zero-emission vehicles,Multi-purpose vehicles,635,2024,7
2024-07-01,NB,All zero-emission vehicles,Vans,9,2024,7
2024-07-01,NB,Electric,"Total, vehicle type",356,2024,7
2024-07-01,NB,Electric,Passenger cars,51,2024,7
2024-07-01,NB,Electric,Pickup trucks,54,2024,7
2024-07-01,NB,Electric,Multi-purpose vehicles,250,2024,7
2024-07-01,NB,Electric,Vans,1,2024,7
2024-07-01,NB,Hybrid Electric,"Total, vehicle type",413,2024,7
2024-07-01,NB,Hybrid Electric,Passenger cars,20,2024,7
2024-07-01,NB,Hybrid Electric,Pickup trucks,0,2024,7
2024-07-01,NB,Hybrid Electric,Multi-purpose vehicles,385,2024,7
2024-07-01,NB,Hybrid Electric,Vans,8,2024,7
2024-07-01,NB,Hybrid Electric,"Total, vehicle type",1053,2024,7
2024-07-01,NB,Hybrid Electric,Passenger cars,173,2024,7
2024-07-01,NB,Hybrid Electric,Pickup trucks,112,2024,7
2024-07-01,NB,Hybrid Electric,Multi-purpose vehicles,714,2024,7
2024-07-01,NB,Hybrid Electric,Vans,54,2024,7
2024-07-01,NB,Other,"Total, vehicle type",0,2024,7
2024-07-01,NB,Other,Passenger cars,0,2024,7
2024-07-01,NB,Other,Pickup trucks,0,2024,7
2024-07-01,NB,Other,Multi-purpose vehicles,0,2024,7
2024-07-01,NB,Other,Vans,0,2024,7
2024-07-01,QUE,All fuel types,"Total, vehicle type",124435,2024,7
2024-07-01,QUE,All fuel types,Passenger cars,18319,2024,7
2024-07-01,QUE,All fuel types,Pickup trucks,18317,2024,7
2024-07-01,QUE,All fuel types,Multi-purpose vehicles,83933,2024,7
2024-07-01,QUE,All fuel types,Vans,3866,2024,7
2024-07-01,QUE,Gas,"Total, vehicle type",72519,2024,7
2024-07-01,QUE,Gas,Passenger cars,12037,2024,7
2024-07-01,QUE,Gas,Pickup trucks,11646,2024,7
2024-07-01,QUE,Gas,Multi-purpose vehicles,46246,2024,7
2024-07-01,QUE,Gas,Vans,2590,2024,7
2024-07-01,QUE,Diesel,"Total, vehicle type",4382,2024,7
2024-07-01,QUE,Diesel,Passenger cars,0,2024,7
2024-07-01,QUE,Diesel,Pickup trucks,3839,2024,7
2024-07-01,QUE,Diesel,Multi-purpose vehicles,153,2024,7
2024-07-01,QUE,Diesel,Vans,390,2024,7
2024-07-01,QUE,All zero-emission vehicles,"Total, vehicle type",40763,2024,7
2024-07-01,QUE,All zero-emission vehicles,Passenger cars,4851,2024,7
2024-07-01,QUE,All zero-emission vehicles,Pickup trucks,2049,2024,7
2024-07-01,QUE,All zero-emission vehicles,Multi-purpose vehicles,33550,2024,7
2024-07-01,QUE,All zero-emission vehicles,Vans,313,2024,7
2024-07-01,QUE,Electric,"Total, vehicle type",31387,2024,7
2024-07-01,QUE,Electric,Passenger cars,3950,2024,7
2024-07-01,QUE,Electric,Pickup trucks,2049,2024,7
2024-07-01,QUE,Electric,Multi-purpose vehicles,25254,2024,7
2024-07-01,QUE,Electric,Vans,134,2024,7
2024-07-01,QUE,Hybrid Electric,"Total, vehicle type",9376,2024,7
2024-07-01,QUE,Hybrid Electric,Passenger cars,901,2024,7
2024-07-01,QUE,Hybrid Electric,Pickup trucks,0,2024,7
2024-07-01,QUE,Hybrid Electric,Multi-purpose vehicles,8296,2024,7
2024-07-01,QUE,Hybrid Electric,Vans,179,2024,7
2024-07-01,QUE,Hybrid Electric,"Total, vehicle type",6771,2024,7
2024-07-01,QUE,Hybrid Electric,Passenger cars,1431,2024,7
2024-07-01,QUE,Hybrid Electric,Pickup trucks,783,2024,7
2024-07-01,QUE,Hybrid Electric,Multi-purpose vehicles,3984,2024,7
2024-07-01,QUE,Hybrid Electric,Vans,573,2024,7
2024-07-01,QUE,Other,"Total, vehicle type",0,2024,7
2024-07-01,QUE,Other,Passenger cars,0,2024,7
2024-07-01,QUE,Other,Pickup trucks,0,2024,7
2024-07-01,QUE,Other,Multi-purpose vehicles,0,2024,7
2024-07-01,QUE,Other,Vans,0,2024,7
2024-07-01,ON,All fuel types,"Total, vehicle type",182365,2024,7
2024-07-01,ON,All fuel types,Passenger cars,27486,2024,7
2024-07-01,ON,All fuel types,Pickup trucks,33446,2024,7
2024-07-01,ON,All fuel types,Multi-purpose vehicles,112781,2024,7
2024-07-01,ON,All fuel types,Vans,8652,2024,7
2024-07-01,ON,Gas,"Total, vehicle type",137978,2024,7
2024-07-01,ON,Gas,Passenger cars,19884,2024,7
2024-07-01,ON,Gas,Pickup trucks,24550,2024,7
2024-07-01,ON,Gas,Multi-purpose vehicles,87169,2024,7
2024-07-01,ON,Gas,Vans,6375,2024,7
2024-07-01,ON,Diesel,"Total, vehicle type",6321,2024,7
2024-07-01,ON,Diesel,Passenger cars,0,2024,7
2024-07-01,ON,Diesel,Pickup trucks,5234,2024,7
2024-07-01,ON,Diesel,Multi-purpose vehicles,533,2024,7
2024-07-01,ON,Diesel,Vans,554,2024,7
2024-07-01,ON,All zero-emission vehicles,"Total, vehicle type",15946,2024,7
2024-07-01,ON,All zero-emission vehicles,Passenger cars,2977,2024,7
2024-07-01,ON,All zero-emission vehicles,Pickup trucks,967,2024,7
2024-07-01,ON,All zero-emission vehicles,Multi-purpose vehicles,11837,2024,7
2024-07-01,ON,All zero-emission vehicles,Vans,165,2024,7
2024-07-01,ON,Electric,"Total, vehicle type",11771,2024,7
2024-07-01,ON,Electric,Passenger cars,2542,2024,7
2024-07-01,ON,Electric,Pickup trucks,967,2024,7
2024-07-01,ON,Electric,Multi-purpose vehicles,8192,2024,7
2024-07-01,ON,Electric,Vans,70,2024,7
2024-07-01,ON,Hybrid Electric,"Total, vehicle type",4175,2024,7
2024-07-01,ON,Hybrid Electric,Passenger cars,435,2024,7
2024-07-01,ON,Hybrid Electric,Pickup trucks,0,2024,7
2024-07-01,ON,Hybrid Electric,Multi-purpose vehicles,3645,2024,7
2024-07-01,ON,Hybrid Electric,Vans,95,2024,7
2024-07-01,ON,Hybrid Electric,"Total, vehicle type",22120,2024,7
2024-07-01,ON,Hybrid Electric,Passenger cars,4625,2024,7
2024-07-01,ON,Hybrid Electric,Pickup trucks,2695,2024,7
2024-07-01,ON,Hybrid Electric,Multi-purpose vehicles,13242,2024,7
2024-07-01,ON,Hybrid Electric,Vans,1558,2024,7
2024-07-01,ON,Other,"Total, vehicle type",0,2024,7
2024-07-01,ON,Other,Passenger cars,0,2024,7
2024-07-01,ON,Other,Pickup trucks,0,2024,7
2024-07-01,ON,Other,Multi-purpose vehicles,0,2024,7
2024-07-01,ON,Other,Vans,0,2024,7
2024-07-01,MB,All fuel types,"Total, vehicle type",14009,2024,7
2024-07-01,MB,All fuel types,Passenger cars,1353,2024,7
2024-07-01,MB,All fuel types,Pickup trucks,3414,2024,7
2024-07-01,MB,All fuel types,Multi-purpose vehicles,8788,2024,7
2024-07-01,MB,All fuel types,Vans,454,2024,7
2024-07-01,MB,Gas,"Total, vehicle type",11141,2024,7
2024-07-01,MB,Gas,Passenger cars,1010,2024,7
2024-07-01,MB,Gas,Pickup trucks,2698,2024,7
2024-07-01,MB,Gas,Multi-purpose vehicles,7090,2024,7
2024-07-01,MB,Gas,Vans,343,2024,7
2024-07-01,MB,Diesel,"Total, vehicle type",581,2024,7
2024-07-01,MB,Diesel,Passenger cars,0,2024,7
2024-07-01,MB,Diesel,Pickup trucks,529,2024,7
2024-07-01,MB,Diesel,Multi-purpose vehicles,44,2024,7
2024-07-01,MB,Diesel,Vans,8,2024,7
2024-07-01,MB,All zero-emission vehicles,"Total, vehicle type",866,2024,7
2024-07-01,MB,All zero-emission vehicles,Passenger cars,107,2024,7
2024-07-01,MB,All zero-emission vehicles,Pickup trucks,56,2024,7
2024-07-01,MB,All zero-emission vehicles,Multi-purpose vehicles,691,2024,7
2024-07-01,MB,All zero-emission vehicles,Vans,12,2024,7
2024-07-01,MB,Electric,"Total, vehicle type",577,2024,7
2024-07-01,MB,Electric,Passenger cars,93,2024,7
2024-07-01,MB,Electric,Pickup trucks,56,2024,7
2024-07-01,MB,Electric,Multi-purpose vehicles,421,2024,7
2024-07-01,MB,Electric,Vans,7,2024,7
2024-07-01,MB,Hybrid Electric,"Total, vehicle type",289,2024,7
2024-07-01,MB,Hybrid Electric,Passenger cars,14,2024,7
2024-07-01,MB,Hybrid Electric,Pickup trucks,0,2024,7
2024-07-01,MB,Hybrid Electric,Multi-purpose vehicles,270,2024,7
2024-07-01,MB,Hybrid Electric,Vans,5,2024,7
2024-07-01,MB,Hybrid Electric,"Total, vehicle type",1421,2024,7
2024-07-01,MB,Hybrid Electric,Passenger cars,236,2024,7
2024-07-01,MB,Hybrid Electric,Pickup trucks,131,2024,7
2024-07-01,MB,Hybrid Electric,Multi-purpose vehicles,963,2024,7
2024-07-01,MB,Hybrid Electric,Vans,91,2024,7
2024-07-01,MB,Other,"Total, vehicle type",0,2024,7
2024-07-01,MB,Other,Passenger cars,0,2024,7
2024-07-01,MB,Other,Pickup trucks,0,2024,7
2024-07-01,MB,Other,Multi-purpose vehicles,0,2024,7
2024-07-01,MB,Other,Vans,0,2024,7
2024-07-01,SAS,All fuel types,"Total, vehicle type",13564,2024,7
2024-07-01,SAS,All fuel types,Passenger cars,757,2024,7
2024-07-01,SAS,All fuel types,Pickup trucks,4704,2024,7
2024-07-01,SAS,All fuel types,Multi-purpose vehicles,7708,2024,7
2024-07-01,SAS,All fuel types,Vans,395,2024,7
2024-07-01,SAS,Gas,"Total, vehicle type",10754,2024,7
2024-07-01,SAS,Gas,Passenger cars,600,2024,7
2024-07-01,SAS,Gas,Pickup trucks,3320,2024,7
2024-07-01,SAS,Gas,Multi-purpose vehicles,6540,2024,7
2024-07-01,SAS,Gas,Vans,294,2024,7
2024-07-01,SAS,Diesel,"Total, vehicle type",1381,2024,7
2024-07-01,SAS,Diesel,Passenger cars,0,2024,7
2024-07-01,SAS,Diesel,Pickup trucks,1211,2024,7
2024-07-01,SAS,Diesel,Multi-purpose vehicles,165,2024,7
2024-07-01,SAS,Diesel,Vans,5,2024,7
2024-07-01,SAS,All zero-emission vehicles,"Total, vehicle type",414,2024,7
2024-07-01,SAS,All zero-emission vehicles,Passenger cars,45,2024,7
2024-07-01,SAS,All zero-emission vehicles,Pickup trucks,47,2024,7
2024-07-01,SAS,All zero-emission vehicles,Multi-purpose vehicles,316,2024,7
2024-07-01,SAS,All zero-emission vehicles,Vans,6,2024,7
2024-07-01,SAS,Electric,"Total, vehicle type",239,2024,7
2024-07-01,SAS,Electric,Passenger cars,30,2024,7
2024-07-01,SAS,Electric,Pickup trucks,47,2024,7
2024-07-01,SAS,Electric,Multi-purpose vehicles,159,2024,7
2024-07-01,SAS,Electric,Vans,3,2024,7
2024-07-01,SAS,Hybrid Electric,"Total, vehicle type",175,2024,7
2024-07-01,SAS,Hybrid Electric,Passenger cars,15,2024,7
2024-07-01,SAS,Hybrid Electric,Pickup trucks,0,2024,7
2024-07-01,SAS,Hybrid Electric,Multi-purpose vehicles,157,2024,7
2024-07-01,SAS,Hybrid Electric,Vans,3,2024,7
2024-07-01,SAS,Hybrid Electric,"Total, vehicle type",1015,2024,7
2024-07-01,SAS,Hybrid Electric,Passenger cars,112,2024,7
2024-07-01,SAS,Hybrid Electric,Pickup trucks,126,2024,7
2024-07-01,SAS,Hybrid Electric,Multi-purpose vehicles,687,2024,7
2024-07-01,SAS,Hybrid Electric,Vans,90,2024,7
2024-07-01,SAS,Other,"Total, vehicle type",0,2024,7
2024-07-01,SAS,Other,Passenger cars,0,2024,7
2024-07-01,SAS,Other,Pickup trucks,0,2024,7
2024-07-01,SAS,Other,Multi-purpose vehicles,0,2024,7
2024-07-01,SAS,Other,Vans,0,2024,7
2024-07-01,BC,All fuel types,"Total, vehicle type",56780,2024,7
2024-07-01,BC,All fuel types,Passenger cars,8406,2024,7
2024-07-01,BC,All fuel types,Pickup trucks,11676,2024,7
2024-07-01,BC,All fuel types,Multi-purpose vehicles,34494,2024,7
2024-07-01,BC,All fuel types,Vans,2204,2024,7
2024-07-01,BC,Gas,"Total, vehicle type",34258,2024,7
2024-07-01,BC,Gas,Passenger cars,4632,2024,7
2024-07-01,BC,Gas,Pickup trucks,7327,2024,7
2024-07-01,BC,Gas,Multi-purpose vehicles,21022,2024,7
2024-07-01,BC,Gas,Vans,1277,2024,7
2024-07-01,BC,Diesel,"Total, vehicle type",3000,2024,7
2024-07-01,BC,Diesel,Passenger cars,0,2024,7
2024-07-01,BC,Diesel,Pickup trucks,2552,2024,7
2024-07-01,BC,Diesel,Multi-purpose vehicles,198,2024,7
2024-07-01,BC,Diesel,Vans,250,2024,7
2024-07-01,BC,All zero-emission vehicles,"Total, vehicle type",12875,2024,7
2024-07-01,BC,All zero-emission vehicles,Passenger cars,2553,2024,7
2024-07-01,BC,All zero-emission vehicles,Pickup trucks,885,2024,7
2024-07-01,BC,All zero-emission vehicles,Multi-purpose vehicles,9327,2024,7
2024-07-01,BC,All zero-emission vehicles,Vans,110,2024,7
2024-07-01,BC,Electric,"Total, vehicle type",9369,2024,7
2024-07-01,BC,Electric,Passenger cars,2176,2024,7
2024-07-01,BC,Electric,Pickup trucks,885,2024,7
2024-07-01,BC,Electric,Multi-purpose vehicles,6235,2024,7
2024-07-01,BC,Electric,Vans,73,2024,7
2024-07-01,BC,Hybrid Electric,"Total, vehicle type",3506,2024,7
2024-07-01,BC,Hybrid Electric,Passenger cars,377,2024,7
2024-07-01,BC,Hybrid Electric,Pickup trucks,0,2024,7
2024-07-01,BC,Hybrid Electric,Multi-purpose vehicles,3092,2024,7
2024-07-01,BC,Hybrid Electric,Vans,37,2024,7
2024-07-01,BC,Hybrid Electric,"Total, vehicle type",6644,2024,7
2024-07-01,BC,Hybrid Electric,Passenger cars,1218,2024,7
2024-07-01,BC,Hybrid Electric,Pickup trucks,912,2024,7
2024-07-01,BC,Hybrid Electric,Multi-purpose vehicles,3947,2024,7
2024-07-01,BC,Hybrid Electric,Vans,567,2024,7
2024-07-01,BC,Other,"Total, vehicle type",3,2024,7
2024-07-01,BC,Other,Passenger cars,3,2024,7
2024-07-01,BC,Other,Pickup trucks,0,2024,7
2024-07-01,BC,Other,Multi-purpose vehicles,0,2024,7
2024-07-01,BC,Other,Vans,0,2024,7
2024-10-01,CAN,All fuel types,"Total, vehicle type",443402,2024,10
2024-10-01,CAN,All fuel types,Passenger cars,56363,2024,10
2024-10-01,CAN,All fuel types,Pickup trucks,85422,2024,10
2024-10-01,CAN,All fuel types,Multi-purpose vehicles,284177,2024,10
2024-10-01,CAN,All fuel types,Vans,17440,2024,10
2024-10-01,CAN,Gas,"Total, vehicle type",296408,2024,10
2024-10-01,CAN,Gas,Passenger cars,37268,2024,10
2024-10-01,CAN,Gas,Pickup trucks,58936,2024,10
2024-10-01,CAN,Gas,Multi-purpose vehicles,187614,2024,10
2024-10-01,CAN,Gas,Vans,12590,2024,10
2024-10-01,CAN,Diesel,"Total, vehicle type",18970,2024,10
2024-10-01,CAN,Diesel,Passenger cars,0,2024,10
2024-10-01,CAN,Diesel,Pickup trucks,16844,2024,10
2024-10-01,CAN,Diesel,Multi-purpose vehicles,921,2024,10
2024-10-01,CAN,Diesel,Vans,1205,2024,10
2024-10-01,CAN,All zero-emission vehicles,"Total, vehicle type",81205,2024,10
2024-10-01,CAN,All zero-emission vehicles,Passenger cars,9397,2024,10
2024-10-01,CAN,All zero-emission vehicles,Pickup trucks,5514,2024,10
2024-10-01,CAN,All zero-emission vehicles,Multi-purpose vehicles,65656,2024,10
2024-10-01,CAN,All zero-emission vehicles,Vans,638,2024,10
2024-10-01,CAN,Electric,"Total, vehicle type",61795,2024,10
2024-10-01,CAN,Electric,Passenger cars,7633,2024,10
2024-10-01,CAN,Electric,Pickup trucks,5514,2024,10
2024-10-01,CAN,Electric,Multi-purpose vehicles,48209,2024,10
2024-10-01,CAN,Electric,Vans,439,2024,10
2024-10-01,CAN,Hybrid Electric,"Total, vehicle type",19410,2024,10
2024-10-01,CAN,Hybrid Electric,Passenger cars,1764,2024,10
2024-10-01,CAN,Hybrid Electric,Pickup trucks,0,2024,10
2024-10-01,CAN,Hybrid Electric,Multi-purpose vehicles,17447,2024,10
2024-10-01,CAN,Hybrid Electric,Vans,199,2024,10
2024-10-01,CAN,Hybrid Electric,"Total, vehicle type",46815,2024,10
2024-10-01,CAN,Hybrid Electric,Passenger cars,9694,2024,10
2024-10-01,CAN,Hybrid Electric,Pickup trucks,4128,2024,10
2024-10-01,CAN,Hybrid Electric,Multi-purpose vehicles,29986,2024,10
2024-10-01,CAN,Hybrid Electric,Vans,3007,2024,10
2024-10-01,CAN,Other,"Total, vehicle type",4,2024,10
2024-10-01,CAN,Other,Passenger cars,4,2024,10
2024-10-01,CAN,Other,Pickup trucks,0,2024,10
2024-10-01,CAN,Other,Multi-purpose vehicles,0,2024,10
2024-10-01,CAN,Other,Vans,0,2024,10
2024-10-01,PEI,All fuel types,"Total, vehicle type",1889,2024,10
2024-10-01,PEI,All fuel types,Passenger cars,205,2024,10
2024-10-01,PEI,All fuel types,Pickup trucks,444,2024,10
2024-10-01,PEI,All fuel types,Multi-purpose vehicles,1178,2024,10
2024-10-01,PEI,All fuel types,Vans,62,2024,10
2024-10-01,PEI,Gas,"Total, vehicle type",1399,2024,10
2024-10-01,PEI,Gas,Passenger cars,154,2024,10
2024-10-01,PEI,Gas,Pickup trucks,286,2024,10
2024-10-01,PEI,Gas,Multi-purpose vehicles,912,2024,10
2024-10-01,PEI,Gas,Vans,47,2024,10
2024-10-01,PEI,Diesel,"Total, vehicle type",125,2024,10
2024-10-01,PEI,Diesel,Passenger cars,0,2024,10
2024-10-01,PEI,Diesel,Pickup trucks,119,2024,10
2024-10-01,PEI,Diesel,Multi-purpose vehicles,6,2024,10
2024-10-01,PEI,Diesel,Vans,0,2024,10
2024-10-01,PEI,All zero-emission vehicles,"Total, vehicle type",166,2024,10
2024-10-01,PEI,All zero-emission vehicles,Passenger cars,18,2024,10
2024-10-01,PEI,All zero-emission vehicles,Pickup trucks,18,2024,10
2024-10-01,PEI,All zero-emission vehicles,Multi-purpose vehicles,127,2024,10
2024-10-01,PEI,All zero-emission vehicles,Vans,3,2024,10
2024-10-01,PEI,Electric,"Total, vehicle type",83,2024,10
2024-10-01,PEI,Electric,Passenger cars,14,2024,10
2024-10-01,PEI,Electric,Pickup trucks,18,2024,10
2024-10-01,PEI,Electric,Multi-purpose vehicles,48,2024,10
2024-10-01,PEI,Electric,Vans,3,2024,10
2024-10-01,PEI,Hybrid Electric,"Total, vehicle type",83,2024,10
2024-10-01,PEI,Hybrid Electric,Passenger cars,4,2024,10
2024-10-01,PEI,Hybrid Electric,Pickup trucks,0,2024,10
2024-10-01,PEI,Hybrid Electric,Multi-purpose vehicles,79,2024,10
2024-10-01,PEI,Hybrid Electric,Vans,0,2024,10
2024-10-01,PEI,Hybrid Electric,"Total, vehicle type",199,2024,10
2024-10-01,PEI,Hybrid Electric,Passenger cars,33,2024,10
2024-10-01,PEI,Hybrid Electric,Pickup trucks,21,2024,10
2024-10-01,PEI,Hybrid Electric,Multi-purpose vehicles,133,2024,10
2024-10-01,PEI,Hybrid Electric,Vans,12,2024,10
2024-10-01,PEI,Other,"Total, vehicle type",0,2024,10
2024-10-01,PEI,Other,Passenger cars,0,2024,10
2024-10-01,PEI,Other,Pickup trucks,0,2024,10
2024-10-01,PEI,Other,Multi-purpose vehicles,0,2024,10
2024-10-01,PEI,Other,Vans,0,2024,10
2024-10-01,Nova Scotia,All fuel types,"Total, vehicle type",11830,2024,10
2024-10-01,Nova Scotia,All fuel types,Passenger cars,1607,2024,10
2024-10-01,Nova Scotia,All fuel types,Pickup trucks,2389,2024,10
2024-10-01,Nova Scotia,All fuel types,Multi-purpose vehicles,7386,2024,10
2024-10-01,Nova Scotia,All fuel types,Vans,448,2024,10
2024-10-01,Nova Scotia,Gas,"Total, vehicle type",9068,2024,10
2024-10-01,Nova Scotia,Gas,Passenger cars,1188,2024,10
2024-10-01,Nova Scotia,Gas,Pickup trucks,1789,2024,10
2024-10-01,Nova Scotia,Gas,Multi-purpose vehicles,5723,2024,10
2024-10-01,Nova Scotia,Gas,Vans,368,2024,10
2024-10-01,Nova Scotia,Diesel,"Total, vehicle type",444,2024,10
2024-10-01,Nova Scotia,Diesel,Passenger cars,0,2024,10
2024-10-01,Nova Scotia,Diesel,Pickup trucks,420,2024,10
2024-10-01,Nova Scotia,Diesel,Multi-purpose vehicles,14,2024,10
2024-10-01,Nova Scotia,Diesel,Vans,10,2024,10
2024-10-01,Nova Scotia,All zero-emission vehicles,"Total, vehicle type",870,2024,10
2024-10-01,Nova Scotia,All zero-emission vehicles,Passenger cars,109,2024,10
2024-10-01,Nova Scotia,All zero-emission vehicles,Pickup trucks,49,2024,10
2024-10-01,Nova Scotia,All zero-emission vehicles,Multi-purpose vehicles,700,2024,10
2024-10-01,Nova Scotia,All zero-emission vehicles,Vans,12,2024,10
2024-10-01,Nova Scotia,Electric,"Total, vehicle type",470,2024,10
2024-10-01,Nova Scotia,Electric,Passenger cars,82,2024,10
2024-10-01,Nova Scotia,Electric,Pickup trucks,49,2024,10
2024-10-01,Nova Scotia,Electric,Multi-purpose vehicles,333,2024,10
2024-10-01,Nova Scotia,Electric,Vans,6,2024,10
2024-10-01,Nova Scotia,Hybrid Electric,"Total, vehicle type",400,2024,10
2024-10-01,Nova Scotia,Hybrid Electric,Passenger cars,27,2024,10
2024-10-01,Nova Scotia,Hybrid Electric,Pickup trucks,0,2024,10
2024-10-01,Nova Scotia,Hybrid Electric,Multi-purpose vehicles,367,2024,10
2024-10-01,Nova Scotia,Hybrid Electric,Vans,6,2024,10
2024-10-01,Nova Scotia,Hybrid Electric,"Total, vehicle type",1448,2024,10
2024-10-01,Nova Scotia,Hybrid Electric,Passenger cars,310,2024,10
2024-10-01,Nova Scotia,Hybrid Electric,Pickup trucks,131,2024,10
2024-10-01,Nova Scotia,Hybrid Electric,Multi-purpose vehicles,949,2024,10
2024-10-01,Nova Scotia,Hybrid Electric,Vans,58,2024,10
2024-10-01,Nova Scotia,Other,"Total, vehicle type",0,2024,10
2024-10-01,Nova Scotia,Other,Passenger cars,0,2024,10
2024-10-01,Nova Scotia,Other,Pickup trucks,0,2024,10
2024-10-01,Nova Scotia,Other,Multi-purpose vehicles,0,2024,10
2024-10-01,Nova Scotia,Other,Vans,0,2024,10
2024-10-01,NB,All fuel types,"Total, vehicle type",9987,2024,10
2024-10-01,NB,All fuel types,Passenger cars,1070,2024,10
2024-10-01,NB,All fuel types,Pickup trucks,2354,2024,10
2024-10-01,NB,All fuel types,Multi-purpose vehicles,6234,2024,10
2024-10-01,NB,All fuel types,Vans,329,2024,10
2024-10-01,NB,Gas,"Total, vehicle type",7640,2024,10
2024-10-01,NB,Gas,Passenger cars,807,2024,10
2024-10-01,NB,Gas,Pickup trucks,1740,2024,10
2024-10-01,NB,Gas,Multi-purpose vehicles,4823,2024,10
2024-10-01,NB,Gas,Vans,270,2024,10
2024-10-01,NB,Diesel,"Total, vehicle type",472,2024,10
2024-10-01,NB,Diesel,Passenger cars,0,2024,10
2024-10-01,NB,Diesel,Pickup trucks,457,2024,10
2024-10-01,NB,Diesel,Multi-purpose vehicles,14,2024,10
2024-10-01,NB,Diesel,Vans,1,2024,10
2024-10-01,NB,All zero-emission vehicles,"Total, vehicle type",791,2024,10
2024-10-01,NB,All zero-emission vehicles,Passenger cars,62,2024,10
2024-10-01,NB,All zero-emission vehicles,Pickup trucks,45,2024,10
2024-10-01,NB,All zero-emission vehicles,Multi-purpose vehicles,668,2024,10
2024-10-01,NB,All zero-emission vehicles,Vans,16,2024,10
2024-10-01,NB,Electric,"Total, vehicle type",381,2024,10
2024-10-01,NB,Electric,Passenger cars,38,2024,10
2024-10-01,NB,Electric,Pickup trucks,45,2024,10
2024-10-01,NB,Electric,Multi-purpose vehicles,288,2024,10
2024-10-01,NB,Electric,Vans,10,2024,10
2024-10-01,NB,Hybrid Electric,"Total, vehicle type",410,2024,10
2024-10-01,NB,Hybrid Electric,Passenger cars,24,2024,10
2024-10-01,NB,Hybrid Electric,Pickup trucks,0,2024,10
2024-10-01,NB,Hybrid Electric,Multi-purpose vehicles,380,2024,10
2024-10-01,NB,Hybrid Electric,Vans,6,2024,10
2024-10-01,NB,Hybrid Electric,"Total, vehicle type",1084,2024,10
2024-10-01,NB,Hybrid Electric,Passenger cars,201,2024,10
2024-10-01,NB,Hybrid Electric,Pickup trucks,112,2024,10
2024-10-01,NB,Hybrid Electric,Multi-purpose vehicles,729,2024,10
2024-10-01,NB,Hybrid Electric,Vans,42,2024,10
2024-10-01,NB,Other,"Total, vehicle type",0,2024,10
2024-10-01,NB,Other,Passenger cars,0,2024,10
2024-10-01,NB,Other,Pickup trucks,0,2024,10
2024-10-01,NB,Other,Multi-purpose vehicles,0,2024,10
2024-10-01,NB,Other,Vans,0,2024,10
2024-10-01,QUE,All fuel types,"Total, vehicle type",123350,2024,10
2024-10-01,QUE,All fuel types,Passenger cars,16467,2024,10
2024-10-01,QUE,All fuel types,Pickup trucks,15806,2024,10
2024-10-01,QUE,All fuel types,Multi-purpose vehicles,87187,2024,10
2024-10-01,QUE,All fuel types,Vans,3890,2024,10
2024-10-01,QUE,Gas,"Total, vehicle type",63305,2024,10
2024-10-01,QUE,Gas,Passenger cars,9862,2024,10
2024-10-01,QUE,Gas,Pickup trucks,9568,2024,10
2024-10-01,QUE,Gas,Multi-purpose vehicles,41175,2024,10
2024-10-01,QUE,Gas,Vans,2700,2024,10
2024-10-01,QUE,Diesel,"Total, vehicle type",4012,2024,10
2024-10-01,QUE,Diesel,Passenger cars,0,2024,10
2024-10-01,QUE,Diesel,Pickup trucks,3578,2024,10
2024-10-01,QUE,Diesel,Multi-purpose vehicles,119,2024,10
2024-10-01,QUE,Diesel,Vans,315,2024,10
2024-10-01,QUE,All zero-emission vehicles,"Total, vehicle type",49357,2024,10
2024-10-01,QUE,All zero-emission vehicles,Passenger cars,5094,2024,10
2024-10-01,QUE,All zero-emission vehicles,Pickup trucks,1943,2024,10
2024-10-01,QUE,All zero-emission vehicles,Multi-purpose vehicles,42016,2024,10
2024-10-01,QUE,All zero-emission vehicles,Vans,304,2024,10
2024-10-01,QUE,Electric,"Total, vehicle type",39414,2024,10
2024-10-01,QUE,Electric,Passenger cars,4092,2024,10
2024-10-01,QUE,Electric,Pickup trucks,1943,2024,10
2024-10-01,QUE,Electric,Multi-purpose vehicles,33173,2024,10
2024-10-01,QUE,Electric,Vans,206,2024,10
2024-10-01,QUE,Hybrid Electric,"Total, vehicle type",9943,2024,10
2024-10-01,QUE,Hybrid Electric,Passenger cars,1002,2024,10
2024-10-01,QUE,Hybrid Electric,Pickup trucks,0,2024,10
2024-10-01,QUE,Hybrid Electric,Multi-purpose vehicles,8843,2024,10
2024-10-01,QUE,Hybrid Electric,Vans,98,2024,10
2024-10-01,QUE,Hybrid Electric,"Total, vehicle type",6676,2024,10
2024-10-01,QUE,Hybrid Electric,Passenger cars,1511,2024,10
2024-10-01,QUE,Hybrid Electric,Pickup trucks,717,2024,10
2024-10-01,QUE,Hybrid Electric,Multi-purpose vehicles,3877,2024,10
2024-10-01,QUE,Hybrid Electric,Vans,571,2024,10
2024-10-01,QUE,Other,"Total, vehicle type",0,2024,10
2024-10-01,QUE,Other,Passenger cars,0,2024,10
2024-10-01,QUE,Other,Pickup trucks,0,2024,10
2024-10-01,QUE,Other,Multi-purpose vehicles,0,2024,10
2024-10-01,QUE,Other,Vans,0,2024,10
2024-10-01,ON,All fuel types,"Total, vehicle type",163347,2024,10
2024-10-01,ON,All fuel types,Passenger cars,23821,2024,10
2024-10-01,ON,All fuel types,Pickup trucks,29261,2024,10
2024-10-01,ON,All fuel types,Multi-purpose vehicles,103011,2024,10
2024-10-01,ON,All fuel types,Vans,7254,2024,10
2024-10-01,ON,Gas,"Total, vehicle type",120458,2024,10
2024-10-01,ON,Gas,Passenger cars,16686,2024,10
2024-10-01,ON,Gas,Pickup trucks,21082,2024,10
2024-10-01,ON,Gas,Multi-purpose vehicles,77436,2024,10
2024-10-01,ON,Gas,Vans,5254,2024,10
2024-10-01,ON,Diesel,"Total, vehicle type",5526,2024,10
2024-10-01,ON,Diesel,Passenger cars,0,2024,10
2024-10-01,ON,Diesel,Pickup trucks,4701,2024,10
2024-10-01,ON,Diesel,Multi-purpose vehicles,295,2024,10
2024-10-01,ON,Diesel,Vans,530,2024,10
2024-10-01,ON,All zero-emission vehicles,"Total, vehicle type",15251,2024,10
2024-10-01,ON,All zero-emission vehicles,Passenger cars,2157,2024,10
2024-10-01,ON,All zero-emission vehicles,Pickup trucks,1914,2024,10
2024-10-01,ON,All zero-emission vehicles,Multi-purpose vehicles,11016,2024,10
2024-10-01,ON,All zero-emission vehicles,Vans,164,2024,10
2024-10-01,ON,Electric,"Total, vehicle type",11282,2024,10
2024-10-01,ON,Electric,Passenger cars,1816,2024,10
2024-10-01,ON,Electric,Pickup trucks,1914,2024,10
2024-10-01,ON,Electric,Multi-purpose vehicles,7442,2024,10
2024-10-01,ON,Electric,Vans,110,2024,10
2024-10-01,ON,Hybrid Electric,"Total, vehicle type",3969,2024,10
2024-10-01,ON,Hybrid Electric,Passenger cars,341,2024,10
2024-10-01,ON,Hybrid Electric,Pickup trucks,0,2024,10
2024-10-01,ON,Hybrid Electric,Multi-purpose vehicles,3574,2024,10
2024-10-01,ON,Hybrid Electric,Vans,54,2024,10
2024-10-01,ON,Hybrid Electric,"Total, vehicle type",22112,2024,10
2024-10-01,ON,Hybrid Electric,Passenger cars,4978,2024,10
2024-10-01,ON,Hybrid Electric,Pickup trucks,1564,2024,10
2024-10-01,ON,Hybrid Electric,Multi-purpose vehicles,14264,2024,10
2024-10-01,ON,Hybrid Electric,Vans,1306,2024,10
2024-10-01,ON,Other,"Total, vehicle type",0,2024,10
2024-10-01,ON,Other,Passenger cars,0,2024,10
2024-10-01,ON,Other,Pickup trucks,0,2024,10
2024-10-01,ON,Other,Multi-purpose vehicles,0,2024,10
2024-10-01,ON,Other,Vans,0,2024,10
2024-10-01,MB,All fuel types,"Total, vehicle type",13152,2024,10
2024-10-01,MB,All fuel types,Passenger cars,1077,2024,10
2024-10-01,MB,All fuel types,Pickup trucks,3305,2024,10
2024-10-01,MB,All fuel types,Multi-purpose vehicles,8266,2024,10
2024-10-01,MB,All fuel types,Vans,504,2024,10
2024-10-01,MB,Gas,"Total, vehicle type",10278,2024,10
2024-10-01,MB,Gas,Passenger cars,741,2024,10
2024-10-01,MB,Gas,Pickup trucks,2657,2024,10
2024-10-01,MB,Gas,Multi-purpose vehicles,6481,2024,10
2024-10-01,MB,Gas,Vans,399,2024,10
2024-10-01,MB,Diesel,"Total, vehicle type",524,2024,10
2024-10-01,MB,Diesel,Passenger cars,0,2024,10
2024-10-01,MB,Diesel,Pickup trucks,489,2024,10
2024-10-01,MB,Diesel,Multi-purpose vehicles,27,2024,10
2024-10-01,MB,Diesel,Vans,8,2024,10
2024-10-01,MB,All zero-emission vehicles,"Total, vehicle type",889,2024,10
2024-10-01,MB,All zero-emission vehicles,Passenger cars,70,2024,10
2024-10-01,MB,All zero-emission vehicles,Pickup trucks,64,2024,10
2024-10-01,MB,All zero-emission vehicles,Multi-purpose vehicles,744,2024,10
2024-10-01,MB,All zero-emission vehicles,Vans,11,2024,10
2024-10-01,MB,Electric,"Total, vehicle type",504,2024,10
2024-10-01,MB,Electric,Passenger cars,58,2024,10
2024-10-01,MB,Electric,Pickup trucks,64,2024,10
2024-10-01,MB,Electric,Multi-purpose vehicles,377,2024,10
2024-10-01,MB,Electric,Vans,5,2024,10
2024-10-01,MB,Hybrid Electric,"Total, vehicle type",385,2024,10
2024-10-01,MB,Hybrid Electric,Passenger cars,12,2024,10
2024-10-01,MB,Hybrid Electric,Pickup trucks,0,2024,10
2024-10-01,MB,Hybrid Electric,Multi-purpose vehicles,367,2024,10
2024-10-01,MB,Hybrid Electric,Vans,6,2024,10
2024-10-01,MB,Hybrid Electric,"Total, vehicle type",1461,2024,10
2024-10-01,MB,Hybrid Electric,Passenger cars,266,2024,10
2024-10-01,MB,Hybrid Electric,Pickup trucks,95,2024,10
2024-10-01,MB,Hybrid Electric,Multi-purpose vehicles,1014,2024,10
2024-10-01,MB,Hybrid Electric,Vans,86,2024,10
2024-10-01,MB,Other,"Total, vehicle type",0,2024,10
2024-10-01,MB,Other,Passenger cars,0,2024,10
2024-10-01,MB,Other,Pickup trucks,0,2024,10
2024-10-01,MB,Other,Multi-purpose vehicles,0,2024,10
2024-10-01,MB,Other,Vans,0,2024,10
2024-10-01,SAS,All fuel types,"Total, vehicle type",12222,2024,10
2024-10-01,SAS,All fuel types,Passenger cars,566,2024,10
2024-10-01,SAS,All fuel types,Pickup trucks,4366,2024,10
2024-10-01,SAS,All fuel types,Multi-purpose vehicles,6917,2024,10
2024-10-01,SAS,All fuel types,Vans,373,2024,10
2024-10-01,SAS,Gas,"Total, vehicle type",9774,2024,10
2024-10-01,SAS,Gas,Passenger cars,421,2024,10
2024-10-01,SAS,Gas,Pickup trucks,3199,2024,10
2024-10-01,SAS,Gas,Multi-purpose vehicles,5851,2024,10
2024-10-01,SAS,Gas,Vans,303,2024,10
2024-10-01,SAS,Diesel,"Total, vehicle type",1120,2024,10
2024-10-01,SAS,Diesel,Passenger cars,0,2024,10
2024-10-01,SAS,Diesel,Pickup trucks,1022,2024,10
2024-10-01,SAS,Diesel,Multi-purpose vehicles,90,2024,10
2024-10-01,SAS,Diesel,Vans,8,2024,10
2024-10-01,SAS,All zero-emission vehicles,"Total, vehicle type",379,2024,10
2024-10-01,SAS,All zero-emission vehicles,Passenger cars,35,2024,10
2024-10-01,SAS,All zero-emission vehicles,Pickup trucks,37,2024,10
2024-10-01,SAS,All zero-emission vehicles,Multi-purpose vehicles,301,2024,10
2024-10-01,SAS,All zero-emission vehicles,Vans,6,2024,10
2024-10-01,SAS,Electric,"Total, vehicle type",199,2024,10
2024-10-01,SAS,Electric,Passenger cars,29,2024,10
2024-10-01,SAS,Electric,Pickup trucks,37,2024,10
2024-10-01,SAS,Electric,Multi-purpose vehicles,129,2024,10
2024-10-01,SAS,Electric,Vans,4,2024,10
2024-10-01,SAS,Hybrid Electric,"Total, vehicle type",180,2024,10
2024-10-01,SAS,Hybrid Electric,Passenger cars,6,2024,10
2024-10-01,SAS,Hybrid Electric,Pickup trucks,0,2024,10
2024-10-01,SAS,Hybrid Electric,Multi-purpose vehicles,172,2024,10
2024-10-01,SAS,Hybrid Electric,Vans,2,2024,10
2024-10-01,SAS,Hybrid Electric,"Total, vehicle type",949,2024,10
2024-10-01,SAS,Hybrid Electric,Passenger cars,110,2024,10
2024-10-01,SAS,Hybrid Electric,Pickup trucks,108,2024,10
2024-10-01,SAS,Hybrid Electric,Multi-purpose vehicles,675,2024,10
2024-10-01,SAS,Hybrid Electric,Vans,56,2024,10
2024-10-01,SAS,Other,"Total, vehicle type",0,2024,10
2024-10-01,SAS,Other,Passenger cars,0,2024,10
2024-10-01,SAS,Other,Pickup trucks,0,2024,10
2024-10-01,SAS,Other,Multi-purpose vehicles,0,2024,10
2024-10-01,SAS,Other,Vans,0,2024,10
2024-10-01,BC,All fuel types,"Total, vehicle type",50905,2024,10
2024-10-01,BC,All fuel types,Passenger cars,7095,2024,10
2024-10-01,BC,All fuel types,Pickup trucks,10539,2024,10
2024-10-01,BC,All fuel types,Multi-purpose vehicles,30939,2024,10
2024-10-01,BC,All fuel types,Vans,2332,2024,10
2024-10-01,BC,Gas,"Total, vehicle type",30661,2024,10
2024-10-01,BC,Gas,Passenger cars,3970,2024,10
2024-10-01,BC,Gas,Pickup trucks,6504,2024,10
2024-10-01,BC,Gas,Multi-purpose vehicles,18734,2024,10
2024-10-01,BC,Gas,Vans,1453,2024,10
2024-10-01,BC,Diesel,"Total, vehicle type",2615,2024,10
2024-10-01,BC,Diesel,Passenger cars,0,2024,10
2024-10-01,BC,Diesel,Pickup trucks,2212,2024,10
2024-10-01,BC,Diesel,Multi-purpose vehicles,150,2024,10
2024-10-01,BC,Diesel,Vans,253,2024,10
2024-10-01,BC,All zero-emission vehicles,"Total, vehicle type",10651,2024,10
2024-10-01,BC,All zero-emission vehicles,Passenger cars,1566,2024,10
2024-10-01,BC,All zero-emission vehicles,Pickup trucks,1108,2024,10
2024-10-01,BC,All zero-emission vehicles,Multi-purpose vehicles,7879,2024,10
2024-10-01,BC,All zero-emission vehicles,Vans,98,2024,10
2024-10-01,BC,Electric,"Total, vehicle type",7738,2024,10
2024-10-01,BC,Electric,Passenger cars,1284,2024,10
2024-10-01,BC,Electric,Pickup trucks,1108,2024,10
2024-10-01,BC,Electric,Multi-purpose vehicles,5266,2024,10
2024-10-01,BC,Electric,Vans,80,2024,10
2024-10-01,BC,Hybrid Electric,"Total, vehicle type",2913,2024,10
2024-10-01,BC,Hybrid Electric,Passenger cars,282,2024,10
2024-10-01,BC,Hybrid Electric,Pickup trucks,0,2024,10
2024-10-01,BC,Hybrid Electric,Multi-purpose vehicles,2613,2024,10
2024-10-01,BC,Hybrid Electric,Vans,18,2024,10
2024-10-01,BC,Hybrid Electric,"Total, vehicle type",6974,2024,10
2024-10-01,BC,Hybrid Electric,Passenger cars,1555,2024,10
2024-10-01,BC,Hybrid Electric,Pickup trucks,715,2024,10
2024-10-01,BC,Hybrid Electric,Multi-purpose vehicles,4176,2024,10
2024-10-01,BC,Hybrid Electric,Vans,528,2024,10
2024-10-01,BC,Other,"Total, vehicle type",4,2024,10
2024-10-01,BC,Other,Passenger cars,4,2024,10
2024-10-01,BC,Other,Pickup trucks,0,2024,10
2024-10-01,BC,Other,Multi-purpose vehicles,0,2024,10
2024-10-01,BC,Other,Vans,0,2024,10
